"periodo","p1","p2","p3_1","p3_2","p3_3","p3_4","p3_5","p5","p7","p7_3","p24","p25","edad","sexo"
"0219",1,2,2,2,2,2,2,0,0,0,0,0,52,2
"0219",1,2,2,2,2,2,2,0,0,0,0,0,75,1
"0219",1,2,2,2,1,2,2,0,0,0,0,0,67,1
"0219",1,2,2,2,2,2,2,0,0,0,0,0,65,2
"0219",1,2,2,2,2,2,2,0,0,0,0,0,66,1
"0219",1,1,2,1,1,2,1,0,0,0,5,3,39,1
"0219",1,1,1,2,2,2,1,4,2,0,2,3,47,2
"0219",1,1,2,2,1,2,2,0,0,0,0,0,42,1
"0219",1,2,2,2,2,2,2,0,0,0,0,0,67,1
"0219",1,1,2,2,1,2,2,0,0,0,0,0,45,1
"0219",1,2,2,2,2,2,2,0,0,0,0,0,51,1
"0219",1,1,1,2,2,2,1,4,2,0,1,4,50,2
"0219",1,1,1,2,2,2,1,4,3,260,2,4,29,1
"0219",1,2,2,2,2,2,2,0,0,0,0,0,62,2
"0219",1,1,1,2,2,2,2,4,3,240,0,0,63,2
"0219",1,1,1,2,2,2,2,4,2,0,0,0,73,2
"0219",1,2,2,2,2,2,2,0,0,0,0,0,56,2
"0219",1,2,2,2,2,2,2,0,0,0,0,0,24,1
"0219",1,1,1,2,2,2,2,5,3,210,0,0,47,2
"0219",1,2,2,2,2,2,2,0,0,0,0,0,41,2
"0219",1,2,2,2,1,2,1,0,0,0,5,4,28,1
"0219",1,2,2,2,2,2,2,0,0,0,0,0,56,1
"0219",1,2,2,2,2,2,2,0,0,0,0,0,31,1
"0219",1,2,2,2,2,2,2,0,0,0,0,0,37,2
"0219",1,1,1,2,1,2,1,4,3,120,2,4,43,1
"0219",1,1,1,2,2,2,1,1,1,0,2,1,52,2
"0219",1,2,2,2,1,2,1,0,0,0,5,4,19,1
"0219",1,2,2,2,2,2,1,0,0,0,5,4,21,2
"0219",1,2,2,2,1,2,2,0,0,0,0,0,25,1
"0219",1,2,2,2,2,2,2,0,0,0,0,0,50,2
"0219",1,1,1,2,2,2,1,4,2,0,2,4,25,2
"0219",1,1,1,2,2,2,1,2,3,280,2,2,20,2
"0219",1,1,1,2,2,2,1,4,2,0,5,4,62,1
"0219",1,2,2,2,2,2,2,0,0,0,0,0,18,1
"0219",1,2,2,2,2,2,2,0,0,0,0,0,43,1
"0219",1,2,2,2,2,2,1,0,0,0,5,4,35,2
"0219",1,2,2,2,2,2,2,0,0,0,0,0,40,2
"0219",1,2,2,2,2,2,1,0,0,0,2,4,38,2
"0219",1,2,2,2,2,2,2,0,0,0,0,0,47,1
"0219",1,1,1,2,2,2,1,2,2,0,2,2,21,1
"0219",1,2,2,2,2,2,1,0,0,0,5,4,37,1
"0219",1,1,2,2,1,2,2,0,0,0,0,0,34,1
"0219",1,2,2,2,2,2,1,0,0,0,5,4,43,1
"0219",1,1,1,1,1,2,1,3,3,1500,2,3,50,2
"0219",1,1,1,1,1,2,1,3,3,500,2,1,57,1
"0219",1,1,1,1,1,2,1,3,3,700,2,3,78,1
"0219",1,1,1,2,2,2,1,5,2,0,2,4,41,2
"0219",1,2,1,2,2,2,1,4,2,0,2,3,24,1
"0219",1,2,2,2,2,2,2,0,0,0,0,0,33,1
"0219",1,1,1,1,2,1,1,4,3,500,2,3,43,2
"0219",1,2,2,1,2,2,1,0,0,0,2,4,36,2
"0219",1,1,1,1,1,2,1,2,3,700,2,4,35,1
"0219",1,1,2,2,2,2,1,0,0,0,5,4,25,2
"0219",1,2,2,2,2,2,1,0,0,0,2,4,45,2
"0219",1,2,2,2,1,2,1,0,0,0,1,4,46,1
"0219",1,1,2,2,1,2,1,0,0,0,2,4,56,1
"0219",1,1,1,2,1,2,1,4,3,750,3,3,60,2
"0219",1,1,2,1,2,2,2,0,0,0,0,0,65,2
"0219",1,2,2,2,2,2,2,0,0,0,0,0,47,2
"0219",1,1,2,2,2,2,1,0,0,0,1,1,36,2
"0219",1,2,2,2,2,2,2,0,0,0,0,0,55,1
"0219",1,2,2,1,2,2,1,0,0,0,2,4,57,2
"0219",1,1,1,2,2,2,2,3,3,200,0,0,73,1
"0219",1,1,1,2,1,2,1,4,3,900,2,4,41,1
"0219",1,1,1,1,1,2,1,3,3,800,2,3,36,2
"0219",1,1,2,1,1,2,2,0,0,0,0,0,58,1
"0219",1,2,2,2,2,2,2,0,0,0,0,0,28,2
"0219",1,2,2,2,2,2,2,0,0,0,0,0,77,1
"0219",1,2,2,2,2,2,2,0,0,0,0,0,37,1
"0219",1,2,2,2,2,2,2,0,0,0,0,0,35,1
"0219",1,1,1,2,2,2,2,5,1,0,0,0,25,2
"0219",1,2,2,2,2,2,2,0,0,0,0,0,38,2
"0219",1,1,1,2,2,2,1,6,2,0,1,3,43,1
"0219",1,1,1,1,2,2,1,4,1,0,1,3,65,2
"0219",1,2,2,2,2,2,2,0,0,0,0,0,73,2
"0219",1,1,2,1,2,2,1,0,0,0,1,4,40,2
"0219",1,1,2,2,1,2,2,0,0,0,0,0,55,2
"0219",1,1,1,1,2,2,1,1,1,0,1,1,39,1
"0219",1,1,1,2,2,2,2,6,2,0,0,0,42,2
"0219",1,1,1,2,2,2,2,3,3,350,0,0,55,1
"0219",1,1,1,1,2,2,2,3,2,0,0,0,43,2
"0219",1,1,2,1,2,2,2,0,0,0,0,0,45,1
"0219",1,1,1,2,2,2,1,1,1,0,2,3,46,2
"0219",1,2,2,2,2,2,2,0,0,0,0,0,64,2
"0219",1,1,1,2,1,2,1,4,3,150,1,4,40,2
"0219",1,1,2,2,1,2,2,0,0,0,0,0,53,1
"0219",1,2,2,1,2,2,1,0,0,0,1,3,26,1
"0219",1,1,2,1,2,2,1,0,0,0,2,1,45,1
"0219",1,1,1,2,2,2,2,4,3,600,0,0,52,2
"0219",1,1,1,1,1,2,1,2,3,3000,1,2,41,2
"0219",1,1,2,2,2,2,1,0,0,0,1,1,31,1
"0219",1,1,1,1,2,2,2,3,3,200,0,0,72,2
"0219",1,1,1,2,2,2,1,1,2,0,2,4,48,2
"0219",1,1,1,2,2,2,2,3,2,0,0,0,57,2
"0219",1,1,2,1,2,2,2,0,0,0,0,0,71,2
"0219",1,1,2,1,2,2,1,0,0,0,1,3,53,2
"0219",1,1,2,1,2,2,1,0,0,0,2,4,32,2
"0219",1,1,1,2,2,2,1,2,1,0,1,2,23,2
"0219",1,2,2,2,2,2,2,0,0,0,0,0,50,1
"0219",1,1,1,2,1,2,1,4,3,1100,2,4,47,2
"0219",1,2,2,2,2,2,1,0,0,0,1,4,29,1
"0219",1,1,1,1,2,2,2,3,2,0,0,0,29,1
"0219",1,1,2,1,2,2,1,0,0,0,1,3,36,2
"0219",1,1,2,2,2,2,1,0,0,0,1,1,28,2
"0219",1,2,1,2,2,2,1,2,3,450,2,3,19,2
"0219",1,2,2,2,2,2,2,0,0,0,0,0,77,2
"0219",1,1,2,1,2,2,1,0,0,0,1,3,39,2
"0219",1,1,1,1,2,2,2,1,2,0,0,0,31,2
"0219",1,1,1,1,2,2,1,4,3,800,2,1,48,1
"0219",1,1,1,2,2,2,2,4,3,1500,0,0,44,1
"0219",1,1,2,2,1,2,1,0,0,0,1,4,54,1
"0219",1,2,1,2,1,2,2,3,2,0,0,0,57,1
"0219",1,1,1,2,1,2,2,5,3,200,0,0,73,2
"0219",1,1,1,1,1,2,2,4,3,1000,0,0,57,2
"0219",1,2,2,2,1,2,2,0,0,0,0,0,39,1
"0219",1,1,1,2,1,2,2,4,2,0,0,0,70,1
"0219",1,1,2,2,1,2,2,0,0,0,0,0,60,1
"0219",1,1,2,1,1,2,1,0,0,0,1,3,60,1
"0219",1,2,2,2,2,2,2,0,0,0,0,0,75,2
"0219",2,0,0,0,0,0,0,0,0,0,0,0,72,1
"0219",1,1,2,2,2,2,2,0,0,0,0,0,27,1
"0219",1,1,1,2,2,2,2,1,2,0,0,0,36,2
"0219",1,1,2,2,1,2,2,0,0,0,0,0,63,1
"0219",1,1,2,2,1,2,1,0,0,0,5,3,56,2
"0219",1,2,2,2,1,2,1,0,0,0,1,4,19,1
"0219",1,1,1,2,2,2,1,1,3,1800,2,4,24,2
"0219",1,1,2,2,1,2,2,0,0,0,0,0,74,1
"0219",1,1,1,2,1,2,1,3,2,0,5,4,60,1
"0219",1,1,1,1,1,2,2,4,3,850,0,0,46,2
"0219",1,1,1,2,2,1,1,4,2,0,2,4,24,2
"0219",1,1,1,2,1,2,1,4,3,1500,1,1,36,1
"0219",1,1,1,2,2,2,1,4,2,0,2,3,33,2
"0219",1,2,2,2,1,2,1,0,0,0,1,4,32,1
"0219",1,2,2,2,1,2,1,0,0,0,5,4,44,1
"0219",1,1,1,2,1,2,2,5,2,0,0,0,64,1
"0219",1,1,2,2,1,2,1,0,0,0,2,3,23,1
"0219",1,2,2,2,1,2,2,0,0,0,0,0,30,1
"0219",1,1,1,2,1,2,2,5,3,75,0,0,80,2
"0219",1,1,1,2,1,2,1,4,3,1500,1,4,69,1
"0219",1,1,2,2,1,2,2,0,0,0,0,0,69,1
"0219",1,1,2,2,1,2,1,0,0,0,2,3,36,1
"0219",1,1,2,1,2,2,1,0,0,0,2,3,43,2
"0219",1,1,2,2,1,2,1,0,0,0,4,1,43,1
"0219",1,2,2,2,2,2,2,0,0,0,0,0,63,2
"0219",1,1,1,2,2,2,2,5,2,0,0,0,55,2
"0219",1,1,1,2,2,1,1,4,3,1200,2,3,26,2
"0219",1,1,1,1,1,2,2,4,2,0,0,0,43,1
"0219",1,1,1,2,2,2,1,5,2,0,1,3,49,2
"0219",1,1,2,1,2,2,1,0,0,0,1,3,39,1
"0219",1,2,2,2,2,2,2,0,0,0,0,0,42,1
"0219",1,1,1,2,2,1,1,4,1,0,3,3,32,2
"0219",1,2,2,2,1,2,2,0,0,0,0,0,43,1
"0219",1,2,2,2,2,2,2,0,0,0,0,0,68,1
"0219",1,1,1,1,1,2,1,3,3,1000,2,3,48,1
"0219",1,2,2,2,2,2,2,0,0,0,0,0,39,2
"0219",1,1,2,2,1,2,2,0,0,0,0,0,65,1
"0219",1,2,2,2,2,2,2,0,0,0,0,0,63,1
"0219",1,1,1,1,1,2,2,4,2,0,0,0,39,2
"0219",1,1,1,2,2,2,1,4,2,0,5,3,20,2
"0219",1,1,2,1,1,2,2,0,0,0,0,0,39,2
"0219",1,1,2,1,1,2,1,0,0,0,1,3,56,1
"0219",1,1,1,1,1,2,2,1,1,0,0,0,63,2
"0219",1,1,2,1,1,2,2,0,0,0,0,0,69,2
"0219",1,2,2,2,2,2,1,0,0,0,2,4,39,2
"0219",1,1,1,1,1,2,1,5,2,0,5,4,60,2
"0219",1,1,2,2,2,2,2,0,0,0,0,0,52,2
"0219",1,1,2,1,2,2,1,0,0,0,5,3,25,2
"0219",1,1,1,2,2,2,1,3,2,0,1,3,49,1
"0219",1,1,1,1,1,2,2,5,2,0,0,0,61,1
"0219",1,1,2,1,1,2,2,0,0,0,0,0,36,1
"0219",1,1,1,2,1,2,2,4,2,0,0,0,65,2
"0219",1,2,2,2,1,2,2,0,0,0,0,0,49,2
"0219",1,2,2,1,2,2,1,0,0,0,5,3,33,2
"0219",1,1,1,2,1,2,2,4,3,200,0,0,67,2
"0219",1,2,2,2,2,2,1,0,0,0,5,4,44,2
"0219",1,1,1,1,1,2,1,3,2,0,2,4,21,2
"0219",1,1,2,2,2,2,1,0,0,0,1,3,46,2
"0219",1,1,2,1,2,1,1,0,0,0,1,4,28,1
"0219",1,1,1,1,1,1,1,4,2,0,1,4,23,2
"0219",1,2,2,2,2,2,2,0,0,0,0,0,45,2
"0219",1,1,2,1,1,2,2,0,0,0,0,0,55,1
"0219",1,2,2,2,2,2,2,0,0,0,0,0,40,1
"0219",1,1,1,2,2,2,1,3,3,1000,1,2,23,1
"0219",1,1,1,2,2,2,2,1,1,0,0,0,27,1
"0219",2,0,0,0,0,0,0,0,0,0,0,0,82,2
"0219",1,1,2,1,2,2,2,0,0,0,0,0,32,2
"0219",1,1,1,2,2,2,2,2,1,0,0,0,22,1
"0219",1,2,2,1,2,2,2,0,0,0,0,0,18,2
"0219",1,1,1,2,2,2,2,3,3,1100,0,0,55,1
"0219",1,2,2,2,2,2,2,0,0,0,0,0,23,2
"0219",1,2,2,2,2,2,2,0,0,0,0,0,70,2
"0219",1,1,2,1,2,2,2,0,0,0,0,0,67,1
"0219",1,1,1,2,2,2,2,4,2,0,0,0,68,1
"0219",1,1,1,1,2,2,1,3,1,0,2,4,54,1
"0219",1,1,1,2,2,2,2,5,2,0,0,0,69,2
"0219",1,2,2,2,2,2,2,0,0,0,0,0,86,1
"0219",1,1,1,1,2,2,2,1,1,0,0,0,52,1
"0219",1,1,2,2,2,2,2,0,0,0,0,0,39,1
"0219",1,1,1,2,2,2,2,4,2,0,0,0,58,1
"0219",1,2,2,2,2,2,2,0,0,0,0,0,80,2
"0219",1,1,2,2,1,2,2,0,0,0,0,0,39,1
"0219",1,1,1,2,2,2,2,4,2,0,0,0,49,2
"0219",1,1,2,1,2,2,2,0,0,0,0,0,19,2
"0219",1,2,2,2,2,2,2,0,0,0,0,0,44,1
"0219",1,1,1,2,1,2,1,4,1,0,2,1,29,1
"0219",1,1,2,2,1,2,2,0,0,0,0,0,23,1
"0219",1,1,1,1,1,2,1,3,3,500,2,1,49,1
"0219",1,1,2,2,1,2,2,0,0,0,0,0,68,1
"0219",1,1,1,1,1,2,2,4,2,0,0,0,74,1
"0219",1,2,2,2,2,2,2,0,0,0,0,0,68,2
"0219",1,2,2,2,2,2,2,0,0,0,0,0,20,1
"0219",1,2,2,2,1,2,2,0,0,0,0,0,28,2
"0219",1,2,2,2,2,2,2,0,0,0,0,0,66,2
"0219",1,1,2,2,1,2,2,0,0,0,0,0,41,1
"0219",1,1,1,2,2,2,2,5,2,0,0,0,65,2
"0219",1,1,2,1,1,2,2,0,0,0,0,0,43,1
"0219",1,1,2,1,2,2,2,0,0,0,0,0,60,1
"0219",1,1,2,2,1,2,2,0,0,0,0,0,47,1
"0219",1,1,1,2,2,1,1,2,1,0,2,3,19,1
"0219",1,1,2,1,1,2,2,0,0,0,0,0,35,2
"0219",1,1,1,1,1,2,2,4,2,0,0,0,44,2
"0219",1,1,1,1,1,2,1,5,3,1500,1,3,60,2
"0219",1,1,1,2,2,2,1,4,3,230,2,3,19,2
"0219",1,1,1,1,2,2,2,5,2,0,0,0,59,2
"0219",1,1,1,2,2,2,1,3,1,0,1,1,20,2
"0219",1,1,1,1,1,2,2,3,3,600,0,0,78,1
"0219",1,1,1,2,2,2,1,4,2,0,3,3,25,2
"0219",1,2,2,2,2,2,2,0,0,0,0,0,19,2
"0219",1,2,2,2,2,2,2,0,0,0,0,0,33,2
"0219",1,1,1,1,2,2,1,3,3,250,2,4,41,2
"0219",1,1,2,1,2,2,2,0,0,0,0,0,59,2
"0219",1,1,2,2,2,2,2,0,0,0,0,0,28,2
"0219",1,2,2,2,1,2,1,0,0,0,2,3,58,2
"0219",1,1,1,1,2,2,1,1,1,0,1,1,59,2
"0219",1,1,1,1,1,1,1,4,3,1500,1,3,59,1
"0219",1,1,1,2,2,2,2,3,2,0,0,0,28,2
"0219",1,1,1,2,2,2,1,4,3,200,1,4,58,1
"0219",1,1,2,2,2,2,1,0,0,0,2,1,47,1
"0219",2,0,0,0,0,0,0,0,0,0,0,0,62,1
"0219",1,1,1,1,2,2,1,1,2,0,2,3,24,2
"0219",1,1,1,1,2,1,2,3,2,0,0,0,25,2
"0219",1,2,2,2,2,2,1,0,0,0,5,3,28,2
"0219",1,1,1,1,2,1,2,2,2,0,0,0,29,2
"0219",1,1,1,1,2,2,2,3,2,0,0,0,37,1
"0219",1,2,2,2,2,2,1,0,0,0,2,3,33,1
"0219",1,1,2,2,2,2,1,0,0,0,3,3,41,2
"0219",1,1,2,1,2,2,1,0,0,0,3,3,42,2
"0219",2,0,0,0,0,0,0,0,0,0,0,0,63,2
"0219",1,2,2,1,2,2,1,0,0,0,5,4,29,2
"0219",1,2,2,2,1,2,1,0,0,0,5,4,39,1
"0219",1,1,1,1,2,2,1,1,1,0,2,3,51,1
"0219",1,2,1,2,2,1,1,3,2,0,2,3,23,2
"0219",1,1,1,2,2,2,1,3,2,0,1,3,31,1
"0219",1,1,1,2,2,2,2,3,3,150,0,0,54,1
"0219",1,1,1,1,2,2,1,4,3,300,1,2,19,1
"0219",1,2,2,1,2,2,2,0,0,0,0,0,26,2
"0219",1,2,2,1,1,2,2,0,0,0,0,0,24,2
"0219",1,2,2,2,1,2,2,0,0,0,0,0,33,1
"0219",1,1,1,1,1,2,2,4,2,0,0,0,55,2
"0219",1,1,1,1,2,1,1,4,3,400,1,4,31,2
"0219",1,1,1,2,1,2,1,4,3,200,5,4,37,1
"0219",1,1,1,2,1,2,2,4,3,1000,0,0,24,1
"0219",1,2,1,1,2,2,1,4,2,0,2,4,31,2
"0219",1,1,1,1,2,2,1,2,1,0,2,2,25,1
"0219",1,2,2,2,1,2,1,0,0,0,2,1,28,1
"0219",1,1,1,1,2,2,1,2,3,1500,1,4,24,2
"0219",1,2,2,2,2,2,2,0,0,0,0,0,36,2
"0219",1,2,2,2,2,2,2,0,0,0,0,0,26,1
"0219",1,1,1,2,2,2,1,4,3,900,2,3,21,1
"0219",1,2,2,2,1,2,2,0,0,0,0,0,47,1
"0219",1,2,2,2,2,2,2,0,0,0,0,0,59,1
"0219",1,1,1,2,1,2,2,4,2,0,0,0,45,2
"0219",1,1,1,1,1,2,2,1,1,0,0,0,42,2
"0219",1,1,2,2,1,2,2,0,0,0,0,0,58,1
"0219",1,1,1,2,2,2,2,4,2,0,0,0,77,2
"0219",1,1,1,2,2,2,2,4,1,0,0,0,33,1
"0219",1,1,1,2,1,2,1,4,3,80,2,4,23,2
"0219",1,1,1,1,2,2,2,3,2,0,0,0,75,1
"0219",1,1,2,2,1,2,2,0,0,0,0,0,32,1
"0219",1,2,1,2,2,2,2,4,2,0,0,0,49,2
"0219",1,1,1,2,2,2,1,4,2,0,1,4,40,1
"0219",1,1,2,2,1,2,1,0,0,0,1,4,23,2
"0219",1,2,1,2,2,2,2,3,2,0,0,0,44,2
"0219",1,2,2,2,2,2,2,0,0,0,0,0,51,2
"0219",1,1,1,2,2,1,1,4,3,100,4,3,29,1
"0219",1,2,2,2,1,2,2,0,0,0,0,0,24,1
"0219",1,1,2,1,2,2,2,0,0,0,0,0,64,2
"0219",1,1,1,2,2,2,1,2,1,0,2,2,25,1
"0219",1,2,2,2,2,2,2,0,0,0,0,0,48,2
"0219",1,2,2,2,2,2,2,0,0,0,0,0,72,1
"0219",1,2,2,2,1,2,1,0,0,0,2,3,33,1
"0219",1,2,2,1,1,2,1,0,0,0,2,3,42,1
"0219",1,1,1,1,1,2,2,4,2,0,0,0,32,2
"0219",1,2,2,1,1,2,2,0,0,0,0,0,46,2
"0219",1,2,2,2,1,2,2,0,0,0,0,0,46,1
"0219",1,1,2,1,2,2,2,0,0,0,0,0,66,2
"0219",1,1,1,2,1,2,2,3,3,1200,0,0,53,1
"0219",1,2,2,2,2,2,2,0,0,0,0,0,81,2
"0219",1,1,2,2,1,2,2,0,0,0,0,0,70,1
"0219",1,1,1,2,2,2,1,2,3,1200,2,2,42,1
"0219",1,2,2,2,2,2,2,0,0,0,0,0,55,2
"0219",1,1,2,2,2,2,2,0,0,0,0,0,58,2
"0219",1,1,1,2,2,2,2,4,3,1000,0,0,45,2
"0219",1,1,1,1,1,2,1,3,3,1200,5,4,40,2
"0219",1,1,1,1,1,2,1,4,2,0,1,1,49,1
"0219",1,1,1,1,2,2,1,3,1,0,1,3,46,2
"0219",1,2,2,1,1,2,2,0,0,0,0,0,63,1
"0219",1,1,1,2,1,2,1,4,3,900,1,4,41,2
"0219",1,2,2,1,2,2,2,0,0,0,0,0,56,2
"0219",1,1,1,1,1,2,1,3,3,280,1,1,29,2
"0219",1,1,2,1,1,2,1,0,0,0,1,4,38,1
"0219",1,1,1,1,1,2,2,2,3,380,0,0,25,1
"0219",1,2,2,2,2,2,2,0,0,0,0,0,64,1
"0219",1,2,2,1,2,2,2,0,0,0,0,0,64,2
"0219",1,1,2,2,1,2,2,0,0,0,0,0,48,1
"0219",1,1,1,1,1,2,2,1,3,1500,0,0,43,2
"0219",1,1,1,1,1,2,1,4,2,0,1,3,35,1
"0219",1,1,1,1,1,2,1,3,3,300,1,4,24,1
"0219",1,2,2,2,2,2,2,0,0,0,0,0,71,2
"0219",1,2,2,1,1,2,1,0,0,0,1,4,33,1
"0219",1,1,1,1,2,2,1,4,2,0,2,4,27,1
"0219",1,2,2,1,2,2,1,0,0,0,1,4,46,1
"0219",1,1,1,2,1,2,2,4,2,0,0,0,95,1
"0219",1,1,1,1,2,2,1,3,2,0,1,4,44,2
"0219",1,1,2,1,2,2,1,0,0,0,2,4,25,2
"0219",1,1,2,1,2,2,1,0,0,0,2,4,24,2
"0219",1,1,2,2,2,2,1,0,0,0,1,4,22,2
"0219",1,1,2,2,1,2,2,0,0,0,0,0,29,1
"0219",1,2,2,1,2,2,2,0,0,0,0,0,35,2
"0219",1,2,2,2,1,2,2,0,0,0,0,0,32,1
"0219",2,0,0,0,0,0,0,0,0,0,0,0,34,2
"0219",1,2,2,2,2,2,2,0,0,0,0,0,57,2
"0219",1,1,2,1,1,2,1,0,0,0,3,4,29,1
"0219",1,2,2,2,2,2,2,0,0,0,0,0,54,2
"0219",1,2,2,2,1,2,2,0,0,0,0,0,37,1
"0219",1,2,2,1,1,2,2,0,0,0,0,0,63,2
"0219",1,1,1,1,2,2,2,3,3,500,0,0,49,1
"0219",1,1,2,2,1,2,1,0,0,0,1,4,28,1
"0219",1,1,1,1,1,2,1,1,3,6000,2,1,53,1
"0219",1,2,2,2,1,2,2,0,0,0,0,0,40,2
"0219",1,2,2,1,2,2,2,0,0,0,0,0,44,2
"0219",1,1,2,2,1,2,1,0,0,0,1,4,35,2
"0219",1,1,2,1,2,2,1,0,0,0,1,2,21,2
"0219",1,1,1,1,1,2,1,1,1,0,1,1,41,1
"0219",1,2,2,2,2,2,2,0,0,0,0,0,74,2
"0219",1,2,2,2,2,2,2,0,0,0,0,0,41,1
"0219",1,1,2,2,2,2,2,0,0,0,0,0,77,2
"0219",1,1,1,1,1,2,1,4,3,1000,1,4,60,2
"0219",1,1,1,1,1,2,1,2,3,2500,1,3,43,2
"0219",1,2,2,2,2,2,2,0,0,0,0,0,21,2
"0219",1,2,2,2,1,2,2,0,0,0,0,0,38,1
"0219",1,1,1,1,1,2,1,3,3,2400,2,1,60,1
"0219",1,2,2,2,1,2,1,0,0,0,5,3,50,2
"0219",1,1,1,2,2,2,1,1,1,0,1,1,46,2
"0219",1,2,2,2,2,2,2,0,0,0,0,0,27,2
"0219",1,1,1,2,1,2,2,4,2,0,0,0,73,2
"0219",1,1,1,2,1,2,2,4,1,0,0,0,46,2
"0219",1,1,1,2,1,2,1,4,1,0,1,1,54,1
"0219",1,2,2,2,2,2,2,0,0,0,0,0,53,2
"0219",1,2,2,2,2,2,1,0,0,0,5,4,21,1
"0219",1,1,1,2,2,2,1,2,3,500,2,2,22,1
"0219",1,1,2,1,1,2,2,0,0,0,0,0,50,2
"0219",1,2,2,2,2,2,2,0,0,0,0,0,45,1
"0219",1,2,2,2,1,1,2,0,0,0,0,0,49,1
"0219",1,1,1,2,2,2,1,2,1,0,1,2,19,2
"0219",1,1,2,1,1,2,1,0,0,0,1,1,46,1
"0219",1,1,1,2,2,2,1,6,1,0,2,6,32,1
"0219",1,2,2,2,1,2,1,0,0,0,1,6,34,2
"0219",1,1,2,1,2,2,1,0,0,0,2,4,35,2
"0219",1,2,2,2,1,2,1,0,0,0,2,4,30,1
"0219",1,2,2,2,2,2,2,0,0,0,0,0,60,2
"0219",1,1,2,1,2,2,2,0,0,0,0,0,55,2
"0219",1,1,2,2,1,2,2,0,0,0,0,0,44,1
"0219",1,2,2,2,2,2,2,0,0,0,0,0,44,2
"0219",1,2,2,2,2,2,2,0,0,0,0,0,49,2
"0219",1,2,2,2,2,2,2,0,0,0,0,0,39,1
"0219",1,1,2,1,1,2,1,0,0,0,2,3,51,2
"0219",1,1,1,1,1,2,1,3,2,0,2,3,53,2
"0219",1,1,1,1,1,2,1,4,2,0,2,3,31,1
"0219",1,1,1,1,1,2,1,3,2,0,1,1,38,1
"0219",1,1,1,1,2,2,1,2,3,500,1,2,21,1
"0219",1,2,2,1,1,2,1,0,0,0,2,4,56,2
"0219",1,2,2,2,1,2,2,0,0,0,0,0,64,1
"0219",1,2,2,1,1,2,2,0,0,0,0,0,32,1
"0219",1,1,1,1,1,2,1,3,3,750,2,1,27,1
"0219",1,1,1,2,2,2,2,3,3,300,0,0,49,2
"0219",1,1,1,1,1,2,1,1,3,300,1,1,40,2
"0219",1,1,1,1,2,2,1,4,2,0,1,4,31,2
"0219",1,1,2,1,1,2,1,0,0,0,1,3,41,1
"0219",1,1,1,1,1,2,1,2,3,1200,1,4,19,2
"0219",1,2,2,2,2,2,2,0,0,0,0,0,69,1
"0219",1,2,2,2,2,2,2,0,0,0,0,0,19,1
"0219",1,2,2,2,2,2,1,0,0,0,1,4,18,2
"0219",1,1,2,1,1,2,1,0,0,0,3,4,37,1
"0219",1,1,2,2,1,2,2,0,0,0,0,0,86,1
"0219",1,1,1,1,1,2,2,4,3,900,0,0,66,2
"0219",1,2,2,1,1,2,1,0,0,0,1,4,23,2
"0219",1,2,2,2,2,2,2,0,0,0,0,0,82,2
"0219",1,2,2,1,1,2,2,0,0,0,0,0,46,1
"0219",1,2,2,1,2,2,2,0,0,0,0,0,45,2
"0219",1,1,1,1,1,2,2,4,2,0,0,0,27,1
"0219",1,2,2,2,2,2,2,0,0,0,0,0,62,1
"0219",1,1,2,1,2,2,2,0,0,0,0,0,46,2
"0219",1,1,2,1,1,2,1,0,0,0,2,4,52,2
"0219",1,1,2,2,1,2,2,0,0,0,0,0,57,1
"0219",1,1,2,1,1,2,1,0,0,0,3,4,41,2
"0219",1,1,1,1,2,2,2,3,2,0,0,0,48,2
"0219",1,1,2,1,2,2,2,0,0,0,0,0,67,2
"0219",1,2,2,2,2,2,2,0,0,0,0,0,74,1
"0219",1,1,1,2,2,2,2,3,3,300,0,0,29,1
"0219",1,1,1,2,2,2,1,2,1,0,1,2,18,1
"0219",1,1,1,2,1,2,1,4,3,1000,2,4,18,1
"0219",1,1,1,1,2,2,1,2,3,800,1,3,51,1
"0219",1,1,1,2,2,2,1,2,2,0,1,2,23,1
"0219",1,1,1,1,2,2,1,2,3,1500,1,2,19,2
"0219",1,2,2,2,2,2,2,0,0,0,0,0,29,2
"0219",1,1,1,1,1,2,1,3,1,0,1,1,34,2
"0219",1,1,1,1,1,2,1,4,3,600,1,1,35,1
"0219",1,1,2,1,1,2,1,0,0,0,2,3,85,1
"0219",1,1,1,1,2,2,1,3,1,0,1,1,33,2
"0219",1,2,2,2,2,2,2,0,0,0,0,0,76,2
"0219",1,2,2,1,1,2,1,0,0,0,1,1,32,2
"0219",1,1,1,2,1,2,1,4,3,700,1,4,19,2
"0219",1,2,2,2,2,2,1,0,0,0,5,4,66,2
"0219",1,2,2,2,2,2,2,0,0,0,0,0,48,1
"0219",1,2,2,2,2,2,2,0,0,0,0,0,29,1
"0219",1,2,2,2,1,2,2,0,0,0,0,0,38,2
"0219",1,1,2,2,1,2,2,0,0,0,0,0,59,1
"0219",1,1,1,2,1,2,1,4,1,0,4,4,31,1
"0219",1,1,1,1,1,2,2,3,1,0,0,0,29,2
"0219",1,1,1,1,1,2,2,3,3,2000,0,0,55,1
"0219",1,1,1,2,2,2,1,4,2,0,2,4,29,2
"0219",1,1,2,2,1,2,2,0,0,0,0,0,52,1
"0219",1,1,2,1,2,2,1,0,0,0,3,4,20,1
"0219",1,1,2,1,1,2,2,0,0,0,0,0,39,1
"0219",1,1,1,1,1,2,2,3,2,0,0,0,71,2
"0219",1,2,2,2,1,2,2,0,0,0,0,0,41,1
"0219",1,2,2,1,1,2,1,0,0,0,1,4,26,1
"0219",1,2,2,1,1,2,1,0,0,0,1,1,39,2
"0219",1,2,2,1,2,2,1,0,0,0,2,3,70,1
"0219",1,1,1,2,1,2,1,2,1,0,2,2,20,2
"0219",1,2,2,2,2,2,2,0,0,0,0,0,58,2
"0219",1,1,1,2,2,2,1,4,2,0,2,4,36,2
"0219",1,2,2,2,2,2,2,0,0,0,0,0,28,1
"0219",1,2,2,1,1,2,2,0,0,0,0,0,73,2
"0219",1,1,1,2,2,2,1,2,1,0,2,2,20,1
"0219",1,2,2,2,2,2,2,0,0,0,0,0,34,1
"0219",1,1,1,2,1,2,2,4,2,0,0,0,57,2
"0219",1,1,1,1,1,2,2,4,2,0,0,0,78,2
"0219",1,1,1,1,2,2,1,3,2,0,2,4,38,2
"0219",1,2,2,2,2,2,2,0,0,0,0,0,43,2
"0219",1,1,1,2,2,2,2,4,3,800,0,0,72,2
"0219",1,1,1,1,1,2,2,4,3,900,0,0,67,2
"0219",1,1,1,1,2,2,2,3,3,1500,0,0,70,2
"0219",1,1,1,1,1,2,1,4,3,1800,5,4,67,1
"0219",1,1,2,2,1,2,2,0,0,0,0,0,56,1
"0219",1,1,1,1,1,2,2,1,2,0,0,0,50,2
"0219",1,2,2,2,1,2,2,0,0,0,0,0,51,2
"0219",1,1,1,2,1,2,2,3,2,0,0,0,49,2
"0219",1,2,2,2,1,2,2,0,0,0,0,0,63,1
"0219",1,1,1,1,2,2,1,2,3,450,1,2,20,2
"0219",1,1,1,2,1,2,1,2,3,950,1,2,23,1
"0219",1,2,2,2,1,2,2,0,0,0,0,0,47,2
"0219",1,1,2,2,1,1,1,0,0,0,3,2,29,2
"0219",1,1,1,1,1,2,2,3,2,0,0,0,75,2
"0219",1,1,1,2,2,1,1,4,2,0,1,4,28,2
"0219",1,2,2,2,1,1,2,0,0,0,0,0,30,1
"0219",1,2,2,1,2,2,1,0,0,0,1,4,42,1
"0219",1,1,1,1,2,1,1,2,2,0,2,3,21,1
"0219",1,1,1,2,1,2,2,5,2,0,0,0,46,2
"0219",1,1,2,2,1,2,2,0,0,0,0,0,85,1
"0219",1,1,1,2,1,2,1,4,1,0,1,3,82,2
"0219",1,1,1,2,2,2,1,4,3,100,3,4,43,2
"0219",1,1,2,1,1,1,2,0,0,0,0,0,51,1
"0219",1,1,1,1,1,2,2,5,3,150,0,0,57,1
"0219",1,2,1,2,2,1,1,1,3,400,5,4,39,2
"0219",1,2,2,1,2,2,1,0,0,0,3,1,35,2
"0219",1,1,1,1,2,2,1,4,2,0,3,4,42,2
"0219",1,1,1,1,2,2,1,1,2,0,1,1,32,2
"0219",1,1,1,1,1,2,1,2,2,0,1,2,23,1
"0219",1,1,1,2,2,2,2,5,3,500,0,0,67,2
"0219",1,1,1,1,1,2,1,2,1,0,5,2,27,1
"0219",1,1,2,1,1,2,1,0,0,0,2,3,49,1
"0219",1,1,1,2,2,1,1,4,3,1000,2,4,24,2
"0219",1,1,2,2,2,2,2,0,0,0,0,0,37,2
"0219",1,2,2,2,2,2,1,0,0,0,1,1,31,1
"0219",1,2,2,1,1,2,2,0,0,0,0,0,25,2
"0219",1,2,2,2,1,2,2,0,0,0,0,0,29,2
"0219",1,1,1,2,1,2,1,4,2,0,2,3,33,2
"0219",1,1,1,2,1,2,1,4,3,450,1,1,20,2
"0219",1,1,1,1,2,1,1,4,1,0,4,4,24,2
"0219",1,2,2,2,1,2,2,0,0,0,0,0,50,2
"0219",1,2,2,2,1,2,2,0,0,0,0,0,42,2
"0219",1,2,2,2,1,2,2,0,0,0,0,0,45,1
"0219",1,1,1,1,1,2,1,3,3,300,2,3,44,1
"0219",1,1,1,2,2,2,1,2,3,700,2,4,18,2
"0219",1,1,1,1,1,2,1,4,3,400,2,4,55,2
"0219",1,1,2,2,2,2,2,0,0,0,0,0,50,2
"0219",1,2,2,1,2,2,2,0,0,0,0,0,39,2
"0219",1,1,2,2,1,1,2,0,0,0,0,0,50,2
"0219",1,1,1,2,2,2,2,4,2,0,0,0,61,2
"0219",1,1,1,2,1,2,2,3,2,0,0,0,24,2
"0219",1,2,1,2,1,2,2,4,2,0,0,0,47,2
"0219",1,2,1,1,1,2,1,1,1,0,1,4,23,2
"0219",2,0,0,0,0,0,0,0,0,0,0,0,74,2
"0219",1,1,1,2,1,2,1,4,3,700,2,2,38,2
"0219",1,1,1,2,2,2,2,4,2,0,0,0,18,2
"0219",1,1,1,1,2,2,2,3,3,389,0,0,22,2
"0219",1,1,2,1,2,2,1,0,0,0,2,4,41,2
"0219",1,1,1,2,2,2,2,4,2,0,0,0,62,1
"0219",1,2,2,2,1,2,2,0,0,0,0,0,29,1
"0219",2,0,0,0,0,0,0,0,0,0,0,0,70,2
"0219",1,2,2,2,2,2,2,0,0,0,0,0,34,2
"0219",1,1,2,1,2,2,2,0,0,0,0,0,61,2
"0219",1,2,2,2,2,2,1,0,0,0,5,3,46,1
"0219",1,1,1,1,1,1,1,3,2,0,2,3,46,1
"0219",1,1,2,2,1,2,2,0,0,0,0,0,28,2
"0219",2,0,0,0,0,0,0,0,0,0,0,0,60,2
"0219",1,1,2,2,1,2,1,0,0,0,2,3,48,1
"0219",1,2,2,2,2,2,2,0,0,0,0,0,23,1
"0219",1,2,2,2,2,2,2,0,0,0,0,0,21,1
"0219",1,2,2,2,2,2,2,0,0,0,0,0,30,2
"0219",1,1,1,2,1,2,2,4,2,0,0,0,59,1
"0219",1,1,1,2,1,2,2,1,2,0,0,0,65,2
"0219",1,1,1,2,1,2,1,1,2,0,2,1,34,2
"0219",1,1,2,1,1,2,2,0,0,0,0,0,33,2
"0219",1,2,2,2,1,2,2,0,0,0,0,0,20,1
"0219",1,1,2,1,1,1,2,0,0,0,0,0,41,1
"0219",1,1,2,1,1,2,2,0,0,0,0,0,29,2
"0219",1,1,1,1,1,2,2,3,2,0,0,0,89,1
"0219",1,2,2,2,1,2,2,0,0,0,0,0,40,1
"0219",1,1,1,2,1,2,2,4,3,35,0,0,29,2
"0219",1,1,1,1,1,2,1,3,3,600,2,3,56,1
"0219",1,2,2,2,2,2,2,0,0,0,0,0,31,2
"0219",1,1,2,2,1,2,2,0,0,0,0,0,30,2
"0219",1,1,1,2,2,2,2,4,3,25,0,0,54,2
"0219",1,1,1,2,2,2,2,5,2,0,0,0,52,1
"0219",1,2,2,2,2,2,2,0,0,0,0,0,36,1
"0219",1,2,2,2,2,2,2,0,0,0,0,0,42,2
"0219",1,1,2,1,1,2,1,0,0,0,2,3,20,1
"0219",1,1,2,1,2,2,1,0,0,0,1,1,33,2
"0219",1,1,2,1,2,2,1,0,0,0,1,3,24,1
"0219",1,1,1,2,2,2,2,1,2,0,0,0,30,1
"0219",1,1,2,2,2,2,2,0,0,0,0,0,65,1
"0219",2,0,0,0,0,0,0,0,0,0,0,0,58,2
"0219",1,1,2,2,1,2,2,0,0,0,0,0,50,1
"0219",1,1,1,1,1,2,1,5,2,0,2,5,50,2
"0219",1,1,1,2,2,2,2,2,2,0,0,0,28,2
"0219",1,2,2,1,2,2,2,0,0,0,0,0,37,2
"0219",1,2,2,2,2,2,2,0,0,0,0,0,84,2
"0219",1,2,2,1,2,2,2,0,0,0,0,0,49,2
"0219",1,2,2,2,1,2,2,0,0,0,0,0,27,1
"0219",1,2,2,1,2,2,2,0,0,0,0,0,76,2
"0219",1,2,2,1,1,2,2,0,0,0,0,0,20,1
"0219",1,2,2,2,1,2,2,0,0,0,0,0,70,1
"0219",1,2,2,1,1,2,2,0,0,0,0,0,40,2
"0219",1,1,1,2,2,2,2,4,3,148,0,0,43,2
"0219",1,1,1,2,2,2,2,4,1,0,0,0,29,1
"0219",1,1,1,1,2,2,2,4,3,350,0,0,19,2
"0219",1,1,1,2,2,2,2,4,3,180,0,0,39,2
"0219",1,2,2,2,1,2,2,0,0,0,0,0,22,1
"0219",1,2,2,2,2,2,2,0,0,0,0,0,72,2
"0219",1,2,2,1,1,2,2,0,0,0,0,0,47,2
"0219",2,0,0,0,0,0,0,0,0,0,0,0,77,2
"0219",1,2,2,2,2,2,2,0,0,0,0,0,59,2
"0219",1,1,1,2,1,2,2,4,3,450,0,0,41,2
"0219",1,2,2,1,2,2,2,0,0,0,0,0,54,2
"0219",1,2,2,1,2,2,2,0,0,0,0,0,63,2
"0219",2,0,0,0,0,0,0,0,0,0,0,0,78,2
"0219",1,1,1,1,2,2,2,5,2,0,0,0,65,2
"0219",2,0,0,0,0,0,0,0,0,0,0,0,53,2
"0219",2,0,0,0,0,0,0,0,0,0,0,0,50,2
"0219",1,1,1,1,2,2,2,5,2,0,0,0,28,2
"0219",1,2,2,1,2,2,2,0,0,0,0,0,31,1
"0219",1,2,2,1,1,2,2,0,0,0,0,0,50,2
"0219",2,0,0,0,0,0,0,0,0,0,0,0,50,1
"0219",2,0,0,0,0,0,0,0,0,0,0,0,73,2
"0219",1,2,2,1,1,2,2,0,0,0,0,0,54,1
"0219",1,2,2,1,2,2,2,0,0,0,0,0,24,2
"0219",1,2,2,2,2,2,2,0,0,0,0,0,67,2
"0219",1,1,1,2,2,2,2,4,2,0,0,0,65,2
"0219",1,2,2,1,2,2,2,0,0,0,0,0,75,2
"0219",1,2,2,2,2,2,2,0,0,0,0,0,70,1
"0219",1,2,1,1,2,2,2,3,3,600,0,0,66,1
"0219",1,2,2,2,2,2,2,0,0,0,0,0,61,2
"0219",1,1,1,1,1,2,2,3,2,0,0,0,66,1
"0219",1,2,2,2,2,2,2,0,0,0,0,0,35,2
"0219",1,1,1,2,2,2,2,3,2,0,0,0,44,2
"0219",1,1,1,2,2,2,2,2,2,0,0,0,40,2
"0219",1,1,2,1,2,2,2,0,0,0,0,0,62,2
"0219",1,1,1,1,1,2,1,2,1,0,2,3,20,2
"0219",1,1,2,1,2,2,2,0,0,0,0,0,74,2
"0219",1,1,1,1,2,2,2,3,3,500,0,0,36,2
"0219",1,1,1,1,2,2,2,3,3,600,0,0,21,2
"0219",1,1,1,2,1,2,2,4,2,0,0,0,36,2
"0219",1,1,1,1,2,2,2,3,1,0,0,0,29,1
"0219",1,1,1,1,2,2,2,4,2,0,0,0,22,2
"0219",1,1,1,1,1,2,2,3,3,800,0,0,39,2
"0219",1,1,1,2,1,2,2,1,3,800,0,0,30,1
"0219",1,1,1,2,2,2,2,2,3,300,0,0,18,1
"0219",1,2,2,1,1,2,2,0,0,0,0,0,72,2
"0219",1,1,1,2,1,2,2,3,1,0,0,0,48,1
"0219",1,2,2,2,2,2,2,0,0,0,0,0,61,1
"0219",1,1,1,2,1,2,2,3,1,0,0,0,51,1
"0219",1,2,2,2,1,2,2,0,0,0,0,0,56,1
"0219",1,1,1,2,2,2,1,2,3,600,2,2,19,1
"0219",1,2,2,2,2,2,2,0,0,0,0,0,25,2
"0219",1,1,1,1,2,2,2,3,2,0,0,0,28,2
"0219",1,2,1,2,2,2,2,4,2,0,0,0,40,2
"0219",1,1,2,1,1,2,2,0,0,0,0,0,33,1
"0219",1,2,1,1,2,2,2,4,2,0,0,0,58,2
"0219",1,1,2,1,1,2,2,0,0,0,0,0,74,2
"0219",1,2,2,2,2,2,2,0,0,0,0,0,25,1
"0219",1,2,2,2,2,2,1,0,0,0,3,3,35,1
"0219",1,1,2,2,1,2,1,0,0,0,2,4,23,1
"0219",1,2,2,1,2,2,2,0,0,0,0,0,27,2
"0219",1,1,2,1,1,2,2,0,0,0,0,0,52,1
"0219",1,1,1,1,2,2,2,4,3,450,0,0,26,2
"0219",1,1,2,1,2,2,2,0,0,0,0,0,72,2
"0219",1,1,1,2,2,2,1,1,2,0,1,3,24,1
"0219",1,2,2,2,2,2,1,0,0,0,1,3,29,2
"0219",1,2,2,1,2,2,2,0,0,0,0,0,46,2
"0219",1,1,1,1,2,2,1,4,2,0,1,4,55,2
"0219",1,1,2,2,1,2,2,0,0,0,0,0,54,1
"0219",1,1,1,1,2,2,2,5,2,0,0,0,62,1
"0219",1,2,2,2,2,2,2,0,0,0,0,0,38,1
"0219",1,1,1,2,2,2,1,2,3,1200,1,4,24,1
"0219",1,2,2,2,2,2,2,0,0,0,0,0,73,1
"0219",1,1,1,2,1,2,1,2,2,0,1,3,42,1
"0219",1,1,2,2,2,2,1,0,0,0,1,2,20,2
"0219",1,1,1,2,2,2,2,3,3,220,0,0,26,1
"0219",2,0,0,0,0,0,0,0,0,0,0,0,55,2
"0219",1,1,1,2,2,2,1,4,3,500,2,1,58,2
"0219",1,1,2,2,1,2,2,0,0,0,0,0,40,1
"0219",1,2,2,2,2,2,2,0,0,0,0,0,27,1
"0219",1,2,2,2,2,2,2,0,0,0,0,0,49,1
"0219",1,2,2,1,2,2,2,0,0,0,0,0,28,2
"0219",1,2,1,2,2,2,1,2,3,800,2,2,18,1
"0219",1,2,2,2,2,2,2,0,0,0,0,0,85,1
"0219",1,1,2,1,1,2,1,0,0,0,2,1,45,2
"0219",2,0,0,0,0,0,0,0,0,0,0,0,62,2
"0219",1,1,2,2,2,2,2,0,0,0,0,0,43,2
"0219",1,1,1,2,2,2,1,2,3,2000,1,3,23,2
"0219",1,1,2,2,2,2,1,0,0,0,1,3,57,1
"0219",1,2,2,2,2,2,1,0,0,0,1,3,46,1
"0219",1,2,2,2,2,2,1,0,0,0,2,4,37,2
"0219",1,1,1,2,2,2,2,6,2,0,0,0,53,2
"0219",1,1,1,2,1,2,2,2,2,0,0,0,21,1
"0219",1,1,1,2,2,2,1,2,3,300,2,3,29,2
"0219",1,1,1,1,2,2,1,2,2,0,2,2,20,1
"0219",1,1,1,2,2,2,2,2,3,500,0,0,19,1
"0219",1,1,1,1,2,2,1,2,3,400,2,2,19,2
"0219",1,1,1,1,2,2,1,3,3,200,2,3,50,2
"0219",1,1,1,2,2,2,1,2,3,600,2,2,21,1
"0219",1,2,2,2,2,2,2,0,0,0,0,0,20,2
"0219",1,1,1,2,2,2,1,2,3,2500,1,2,27,2
"0219",1,2,2,2,2,2,2,0,0,0,0,0,26,2
"0219",1,1,2,1,2,2,2,0,0,0,0,0,26,2
"0219",1,1,1,1,2,2,1,4,2,0,2,3,33,2
"0219",1,1,1,2,2,2,1,3,3,400,3,1,50,2
"0219",1,1,2,1,2,2,1,0,0,0,2,4,45,2
"0219",1,1,1,2,2,2,2,4,2,0,0,0,45,2
"0219",1,1,1,2,2,2,2,4,2,0,0,0,28,1
"0219",1,1,2,2,2,2,2,0,0,0,0,0,42,1
"0219",1,1,2,1,2,2,2,0,0,0,0,0,48,1
"0219",1,2,2,2,2,2,2,0,0,0,0,0,58,1
"0219",1,1,2,1,2,2,2,0,0,0,0,0,35,2
"0219",1,1,1,1,2,2,2,3,2,0,0,0,53,2
"0219",1,1,1,1,2,2,1,2,3,500,2,2,27,1
"0219",1,1,1,2,1,2,2,3,2,0,0,0,55,2
"0219",1,1,1,1,1,2,2,1,2,0,0,0,41,2
"0219",1,1,1,2,2,2,1,4,2,0,1,4,33,2
"0219",1,1,1,2,1,2,1,3,3,800,2,3,31,1
"0219",1,2,2,2,2,2,2,0,0,0,0,0,32,1
"0219",1,1,2,2,2,1,2,0,0,0,0,0,19,1
"0219",1,2,2,2,1,2,2,0,0,0,0,0,62,1
"0219",1,2,2,2,2,2,2,0,0,0,0,0,76,1
"0219",1,1,2,2,2,2,1,0,0,0,2,4,57,2
"0219",1,1,2,2,2,2,1,0,0,0,1,4,56,1
"0219",1,1,1,2,2,2,1,4,2,0,1,3,61,1
"0219",1,2,2,1,2,2,1,0,0,0,1,3,30,1
"0219",1,1,2,1,1,2,2,0,0,0,0,0,62,2
"0219",1,1,2,2,2,2,1,0,0,0,1,4,32,1
"0219",1,2,2,2,2,2,1,0,0,0,2,4,32,2
"0219",1,1,1,2,2,2,1,2,3,7000,1,2,24,1
"0219",1,1,1,1,1,2,1,1,2,0,3,3,51,2
"0219",1,1,1,2,2,1,1,2,2,0,1,3,21,1
"0219",1,1,1,1,1,2,1,3,3,2500,1,3,31,1
"0219",1,2,2,2,2,2,2,0,0,0,0,0,71,1
"0219",1,1,1,2,2,2,2,4,2,0,0,0,58,2
"0219",1,1,1,2,2,2,1,1,2,0,1,3,48,2
"0219",1,1,1,2,2,2,1,3,3,250,1,4,51,2
"0219",1,2,2,1,2,2,2,0,0,0,0,0,30,2
"0219",1,1,1,2,2,2,1,3,3,2000,1,4,34,2
"0219",1,1,1,1,2,2,1,2,1,0,2,2,21,1
"0219",1,1,1,2,1,2,1,3,3,250,3,1,48,1
"0219",1,2,2,2,1,2,2,0,0,0,0,0,53,1
"0219",1,1,1,2,2,2,2,5,2,0,0,0,84,2
"0219",1,1,1,2,1,2,1,1,3,500,2,3,33,1
"0219",1,2,2,2,2,2,2,0,0,0,0,0,83,2
"0219",1,1,2,1,2,2,1,0,0,0,5,1,36,2
"0219",1,1,1,1,2,2,1,1,1,0,1,1,43,1
"0219",1,1,1,1,2,2,2,4,2,0,0,0,31,2
"0219",1,1,2,2,1,2,2,0,0,0,0,0,37,1
"0219",1,1,2,1,1,2,1,0,0,0,1,1,39,2
"0219",1,1,1,1,2,2,1,1,1,0,1,1,23,1
"0219",1,1,1,1,1,2,1,2,3,1000,1,2,21,2
"0219",1,1,1,2,2,2,2,5,2,0,0,0,70,1
"0219",1,2,2,1,1,2,2,0,0,0,0,0,55,2
"0219",1,1,2,2,1,2,2,0,0,0,0,0,51,1
"0219",1,2,2,2,2,2,2,0,0,0,0,0,78,1
"0219",1,2,2,1,2,2,2,0,0,0,0,0,52,2
"0219",1,2,2,2,1,2,2,0,0,0,0,0,65,1
"0219",1,1,1,2,1,2,2,3,2,0,0,0,61,1
"0219",1,1,1,2,2,2,1,3,3,500,2,4,34,1
"0219",1,1,1,2,2,2,1,2,3,2000,1,2,21,2
"0219",1,2,2,2,2,2,2,0,0,0,0,0,22,2
"0219",1,1,1,2,2,2,1,1,3,2200,1,1,46,1
"0219",1,1,1,1,2,2,2,4,3,270,0,0,60,2
"0219",1,1,2,1,2,2,1,0,0,0,2,3,58,1
"0219",1,1,2,1,2,2,1,0,0,0,1,4,35,2
"0219",1,1,1,2,1,2,2,3,3,800,0,0,52,1
"0219",1,2,2,2,1,2,2,0,0,0,0,0,49,1
"0219",1,1,1,2,2,2,1,3,2,0,1,3,43,2
"0219",1,1,2,1,2,2,1,0,0,0,1,4,42,2
"0219",1,1,1,1,1,2,1,2,3,700,2,2,22,1
"0219",1,2,2,2,2,2,2,0,0,0,0,0,32,2
"0219",1,1,1,1,1,2,1,1,3,1000,2,3,48,1
"0219",1,2,2,1,2,2,2,0,0,0,0,0,25,2
"0219",1,1,2,2,2,2,1,0,0,0,1,3,25,1
"0219",1,1,1,2,2,2,1,1,2,0,1,1,44,2
"0219",1,1,2,1,1,2,2,0,0,0,0,0,72,1
"0219",1,2,2,2,2,2,1,0,0,0,2,4,44,2
"0219",1,2,1,1,2,2,2,4,3,100,0,0,48,2
"0219",1,2,2,2,2,2,2,0,0,0,0,0,46,1
"0219",1,2,2,2,2,2,2,0,0,0,0,0,30,1
"0219",1,2,2,1,2,2,2,0,0,0,0,0,71,1
"0219",1,2,2,2,2,2,2,0,0,0,0,0,53,1
"0219",1,1,2,1,2,2,1,0,0,0,3,3,50,2
"0219",1,1,1,2,2,2,2,4,3,210,0,0,48,1
"0219",1,1,1,2,1,2,1,2,2,0,1,2,22,2
"0219",1,2,2,2,2,2,2,0,0,0,0,0,46,2
"0219",1,1,1,2,2,2,1,3,3,3500,1,4,29,2
"0219",1,1,1,1,2,2,2,3,3,1000,0,0,57,2
"0219",1,1,2,1,1,2,2,0,0,0,0,0,67,1
"0219",1,1,2,1,2,2,1,0,0,0,3,3,35,2
"0219",1,1,1,2,2,2,1,3,3,1000,1,3,27,2
"0219",1,1,2,2,1,2,1,0,0,0,1,1,36,1
"0219",1,1,2,2,2,2,1,0,0,0,1,4,25,2
"0219",1,1,1,2,1,2,2,3,3,3600,0,0,50,2
"0219",1,2,2,1,2,2,2,0,0,0,0,0,60,2
"0219",1,2,2,2,2,2,2,0,0,0,0,0,79,2
"0219",1,1,2,1,2,2,2,0,0,0,0,0,22,2
"0219",1,2,2,2,2,2,1,0,0,0,2,4,22,2
"0219",1,2,2,2,2,2,1,0,0,0,1,4,23,1
"0219",1,1,1,2,2,2,1,2,1,0,2,2,22,1
"0219",1,1,1,2,2,2,1,2,1,0,1,4,22,1
"0219",1,1,1,1,1,2,1,1,2,0,2,3,47,1
"0219",1,1,1,1,2,1,1,3,3,1200,2,4,32,1
"0219",1,1,2,1,2,2,1,0,0,0,2,4,22,2
"0219",1,1,1,1,1,2,1,6,3,200,2,3,21,2
"0219",1,1,1,2,1,2,1,4,1,0,5,4,28,2
"0219",1,1,1,1,1,2,1,4,2,0,1,3,53,1
"0219",1,1,1,1,1,2,1,4,3,400,5,4,20,2
"0219",1,1,1,1,2,2,1,4,3,200,5,4,43,2
"0219",1,1,1,1,2,2,1,4,2,0,5,4,36,2
"0219",1,2,2,1,2,2,2,0,0,0,0,0,67,2
"0219",1,1,1,2,1,2,1,2,3,3600,2,2,37,1
"0219",1,1,1,1,1,2,2,4,2,0,0,0,47,2
"0219",1,1,1,1,2,2,1,3,3,300,5,3,28,2
"0219",1,1,2,1,1,2,2,0,0,0,0,0,56,2
"0219",1,1,1,1,1,2,1,4,3,200,5,3,29,2
"0219",1,1,1,2,1,2,2,4,2,0,0,0,55,1
"0219",1,1,1,1,2,2,1,4,3,300,3,4,24,2
"0219",1,1,1,1,2,2,1,4,2,0,5,4,38,1
"0219",1,2,2,1,2,2,2,0,0,0,0,0,57,1
"0219",1,1,1,1,2,2,1,4,3,300,3,3,25,1
"0219",1,1,1,1,2,2,1,4,3,300,5,3,37,1
"0219",1,1,1,1,2,2,1,4,3,300,2,4,26,2
"0219",2,0,0,0,0,0,0,0,0,0,0,0,71,2
"0219",1,1,1,2,2,2,2,3,3,20,0,0,48,1
"0219",1,1,1,2,2,2,2,5,2,0,0,0,63,2
"0219",1,1,1,2,2,2,2,4,3,60,0,0,23,2
"0219",1,1,1,1,2,2,1,3,1,0,2,2,52,1
"0219",1,1,1,2,2,2,2,4,3,120,0,0,60,1
"0219",1,1,1,2,1,2,2,4,3,150,0,0,62,1
"0219",2,0,0,0,0,0,0,0,0,0,0,0,33,2
"0219",1,1,1,1,1,2,1,3,2,0,1,4,28,1
"0219",1,1,1,2,2,2,2,2,2,0,0,0,27,2
"0219",1,1,1,2,2,2,1,5,3,60,5,5,42,2
"0219",1,1,2,2,2,2,2,0,0,0,0,0,76,1
"0219",1,1,2,2,1,2,1,0,0,0,1,3,54,1
"0219",1,1,1,2,2,1,2,4,2,0,0,0,44,1
"0219",1,1,1,1,1,1,1,2,3,2000,3,4,32,1
"0219",1,1,1,1,1,2,1,2,3,500,2,2,32,1
"0219",1,1,1,2,2,2,1,3,3,700,1,3,66,1
"0219",1,1,2,1,2,2,2,0,0,0,0,0,75,2
"0219",1,2,2,1,2,2,2,0,0,0,0,0,57,2
"0219",1,1,1,1,2,2,2,4,2,0,0,0,33,2
"0219",1,1,1,1,1,1,1,3,2,0,2,3,32,2
"0219",1,1,1,2,2,2,1,4,3,1000,2,4,20,1
"0219",1,1,2,1,1,2,1,0,0,0,4,3,24,2
"0219",1,1,1,2,2,2,1,4,3,50,1,3,26,2
"0219",1,1,1,2,2,2,2,4,3,150,0,0,60,1
"0219",1,1,1,2,2,2,1,4,1,0,3,4,31,1
"0219",1,1,1,1,2,2,1,3,3,300,5,4,43,1
"0219",1,2,2,2,2,2,2,0,0,0,0,0,88,2
"0219",1,1,1,1,1,2,1,3,1,0,5,3,37,1
"0219",1,1,1,2,2,2,2,6,3,230,0,0,56,2
"0219",2,0,0,0,0,0,0,0,0,0,0,0,64,2
"0219",1,1,1,1,1,2,2,5,2,0,0,0,59,2
"0219",1,1,1,1,1,2,1,3,3,400,5,4,44,1
"0219",1,1,2,2,2,2,2,0,0,0,0,0,41,2
"0219",1,1,1,1,1,2,1,3,3,300,3,4,54,1
"0219",1,1,1,1,1,2,1,2,3,1000,3,2,19,1
"0219",1,1,1,1,1,2,2,4,3,200,0,0,42,2
"0219",1,1,1,1,1,2,2,4,3,200,0,0,32,2
"0219",1,1,1,1,1,2,2,4,2,0,0,0,37,1
"0219",1,1,1,1,1,2,1,1,2,0,3,3,43,1
"0219",1,1,1,1,2,2,1,5,1,0,1,6,53,2
"0219",1,1,1,2,2,2,2,4,2,0,0,0,33,2
"0219",1,1,2,1,2,2,2,0,0,0,0,0,43,2
"0219",1,1,1,2,1,2,1,4,2,0,5,4,55,1
"0219",1,1,1,1,2,2,2,3,3,300,0,0,74,1
"0219",1,1,1,2,2,2,2,4,3,200,0,0,42,1
"0219",1,1,1,2,2,2,2,4,2,0,0,0,69,2
"0219",1,1,1,1,2,2,2,4,2,0,0,0,42,1
"0219",1,1,1,1,2,2,2,4,3,99999,0,0,52,1
"0219",1,1,1,1,2,2,1,4,3,200,5,4,30,1
"0219",1,1,1,1,1,2,1,4,3,60,2,6,41,2
"0219",1,1,1,2,2,2,2,6,2,0,0,0,37,2
"0219",2,0,0,0,0,0,0,0,0,0,0,0,77,1
"0219",1,1,1,2,2,2,2,5,3,50,0,0,82,1
"0219",1,1,1,2,2,2,2,3,2,0,0,0,54,2
"0219",1,1,2,2,1,2,2,0,0,0,0,0,49,1
"0219",1,1,1,2,2,2,1,4,1,0,2,4,32,2
"0219",1,1,2,2,1,1,2,0,0,0,0,0,80,1
"0219",1,1,1,1,2,2,1,3,3,300,3,3,50,1
"0219",1,1,1,2,2,2,2,2,3,1200,0,0,33,2
"0219",1,1,1,1,2,2,2,3,3,250,0,0,35,1
"0219",1,1,1,2,2,2,1,4,3,150,2,3,33,2
"0219",1,1,1,2,2,2,2,4,2,0,0,0,23,2
"0219",1,1,1,1,2,2,2,4,2,0,0,0,58,2
"0219",1,1,1,2,2,2,2,5,2,0,0,0,48,2
"0219",1,1,1,1,1,2,2,4,2,0,0,0,54,1
"0219",1,1,1,1,1,2,1,4,3,200,5,4,67,1
"0219",1,1,1,1,2,2,2,4,2,0,0,0,57,2
"0219",1,1,1,2,2,2,1,4,3,500,5,2,22,1
"0219",1,1,1,2,2,2,1,5,3,150,2,3,73,1
"0219",1,1,2,2,2,2,2,0,0,0,0,0,55,1
"0219",1,1,2,2,1,2,2,0,0,0,0,0,30,1
"0219",1,1,1,1,2,2,2,4,3,500,0,0,30,1
"0219",1,1,1,2,1,2,2,4,3,200,0,0,37,2
"0219",1,1,1,1,1,2,2,4,1,0,0,0,46,2
"0219",1,1,1,2,2,2,2,3,2,0,0,0,42,1
"0219",1,1,1,1,2,2,2,4,3,400,0,0,36,2
"0219",1,2,2,2,2,2,1,0,0,0,2,1,34,1
"0219",1,1,1,2,2,2,1,2,3,1000,2,3,23,2
"0219",1,1,1,2,2,2,2,2,3,1500,0,0,22,2
"0219",1,1,1,1,2,2,2,1,3,900,0,0,35,1
"0219",1,1,1,2,1,2,2,4,3,250,0,0,44,1
"0219",1,1,1,2,1,2,1,1,3,1500,1,1,30,1
"0219",1,1,1,1,1,2,1,4,3,500,3,1,48,2
"0219",1,1,2,2,2,2,2,0,0,0,0,0,79,2
"0219",1,1,2,2,2,2,2,0,0,0,0,0,59,1
"0219",1,1,1,2,2,2,2,4,3,150,0,0,28,2
"0219",1,1,1,2,2,2,2,4,2,0,0,0,55,1
"0219",1,1,1,2,2,2,2,4,2,0,0,0,24,2
"0219",1,1,1,1,2,2,2,5,2,0,0,0,69,2
"0219",1,2,2,1,1,2,2,0,0,0,0,0,43,1
"0219",1,1,2,2,1,2,2,0,0,0,0,0,80,1
"0219",1,1,1,1,1,2,1,4,3,500,1,1,28,1
"0219",1,1,2,1,2,2,2,0,0,0,0,0,60,2
"0219",1,1,2,1,1,2,2,0,0,0,0,0,58,2
"0219",1,1,2,2,2,2,2,0,0,0,0,0,56,2
"0219",1,1,2,2,2,2,2,0,0,0,0,0,42,2
"0219",1,1,1,2,2,2,2,4,1,0,0,0,21,2
"0219",2,0,0,0,0,0,0,0,0,0,0,0,52,2
"0219",1,2,1,2,2,2,2,5,2,0,0,0,54,2
"0219",1,1,1,2,1,2,2,4,2,0,0,0,19,1
"0219",1,1,1,1,2,2,2,4,2,0,0,0,45,2
"0219",1,1,2,2,2,2,1,0,0,0,1,4,18,1
"0219",1,2,2,2,2,2,2,0,0,0,0,0,24,2
"0219",1,1,1,1,2,2,1,4,2,0,2,2,41,2
"0219",1,1,1,2,2,2,1,4,2,0,2,3,20,2
"0219",1,1,2,2,2,2,2,0,0,0,0,0,33,2
"0219",1,1,1,2,1,2,2,4,2,0,0,0,58,2
"0219",1,1,2,1,1,1,1,0,0,0,3,4,43,2
"0219",1,1,1,1,2,2,2,3,3,700,0,0,54,1
"0219",1,1,2,2,1,2,2,0,0,0,0,0,62,2
"0219",1,1,2,2,2,2,2,0,0,0,0,0,68,2
"0219",1,1,1,2,2,2,2,4,3,320,0,0,21,2
"0219",1,1,1,1,1,2,1,1,1,0,2,3,49,1
"0219",1,1,2,1,2,2,1,0,0,0,1,1,26,1
"0219",1,1,2,2,1,2,2,0,0,0,0,0,53,2
"0219",1,1,2,1,2,2,2,0,0,0,0,0,41,2
"0219",1,1,2,2,1,2,1,0,0,0,2,3,30,2
"0219",1,1,1,2,2,2,1,3,3,150,2,3,27,2
"0219",1,1,1,2,1,2,1,2,1,0,2,2,23,2
"0219",1,1,1,2,2,2,1,4,3,120,2,4,18,2
"0219",1,1,1,2,2,2,2,4,2,0,0,0,30,1
"0219",1,1,1,1,2,2,1,4,3,200,2,2,21,1
"0219",1,1,1,1,1,2,2,4,2,0,0,0,24,1
"0219",1,1,1,2,2,2,2,3,2,0,0,0,59,2
"0219",1,1,2,2,1,2,1,0,0,0,4,3,58,1
"0219",1,1,1,1,1,2,1,4,2,0,5,3,66,1
"0219",1,1,1,2,2,2,1,4,2,0,2,3,38,2
"0219",1,1,1,2,2,2,2,4,3,100,0,0,55,2
"0219",1,1,1,1,1,2,2,1,2,0,0,0,27,2
"0219",1,2,1,2,2,2,2,6,2,0,0,0,23,2
"0219",1,1,2,1,2,1,2,0,0,0,0,0,28,2
"0219",1,1,2,1,2,2,2,0,0,0,0,0,53,1
"0219",1,1,2,2,1,2,1,0,0,0,2,3,65,1
"0219",1,1,2,2,1,2,1,0,0,0,5,3,35,1
"0219",1,1,1,2,2,2,1,4,2,0,2,3,21,2
"0219",1,2,2,2,2,2,1,0,0,0,5,3,41,2
"0219",1,1,1,1,2,2,2,5,2,0,0,0,76,1
"0219",1,2,1,2,2,1,1,2,2,0,1,4,24,1
"0219",1,1,1,1,2,2,2,3,2,0,0,0,54,1
"0219",1,1,1,2,2,2,2,4,2,0,0,0,48,2
"0219",1,1,1,1,2,2,2,4,3,600,0,0,29,2
"0219",1,1,1,2,2,2,1,3,1,0,5,4,30,2
"0219",1,1,1,2,2,2,2,4,2,0,0,0,75,2
"0219",1,1,1,1,2,2,1,3,3,220,2,3,42,1
"0219",1,1,2,2,2,2,1,0,0,0,1,3,18,1
"0219",1,2,2,1,1,2,1,0,0,0,1,3,39,1
"0219",2,0,0,0,0,0,0,0,0,0,0,0,69,1
"0219",1,1,1,2,2,2,2,4,2,0,0,0,71,2
"0219",1,1,1,1,2,2,1,4,2,0,2,3,31,2
"0219",1,1,1,1,1,2,1,1,3,3000,1,1,39,1
"0219",1,1,2,2,2,2,1,0,0,0,2,3,28,1
"0219",1,1,1,1,1,2,1,4,3,200,2,3,53,1
"0219",1,1,2,1,2,2,2,0,0,0,0,0,30,2
"0219",1,1,1,2,2,1,2,3,3,400,0,0,58,2
"0219",1,2,1,2,1,2,2,4,3,60,0,0,25,2
"0219",1,1,1,2,2,2,1,4,2,0,3,4,24,2
"0219",1,1,1,2,1,2,1,4,2,0,2,6,27,2
"0219",1,1,2,2,2,2,2,0,0,0,0,0,57,2
"0219",1,2,2,2,2,2,1,0,0,0,1,3,45,1
"0219",1,1,1,2,2,2,1,2,2,0,2,2,18,1
"0219",1,1,2,2,2,2,2,0,0,0,0,0,63,1
"0219",1,1,1,1,2,2,1,4,2,0,1,4,24,2
"0219",1,1,1,1,2,2,1,4,2,0,4,6,23,2
"0219",1,1,2,2,2,2,1,0,0,0,5,4,25,1
"0219",1,1,1,2,2,1,1,4,3,1500,2,3,20,2
"0219",1,1,1,2,2,2,1,4,3,600,2,3,39,2
"0219",1,2,2,2,1,2,1,0,0,0,5,3,37,2
"0219",1,1,1,2,1,2,1,1,2,0,5,3,60,1
"0219",1,1,2,1,1,2,2,0,0,0,0,0,55,2
"0219",1,2,2,2,2,2,1,0,0,0,2,3,49,2
"0219",1,1,1,1,2,2,2,4,2,0,0,0,51,2
"0219",1,1,1,1,1,1,2,4,3,120,0,0,68,2
"0219",1,1,1,1,2,2,1,2,2,0,2,2,19,1
"0219",1,1,1,2,2,2,2,5,2,0,0,0,62,2
"0219",1,1,2,2,2,2,1,0,0,0,5,4,45,2
"0219",1,1,2,2,2,2,1,0,0,0,5,1,55,1
"0219",1,1,1,2,2,2,1,4,2,0,2,1,29,1
"0219",1,2,2,2,2,2,1,0,0,0,2,3,23,2
"0219",1,1,1,2,2,2,2,4,3,130,0,0,65,2
"0219",1,1,1,2,2,2,2,4,3,275,0,0,42,1
"0219",1,2,2,1,1,2,2,0,0,0,0,0,64,2
"0219",1,2,1,2,2,2,1,4,3,100,5,4,41,2
"0219",1,2,2,2,2,2,2,0,0,0,0,0,52,1
"0219",1,1,1,2,1,2,2,4,2,0,0,0,64,1
"0219",2,0,0,0,0,0,0,0,0,0,0,0,85,1
"0219",1,2,2,1,2,2,2,0,0,0,0,0,40,2
"0219",1,1,1,1,1,2,1,1,2,0,5,4,54,2
"0219",1,1,1,2,2,2,2,5,2,0,0,0,53,2
"0219",1,1,1,1,1,2,2,6,3,220,0,0,50,2
"0219",1,1,1,1,2,2,1,3,1,0,1,3,59,1
"0219",1,1,1,2,2,2,1,2,2,0,5,2,18,2
"0219",1,1,1,2,2,2,2,3,2,0,0,0,55,2
"0219",1,1,2,2,2,2,2,0,0,0,0,0,54,1
"0219",2,0,0,0,0,0,0,0,0,0,0,0,80,1
"0219",1,2,2,2,2,2,2,0,0,0,0,0,87,2
"0219",2,0,0,0,0,0,0,0,0,0,0,0,68,2
"0219",1,1,2,2,1,2,2,0,0,0,0,0,46,2
"0219",1,1,2,2,1,2,1,0,0,0,1,3,43,1
"0219",1,1,1,2,1,2,2,4,2,0,0,0,85,1
"0219",1,1,2,1,2,2,2,0,0,0,0,0,52,1
"0219",1,1,2,1,2,1,1,0,0,0,5,3,34,2
"0219",1,1,2,1,1,2,1,0,0,0,5,1,43,1
"0219",1,1,2,1,1,2,1,0,0,0,1,3,36,1
"0219",1,1,2,2,2,2,1,0,0,0,1,3,58,2
"0219",1,1,2,2,1,2,2,0,0,0,0,0,44,2
"0219",1,2,2,2,1,2,2,0,0,0,0,0,66,2
"0219",1,1,1,1,1,2,1,1,1,0,1,1,41,2
"0219",1,2,2,2,2,2,2,0,0,0,0,0,18,2
"0219",1,1,1,2,1,2,1,1,2,0,1,3,33,1
"0219",1,1,1,1,2,2,1,3,1,0,2,4,22,1
"0219",2,0,0,0,0,0,0,0,0,0,0,0,79,1
"0219",1,1,1,2,2,2,2,5,2,0,0,0,61,2
"0219",1,1,2,1,2,2,2,0,0,0,0,0,45,2
"0219",1,1,1,1,1,2,2,3,2,0,0,0,70,1
"0219",2,0,0,0,0,0,0,0,0,0,0,0,76,2
"0219",1,1,2,1,1,2,1,0,0,0,1,4,39,1
"0219",1,1,1,2,2,2,2,2,3,100,0,0,51,2
"0219",1,1,2,2,1,2,2,0,0,0,0,0,55,1
"0219",1,1,1,2,2,1,1,1,2,0,5,3,19,1
"0219",1,2,2,2,1,2,2,0,0,0,0,0,71,1
"0219",1,1,1,2,1,2,1,3,2,0,3,3,43,1
"0219",1,1,1,2,2,2,2,3,2,0,0,0,72,2
"0219",1,1,1,2,2,2,2,5,3,400,0,0,64,2
"0219",1,1,1,1,2,2,1,4,3,100,5,4,37,2
"0219",1,2,1,1,2,2,2,3,2,0,0,0,54,2
"0219",1,1,1,1,2,2,2,4,2,0,0,0,48,2
"0219",1,1,2,1,1,2,1,0,0,0,2,3,21,1
"0219",1,1,1,1,2,1,2,5,2,0,0,0,52,2
"0219",1,1,2,2,1,2,2,0,0,0,0,0,27,2
"0219",1,1,1,1,1,2,1,2,2,0,5,3,35,1
"0219",1,1,1,2,2,2,2,5,2,0,0,0,67,2
"0219",1,1,1,2,2,2,1,5,2,0,5,3,47,2
"0219",1,1,2,1,1,2,1,0,0,0,1,1,36,1
"0219",1,1,1,1,2,2,1,3,1,0,1,3,32,1
"0219",1,2,1,2,2,2,2,4,3,500,0,0,63,2
"0219",1,1,1,2,2,1,2,4,1,0,0,0,24,1
"0219",1,2,2,1,2,2,1,0,0,0,2,3,54,1
"0219",1,1,2,1,1,2,2,0,0,0,0,0,59,2
"0219",1,1,2,2,1,2,2,0,0,0,0,0,61,1
"0219",1,1,2,1,2,2,2,0,0,0,0,0,78,2
"0219",1,1,1,2,2,2,1,3,3,20000,1,3,87,2
"0219",1,2,1,1,2,2,1,3,2,0,5,3,73,2
"0219",1,1,1,1,2,2,1,3,2,0,2,3,51,2
"0219",1,1,1,2,1,2,1,4,3,900,1,1,47,2
"0219",1,2,2,2,1,2,2,0,0,0,0,0,58,1
"0219",1,1,2,2,1,2,2,0,0,0,0,0,46,1
"0219",1,2,2,2,2,2,2,0,0,0,0,0,22,1
"0219",1,1,2,1,2,2,1,0,0,0,2,3,37,2
"0219",1,1,1,1,1,2,1,3,1,0,5,4,53,1
"0219",1,2,2,2,2,2,1,0,0,0,2,4,19,1
"0219",1,1,1,2,2,2,2,5,2,0,0,0,39,2
"0219",1,1,1,1,2,2,1,4,2,0,2,3,24,2
"0219",1,2,2,2,1,2,2,0,0,0,0,0,71,2
"0219",1,1,2,2,1,2,1,0,0,0,1,4,58,1
"0219",1,1,1,2,2,2,2,3,2,0,0,0,68,2
"0219",1,1,1,2,2,1,1,4,2,0,2,4,26,2
"0219",1,1,1,1,1,2,1,2,3,1000,2,2,27,2
"0219",1,1,1,2,2,2,1,4,3,1000,5,3,42,2
"0219",1,1,2,1,1,2,2,0,0,0,0,0,37,2
"0219",1,1,1,2,2,2,2,4,3,400,0,0,31,2
"0219",1,1,1,1,1,2,1,3,3,2000,2,1,39,1
"0219",1,1,1,2,2,2,1,2,3,1000,2,2,19,2
"0219",1,1,1,1,1,2,1,4,2,0,1,1,54,1
"0219",1,1,2,2,1,2,2,0,0,0,0,0,66,1
"0219",1,1,2,1,2,2,1,0,0,0,2,3,38,2
"0219",1,1,1,2,1,2,2,1,2,0,0,0,36,2
"0219",1,2,2,1,1,2,2,0,0,0,0,0,36,1
"0219",1,1,2,2,1,2,2,0,0,0,0,0,61,2
"0219",1,1,1,2,1,1,2,2,2,0,0,0,24,1
"0219",1,2,2,1,2,2,1,0,0,0,2,3,26,1
"0219",1,2,2,1,1,2,1,0,0,0,2,3,39,1
"0219",1,1,2,2,2,2,2,0,0,0,0,0,49,2
"0219",1,2,2,1,1,2,1,0,0,0,1,4,23,1
"0219",1,1,2,1,2,2,2,0,0,0,0,0,89,2
"0219",1,2,2,2,1,2,2,0,0,0,0,0,61,1
"0219",1,1,1,1,1,2,1,1,1,0,5,1,47,1
"0219",1,1,2,1,1,2,1,0,0,0,5,3,47,1
"0219",1,1,1,1,1,2,1,3,1,0,2,4,48,2
"0219",1,1,2,2,2,2,1,0,0,0,1,3,32,1
"0219",1,1,2,1,2,1,1,0,0,0,5,4,48,2
"0219",2,0,0,0,0,0,0,0,0,0,0,0,48,2
"0219",2,0,0,0,0,0,0,0,0,0,0,0,37,2
"0219",1,2,2,2,2,2,1,0,0,0,5,4,42,2
"0219",1,1,2,2,1,2,2,0,0,0,0,0,63,2
"0219",1,1,2,2,1,2,2,0,0,0,0,0,60,2
"0219",1,1,1,2,1,2,1,3,2,0,2,3,29,1
"0219",1,1,2,1,1,2,1,0,0,0,5,4,46,2
"0219",2,0,0,0,0,0,0,0,0,0,0,0,79,2
"0219",1,2,2,2,1,2,2,0,0,0,0,0,63,2
"0219",1,1,1,2,1,2,2,3,3,500,0,0,30,2
"0219",1,1,2,1,2,2,1,0,0,0,2,2,18,2
"0219",1,2,2,2,2,2,1,0,0,0,1,1,46,2
"0219",1,1,2,2,1,2,1,0,0,0,5,3,48,2
"0219",1,1,2,2,1,2,1,0,0,0,2,4,43,1
"0219",1,1,1,1,2,2,2,3,3,2000,0,0,24,1
"0219",1,1,2,1,2,2,2,0,0,0,0,0,43,1
"0219",1,1,1,2,2,2,1,4,2,0,2,4,26,2
"0219",1,1,1,2,2,2,1,4,2,0,1,3,24,1
"0219",1,2,2,2,1,2,1,0,0,0,5,3,33,1
"0219",1,1,2,2,2,2,1,0,0,0,5,3,45,2
"0219",1,1,2,2,1,1,2,0,0,0,0,0,39,1
"0219",1,1,1,2,1,2,1,1,1,0,1,3,59,2
"0219",1,1,1,2,2,2,2,5,2,0,0,0,56,1
"0219",1,1,2,1,2,2,2,0,0,0,0,0,52,2
"0219",1,1,1,1,1,2,2,4,1,0,0,0,33,1
"0219",1,1,2,1,1,2,2,0,0,0,0,0,41,1
"0219",1,1,1,1,1,2,1,4,2,0,1,4,31,1
"0219",1,1,1,2,1,2,1,5,2,0,5,3,55,2
"0219",1,1,2,1,1,1,1,0,0,0,1,4,22,1
"0219",1,1,1,2,2,2,2,5,2,0,0,0,68,2
"0219",1,2,2,1,2,2,2,0,0,0,0,0,47,2
"0219",1,1,1,2,2,2,2,1,2,0,0,0,26,1
"0219",1,2,2,2,1,2,2,0,0,0,0,0,42,1
"0219",1,1,1,2,2,2,2,4,3,200,0,0,42,2
"0219",1,1,2,2,1,2,2,0,0,0,0,0,35,1
"0219",2,0,0,0,0,0,0,0,0,0,0,0,52,1
"0219",1,1,2,1,1,2,2,0,0,0,0,0,49,1
"0219",1,1,2,1,2,2,1,0,0,0,2,4,27,2
"0219",1,2,2,2,1,2,2,0,0,0,0,0,60,1
"0219",1,1,1,1,2,2,1,4,3,250,5,1,22,2
"0219",1,1,1,1,1,2,1,3,3,400,1,3,57,1
"0219",1,1,2,2,1,2,1,0,0,0,2,1,55,1
"0219",1,1,2,2,1,2,2,0,0,0,0,0,76,2
"0219",1,1,1,2,2,2,2,4,3,500,0,0,75,2
"0219",1,2,2,2,2,2,1,0,0,0,2,4,61,2
"0219",1,1,2,2,2,2,2,0,0,0,0,0,61,1
"0219",1,1,2,1,2,2,2,0,0,0,0,0,28,2
"0219",1,1,1,1,1,2,1,1,1,0,1,3,25,1
"0219",1,1,1,2,2,1,1,4,1,0,1,1,30,1
"0219",1,1,1,2,2,2,1,1,3,600,2,1,37,1
"0219",1,1,1,2,2,2,1,4,3,450,1,3,60,2
"0219",1,1,1,1,2,2,1,1,2,0,1,1,38,2
"0219",1,1,1,1,1,2,1,1,3,200,2,3,22,1
"0219",1,1,2,1,1,1,2,0,0,0,0,0,40,1
"0219",1,1,2,1,2,1,1,0,0,0,3,1,36,1
"0219",1,1,2,1,2,2,2,0,0,0,0,0,51,2
"0219",1,1,1,1,2,2,1,2,3,3000,1,2,23,1
"0219",1,1,1,2,2,2,2,5,2,0,0,0,77,2
"0219",1,1,1,1,2,2,2,5,2,0,0,0,54,2
"0219",1,1,1,2,2,2,2,4,2,0,0,0,22,2
"0219",1,1,1,1,1,2,1,2,3,2500,1,2,18,2
"0219",1,1,1,2,1,1,1,4,3,700,2,3,25,2
"0219",1,2,2,2,1,2,1,0,0,0,2,4,36,1
"0219",1,2,2,2,2,2,2,0,0,0,0,0,81,1
"0219",1,2,2,1,1,2,2,0,0,0,0,0,78,2
"0219",1,1,1,1,2,1,1,2,1,0,2,3,24,1
"0219",1,2,1,2,1,2,1,6,2,0,2,4,42,2
"0219",1,1,1,1,1,2,1,4,3,500,2,3,46,1
"0219",1,1,2,1,1,2,2,0,0,0,0,0,63,1
"0219",1,1,1,2,1,1,1,4,3,200,1,2,18,1
"0219",1,1,2,1,2,2,1,0,0,0,2,4,29,2
"0219",1,1,1,1,1,2,2,3,2,0,0,0,33,2
"0219",1,1,1,1,2,2,1,1,2,0,1,3,31,1
"0219",1,1,2,2,2,2,2,0,0,0,0,0,57,1
"0219",1,1,1,2,2,1,2,4,3,300,0,0,42,2
"0219",1,1,2,1,1,2,1,0,0,0,5,4,52,2
"0219",1,1,1,2,1,1,1,4,1,0,5,4,32,2
"0219",1,1,2,2,2,2,1,0,0,0,5,5,22,2
"0219",1,1,1,1,1,1,1,3,3,300,1,3,51,1
"0219",1,1,1,2,1,2,1,2,3,2500,5,2,53,1
"0219",1,2,1,1,2,2,1,4,1,0,2,4,22,1
"0219",1,1,2,1,1,2,1,0,0,0,2,3,36,1
"0219",1,1,2,1,1,2,1,0,0,0,1,3,44,2
"0219",1,1,1,1,2,2,1,2,3,500,3,3,49,1
"0219",1,1,2,2,1,2,2,0,0,0,0,0,64,2
"0219",1,2,2,2,1,2,2,0,0,0,0,0,36,2
"0219",1,1,1,1,2,2,1,2,3,300,2,2,21,2
"0219",1,2,1,2,2,2,1,1,1,0,1,1,43,2
"0219",1,1,2,1,2,2,1,0,0,0,1,4,23,1
"0219",2,0,0,0,0,0,0,0,0,0,0,0,64,1
"0219",1,1,1,1,1,2,2,3,3,250,0,0,46,1
"0219",1,1,1,1,2,2,1,3,2,0,2,1,55,2
"0219",1,1,1,2,2,2,2,4,2,0,0,0,85,2
"0219",1,1,1,2,2,2,1,3,2,0,3,3,34,2
"0219",1,2,2,1,2,2,1,0,0,0,2,3,34,2
"0219",1,1,2,2,2,2,2,0,0,0,0,0,69,2
"0219",1,1,1,1,2,2,2,4,2,0,0,0,70,2
"0219",1,1,1,2,1,2,1,4,3,200,2,3,26,2
"0219",1,1,1,2,2,2,2,4,2,0,0,0,55,2
"0219",1,1,2,2,1,2,2,0,0,0,0,0,58,2
"0219",1,1,1,2,2,2,2,5,2,0,0,0,82,2
"0219",1,1,1,2,2,2,1,3,2,0,5,4,22,1
"0219",1,2,2,1,2,2,2,0,0,0,0,0,51,1
"0219",1,1,2,2,2,2,1,0,0,0,2,3,39,2
"0219",1,1,1,1,1,1,1,4,1,0,1,1,35,1
"0219",1,1,1,1,2,2,1,3,2,0,2,4,28,1
"0219",1,1,1,2,2,2,1,3,3,600,5,3,50,2
"0219",1,2,1,2,2,2,2,2,3,600,0,0,21,1
"0219",1,1,1,2,2,2,1,1,2,0,1,3,51,1
"0219",1,1,1,1,2,2,2,4,3,900,0,0,55,1
"0219",1,1,1,2,1,2,2,3,2,0,0,0,63,1
"0219",1,1,1,1,2,2,2,5,2,0,0,0,44,2
"0219",1,1,1,2,2,2,1,4,1,0,1,2,18,2
"0219",1,1,1,2,2,2,2,4,3,10,0,0,62,2
"0219",1,1,1,2,2,2,1,4,2,0,4,3,33,1
"0219",1,1,1,2,1,2,1,3,2,0,2,3,44,1
"0219",1,1,1,1,1,2,1,4,2,0,1,3,36,1
"0219",1,1,1,1,2,2,1,4,2,0,2,4,42,2
"0219",1,1,2,1,2,2,1,0,0,0,2,3,64,1
"0219",1,1,1,1,2,2,2,4,2,0,0,0,34,2
"0219",1,1,1,2,2,2,1,3,2,0,1,3,57,1
"0219",1,1,1,1,2,2,1,2,2,0,1,3,28,2
"0219",1,1,1,2,2,2,1,3,2,0,1,4,28,1
"0219",1,1,1,2,2,2,2,5,2,0,0,0,78,1
"0219",1,1,1,2,2,2,2,5,2,0,0,0,64,2
"0219",1,1,1,1,1,2,1,4,3,400,4,4,54,2
"0219",1,1,1,2,2,2,1,3,3,80,1,3,50,1
"0219",1,1,1,2,2,2,1,4,2,0,1,3,29,2
"0219",1,2,1,1,2,2,2,4,2,0,0,0,67,2
"0219",1,2,2,2,2,2,2,0,0,0,0,0,69,2
"0219",1,2,1,2,2,2,2,6,2,0,0,0,44,2
"0219",1,2,2,2,1,2,2,0,0,0,0,0,59,1
"0219",1,2,2,2,2,2,1,0,0,0,2,1,30,1
"0219",1,1,1,2,2,2,1,1,2,0,2,3,24,1
"0219",1,2,1,2,2,2,2,5,2,0,0,0,68,1
"0219",1,2,2,1,1,2,2,0,0,0,0,0,43,2
"0219",1,2,2,2,2,2,1,0,0,0,2,3,31,1
"0219",1,1,1,1,1,1,1,3,3,1500,2,4,50,2
"0219",1,1,1,2,2,2,2,6,2,0,0,0,32,2
"0219",1,1,2,1,2,1,1,0,0,0,1,3,24,1
"0219",1,1,1,2,1,2,1,4,2,0,2,3,36,1
"0219",1,1,1,2,2,2,1,1,2,0,2,3,57,1
"0219",1,1,1,1,2,2,1,4,2,0,2,3,71,2
"0219",1,1,2,2,2,2,2,0,0,0,0,0,27,2
"0219",1,1,1,1,1,2,2,3,3,500,0,0,30,1
"0219",1,1,1,2,2,2,1,2,2,0,2,3,39,2
"0219",1,2,1,2,2,2,1,1,2,0,2,3,39,1
"0219",1,2,2,2,2,2,1,0,0,0,2,3,19,2
"0219",1,2,2,1,2,2,2,0,0,0,0,0,43,2
"0219",1,1,1,2,2,2,1,3,3,500,2,3,43,1
"0219",1,2,1,2,2,2,2,5,2,0,0,0,64,2
"0219",1,2,2,2,1,2,2,0,0,0,0,0,61,2
"0219",1,2,1,2,2,2,2,4,2,0,0,0,44,2
"0219",1,2,1,2,2,2,2,6,2,0,0,0,42,2
"0219",1,2,1,2,2,2,1,1,2,0,2,3,48,1
"0219",1,1,2,1,2,2,1,0,0,0,2,2,30,1
"0219",1,1,1,2,2,2,1,3,3,500,2,3,45,2
"0219",1,2,2,2,2,2,1,0,0,0,2,3,26,2
"0219",1,1,2,1,2,2,2,0,0,0,0,0,39,2
"0219",1,1,1,2,2,1,2,4,3,350,0,0,37,2
"0219",1,2,2,2,1,2,2,0,0,0,0,0,45,2
"0219",1,1,1,1,1,1,1,4,2,0,2,1,22,2
"0219",1,1,2,1,2,2,1,0,0,0,3,2,44,2
"0219",1,1,2,1,2,2,1,0,0,0,2,4,30,2
"0219",1,1,1,2,2,2,1,3,2,0,1,3,27,1
"0219",1,1,2,2,1,2,2,0,0,0,0,0,31,2
"0219",1,1,1,1,2,2,2,3,2,0,0,0,31,2
"0219",1,1,1,1,1,2,2,5,2,0,0,0,64,2
"0219",1,1,1,2,2,2,1,4,3,600,1,3,67,1
"0219",1,1,1,2,1,2,2,5,3,120,0,0,35,2
"0219",1,1,1,1,1,2,1,4,2,0,1,1,31,1
"0219",1,1,1,1,1,2,1,3,2,0,2,3,26,1
"0219",2,0,0,0,0,0,0,0,0,0,0,0,40,2
"0219",1,1,1,1,1,2,2,5,2,0,0,0,55,2
"0219",1,1,1,1,2,2,2,2,2,0,0,0,30,1
"0219",1,2,1,2,1,2,2,4,2,0,0,0,53,1
"0219",1,2,2,2,1,2,2,0,0,0,0,0,59,2
"0219",1,1,1,2,1,2,2,5,2,0,0,0,73,1
"0219",1,1,1,1,1,2,2,4,2,0,0,0,68,2
"0219",1,1,1,1,1,2,1,4,3,300,2,3,26,1
"0219",1,1,1,2,1,2,2,4,3,200,0,0,64,1
"0219",1,1,2,1,1,2,2,0,0,0,0,0,84,1
"0219",1,1,1,2,1,2,2,4,3,800,0,0,68,1
"0219",1,1,1,1,1,1,1,4,3,600,1,3,62,2
"0219",1,2,2,2,1,2,2,0,0,0,0,0,68,2
"0219",1,1,2,1,2,2,1,0,0,0,2,1,39,1
"0219",1,1,1,1,2,1,1,4,3,1500,2,4,20,1
"0219",1,2,2,2,1,2,2,0,0,0,0,0,34,1
"0219",1,1,1,2,2,2,2,4,3,1000,0,0,69,2
"0219",1,1,1,2,2,2,2,4,3,1000,0,0,35,1
"0219",1,1,1,2,1,1,1,2,2,0,2,3,19,1
"0219",1,1,1,2,2,2,2,3,3,1500,0,0,54,2
"0219",1,1,1,2,2,2,2,4,2,0,0,0,29,2
"0219",1,1,2,1,1,2,1,0,0,0,2,4,29,1
"0219",1,1,2,1,1,2,1,0,0,0,5,4,20,2
"0219",1,1,2,1,1,2,1,0,0,0,2,4,24,1
"0219",1,1,1,1,1,1,1,4,1,0,1,3,37,1
"0219",1,1,1,2,2,2,1,3,2,0,2,1,23,1
"0219",1,1,1,1,2,2,1,3,3,1000,2,1,59,1
"0219",1,1,1,1,2,2,2,1,1,0,0,0,28,1
"0219",1,1,1,1,2,2,2,3,2,0,0,0,47,2
"0219",1,1,1,1,2,2,1,3,3,250,2,2,35,1
"0219",1,1,1,1,1,2,1,4,2,0,5,4,26,1
"0219",1,2,2,2,1,2,2,0,0,0,0,0,58,2
"0219",1,2,2,2,2,2,1,0,0,0,2,3,30,2
"0219",1,2,2,2,1,2,2,0,0,0,0,0,28,1
"0219",1,2,2,1,1,2,1,0,0,0,5,4,25,1
"0219",1,1,1,2,2,2,1,4,1,0,2,3,21,2
"0219",2,0,0,0,0,0,0,0,0,0,0,0,65,2
"0219",1,1,1,2,1,2,1,4,1,0,1,1,26,1
"0219",1,1,1,1,2,2,1,3,2,0,1,3,55,2
"0219",1,1,1,2,1,2,1,2,1,0,1,1,36,2
"0219",1,1,1,1,2,2,1,3,2,0,1,3,50,2
"0219",1,1,2,2,1,2,1,0,0,0,1,4,38,2
"0219",1,1,1,2,2,2,2,4,3,100,0,0,38,2
"0219",1,1,1,2,2,2,1,4,2,0,5,3,52,2
"0219",1,1,1,2,2,2,1,4,1,0,2,2,20,1
"0219",1,1,1,2,1,2,1,4,1,0,2,1,59,1
"0219",1,1,1,1,2,2,1,4,3,100,4,1,36,2
"0219",1,1,2,2,1,1,2,0,0,0,0,0,32,1
"0219",1,1,1,1,1,2,1,4,3,250,5,4,50,1
"0219",1,2,2,2,1,2,2,0,0,0,0,0,67,2
"0219",1,1,1,2,2,2,2,5,2,0,0,0,73,2
"0219",1,1,2,1,1,2,1,0,0,0,5,4,25,1
"0219",1,2,2,2,1,2,1,0,0,0,2,4,27,1
"0219",1,1,1,2,2,2,2,3,2,0,0,0,49,2
"0219",1,1,1,1,2,2,1,4,3,800,5,5,28,2
"0219",1,1,2,1,2,2,1,0,0,0,2,2,25,2
"0219",1,1,1,2,1,2,2,1,3,1000,0,0,55,1
"0219",1,1,1,2,2,2,1,4,2,0,1,3,40,2
"0219",1,2,2,2,2,2,1,0,0,0,2,3,35,2
"0219",1,1,1,1,1,2,2,4,3,350,0,0,52,1
"0219",1,1,1,2,2,2,2,5,2,0,0,0,57,2
"0219",1,2,2,1,1,2,2,0,0,0,0,0,31,2
"0219",1,1,1,1,2,2,1,5,3,340,5,4,53,2
"0219",1,2,2,2,2,2,2,0,0,0,0,0,65,1
"0219",1,1,1,1,1,2,1,4,2,0,2,4,27,2
"0219",1,1,1,1,2,2,1,4,2,0,2,3,20,2
"0219",1,1,2,1,1,2,2,0,0,0,0,0,68,2
"0219",1,1,1,2,2,2,1,2,2,0,2,2,25,1
"0219",1,1,1,2,2,2,1,4,2,0,2,4,24,1
"0219",1,1,2,2,1,2,2,0,0,0,0,0,47,2
"0219",1,1,2,1,1,2,1,0,0,0,2,1,46,2
"0219",1,1,1,2,2,2,1,1,3,900,2,4,51,2
"0219",1,1,1,1,1,2,1,3,3,1500,2,3,45,1
"0219",1,1,1,1,2,2,1,4,2,0,2,3,46,2
"0219",1,1,2,1,2,1,1,0,0,0,1,4,38,2
"0219",1,1,1,2,2,1,1,4,3,250,5,3,22,2
"0219",1,2,2,2,1,2,1,0,0,0,5,1,33,1
"0219",1,2,2,2,1,2,2,0,0,0,0,0,36,1
"0219",1,1,1,2,1,2,2,3,2,0,0,0,70,2
"0219",1,1,2,2,2,2,1,0,0,0,1,4,39,2
"0219",1,1,1,1,1,2,1,1,2,0,1,1,64,1
"0219",1,1,1,2,2,2,1,1,2,0,2,1,23,1
"0219",1,1,1,1,1,2,1,2,3,1000,2,1,36,2
"0219",1,1,1,2,2,2,1,4,2,0,5,3,59,2
"0219",1,1,1,2,2,2,1,4,2,0,5,4,29,1
"0219",1,1,1,1,2,2,2,3,2,0,0,0,57,2
"0219",1,1,1,1,2,2,1,1,2,0,5,3,38,2
"0219",1,1,1,1,1,2,2,4,2,0,0,0,55,1
"0219",1,1,1,1,2,2,1,4,2,0,2,1,62,2
"0219",1,1,1,1,1,2,1,4,3,3000,1,1,45,1
"0219",1,1,1,1,1,2,1,1,3,70,1,1,42,2
"0219",1,1,2,1,1,2,2,0,0,0,0,0,46,2
"0219",1,1,1,1,1,2,2,4,2,0,0,0,38,2
"0219",1,1,1,2,2,2,1,4,2,0,5,4,24,1
"0219",1,1,1,2,1,2,1,4,2,0,1,4,23,2
"0219",1,1,1,2,2,2,1,4,2,0,2,2,21,2
"0219",1,1,2,2,2,2,2,0,0,0,0,0,35,2
"0219",1,1,1,2,1,2,2,4,2,0,0,0,35,1
"0219",1,1,1,1,1,2,1,1,1,0,1,3,49,1
"0219",1,1,1,1,1,2,2,3,3,580,0,0,58,2
"0219",1,1,1,2,2,2,1,1,1,0,3,1,25,1
"0219",1,1,1,1,2,2,2,2,1,0,0,0,26,1
"0219",1,1,1,1,1,2,1,1,1,0,2,1,37,1
"0219",1,1,1,1,1,2,2,3,3,1000,0,0,53,2
"0219",1,1,1,1,1,2,1,3,1,0,2,3,40,2
"0219",1,1,2,2,1,2,2,0,0,0,0,0,43,1
"0219",1,1,1,1,1,2,2,1,3,620,0,0,40,1
"0219",1,1,1,1,2,2,2,5,2,0,0,0,64,2
"0219",1,1,1,1,2,2,2,5,3,300,0,0,26,2
"0219",1,1,1,2,2,2,2,5,3,300,0,0,49,2
"0219",1,1,1,2,2,2,1,3,3,230,3,3,36,1
"0219",1,1,1,1,2,2,1,5,2,0,2,5,29,2
"0219",2,0,0,0,0,0,0,0,0,0,0,0,30,1
"0219",1,1,1,1,2,2,1,1,1,0,2,1,45,1
"0219",1,1,1,2,2,2,1,5,3,1500,2,3,62,1
"0219",1,1,1,1,2,2,1,5,3,120,2,3,46,1
"0219",1,1,1,1,1,2,2,4,3,250,0,0,25,2
"0219",1,2,2,2,2,2,1,0,0,0,5,3,32,1
"0219",1,2,2,2,2,2,1,0,0,0,1,3,36,2
"0219",1,1,1,1,2,2,1,5,3,800,2,4,40,2
"0219",1,1,2,1,1,2,1,0,0,0,1,1,52,2
"0219",1,1,1,2,2,2,2,5,3,450,0,0,37,2
"0219",1,1,1,1,2,2,1,1,2,0,1,4,27,1
"0219",1,1,2,2,2,2,1,0,0,0,1,4,51,2
"0219",1,1,1,1,1,2,2,4,3,4800,0,0,76,2
"0219",2,0,0,0,0,0,0,0,0,0,0,0,42,2
"0219",1,1,1,2,2,2,1,1,2,0,1,1,46,1
"0219",1,2,1,1,1,2,2,4,2,0,0,0,41,2
"0219",1,2,1,2,2,2,1,6,2,0,2,4,29,2
"0219",1,1,1,1,2,2,1,1,3,400,1,4,54,2
"0219",1,1,2,1,1,2,1,0,0,0,1,3,47,2
"0219",1,1,1,2,2,2,2,5,2,0,0,0,44,2
"0219",1,1,2,1,1,1,1,0,0,0,1,2,35,2
"0219",2,0,0,0,0,0,0,0,0,0,0,0,78,1
"0219",1,2,2,2,1,2,1,0,0,0,1,4,32,2
"0219",1,1,2,2,1,2,1,0,0,0,1,4,45,1
"0219",1,2,2,2,1,2,2,0,0,0,0,0,48,1
"0219",1,2,1,2,1,2,2,5,2,0,0,0,53,1
"0219",1,2,1,1,2,2,1,6,2,0,2,6,34,2
"0219",1,1,2,2,2,2,1,0,0,0,1,4,22,1
"0219",1,1,1,2,1,2,1,1,3,650,1,1,42,1
"0219",1,1,1,1,2,2,1,3,3,600,2,3,45,2
"0219",1,1,1,2,2,2,1,4,3,500,2,3,23,2
"0219",1,1,1,1,2,2,1,2,2,0,2,4,20,2
"0219",1,2,2,2,2,2,2,0,0,0,0,0,60,1
"0219",1,1,2,2,2,2,1,0,0,0,1,1,41,2
"0219",1,1,2,1,2,2,1,0,0,0,1,4,25,2
"0219",1,2,2,2,1,2,2,0,0,0,0,0,69,1
"0219",1,2,2,2,1,2,2,0,0,0,0,0,50,1
"0219",1,1,1,1,2,2,1,4,2,0,1,6,44,1
"0219",1,1,2,2,1,2,1,0,0,0,1,4,51,1
"0219",1,1,1,2,2,2,2,5,3,300,0,0,66,1
"0219",1,1,1,2,1,2,1,3,3,120,2,3,50,1
"0219",1,1,1,1,2,1,1,2,1,0,1,3,26,2
"0219",1,1,1,1,1,2,1,1,3,2000,1,1,42,2
"0219",1,2,2,2,2,1,1,0,0,0,5,4,27,1
"0219",1,1,1,2,2,2,2,3,3,800,0,0,19,2
"0219",1,1,1,1,1,2,1,4,2,0,2,2,30,2
"0219",1,1,1,1,1,2,1,3,3,9000,1,1,39,1
"0219",1,1,2,1,2,2,1,0,0,0,3,3,39,2
"0219",1,2,2,2,2,2,1,0,0,0,1,3,62,2
"0219",1,1,1,2,2,2,2,5,2,0,0,0,76,1
"0219",1,1,1,2,1,2,2,4,2,0,0,0,57,1
"0219",1,1,1,2,2,2,2,4,3,215,0,0,46,1
"0219",1,1,2,2,1,2,1,0,0,0,2,2,43,2
"0219",1,1,1,1,2,2,1,1,2,0,2,4,34,1
"0219",1,1,1,2,2,2,2,5,3,30,0,0,80,1
"0219",1,1,2,2,2,2,1,0,0,0,1,3,43,1
"0219",1,1,1,2,2,2,2,4,2,0,0,0,50,2
"0219",1,1,1,1,1,1,2,4,2,0,0,0,52,1
"0219",1,1,1,2,1,2,1,3,3,100,1,3,28,2
"0219",1,1,1,2,2,2,2,5,2,0,0,0,34,2
"0219",1,2,2,2,2,1,2,0,0,0,0,0,19,1
"0219",1,1,1,1,1,1,2,4,2,0,0,0,35,1
"0219",1,1,1,2,2,2,2,4,2,0,0,0,19,1
"0219",1,1,1,1,2,2,1,4,1,0,3,4,37,2
"0219",1,1,2,1,1,2,1,0,0,0,2,3,45,2
"0219",1,1,1,1,2,2,2,1,2,0,0,0,67,1
"0219",1,1,1,1,2,2,2,4,2,0,0,0,72,1
"0219",1,1,2,2,1,2,1,0,0,0,1,3,40,2
"0219",1,1,2,1,1,2,2,0,0,0,0,0,52,2
"0219",1,1,2,1,1,2,1,0,0,0,1,4,18,1
"0219",1,1,1,2,1,2,2,3,2,0,0,0,60,1
"0219",1,1,2,2,1,2,2,0,0,0,0,0,38,1
"0219",1,1,1,1,2,2,2,4,3,360,0,0,70,2
"0219",1,1,1,2,1,2,1,3,3,400,1,4,90,2
"0219",1,1,1,1,2,2,2,4,2,0,0,0,52,2
"0219",1,1,2,2,1,2,2,0,0,0,0,0,88,2
"0219",1,2,2,2,2,2,2,0,0,0,0,0,80,1
"0219",1,1,1,2,2,2,2,4,2,0,0,0,35,1
"0219",1,2,2,1,2,2,2,0,0,0,0,0,35,1
"0219",1,1,2,1,2,2,1,0,0,0,2,4,34,2
"0219",1,1,1,1,2,2,2,5,3,1000,0,0,46,1
"0219",1,1,1,2,2,2,2,1,2,0,0,0,31,1
"0219",2,0,0,0,0,0,0,0,0,0,0,0,59,2
"0219",1,1,1,2,2,2,2,5,2,0,0,0,35,1
"0219",1,1,2,2,2,2,2,0,0,0,0,0,53,1
"0219",1,1,2,2,1,2,2,0,0,0,0,0,42,2
"0219",1,1,2,1,2,1,2,0,0,0,0,0,51,2
"0219",1,1,2,1,1,1,1,0,0,0,2,4,31,2
"0219",1,2,2,2,1,2,2,0,0,0,0,0,43,2
"0219",1,1,2,1,1,2,1,0,0,0,1,4,29,1
"0219",1,2,2,1,1,2,1,0,0,0,1,3,42,1
"0219",1,1,2,1,1,2,1,0,0,0,1,3,44,1
"0219",1,2,2,2,1,2,2,0,0,0,0,0,37,2
"0219",1,1,2,2,1,2,2,0,0,0,0,0,31,1
"0219",1,1,1,2,2,2,1,3,2,0,2,4,32,2
"0219",1,1,2,2,1,2,1,0,0,0,2,4,32,2
"0219",1,1,1,2,2,2,1,5,3,250,2,3,43,2
"0219",1,2,2,2,1,2,1,0,0,0,2,3,29,1
"0219",1,1,1,1,2,2,1,5,2,0,1,5,38,2
"0219",1,2,2,1,2,2,1,0,0,0,3,4,45,1
"0219",1,1,1,1,1,2,2,3,3,500,0,0,46,2
"0219",1,2,2,2,1,2,2,0,0,0,0,0,88,2
"0219",1,1,2,1,1,2,2,0,0,0,0,0,77,1
"0219",1,1,1,2,1,2,2,4,2,0,0,0,28,2
"0219",1,2,2,2,1,2,2,0,0,0,0,0,84,2
"0219",1,2,2,2,2,2,1,0,0,0,2,4,29,2
"0219",1,1,1,1,2,1,1,3,2,0,2,3,59,1
"0219",1,1,2,2,1,2,1,0,0,0,2,4,37,2
"0219",1,1,1,1,1,2,1,1,3,5000,1,3,44,2
"0219",1,1,2,2,1,2,1,0,0,0,2,4,76,1
"0219",1,1,1,2,2,2,1,3,3,600,1,1,24,2
"0219",1,1,1,1,2,2,1,4,3,270,1,4,47,2
"0219",1,1,2,1,1,1,1,0,0,0,2,3,23,1
"0219",1,2,2,1,2,2,1,0,0,0,1,4,26,1
"0219",1,2,2,2,1,2,2,0,0,0,0,0,70,2
"0219",1,1,2,1,1,2,1,0,0,0,2,1,52,1
"0219",1,1,1,2,2,2,1,4,3,180,2,4,23,1
"0219",1,1,2,2,1,2,2,0,0,0,0,0,78,1
"0219",1,1,1,2,1,2,1,1,3,1200,2,3,34,1
"0219",1,2,2,2,1,2,2,0,0,0,0,0,30,2
"0219",1,1,1,2,2,2,1,4,3,300,2,3,32,1
"0219",1,1,1,1,1,2,1,4,2,0,1,3,43,2
"0219",1,1,1,1,2,2,1,4,1,0,1,2,25,1
"0219",1,2,2,2,1,2,1,0,0,0,2,2,20,2
"0219",1,2,1,1,2,2,1,4,3,150,1,3,27,1
"0219",1,1,1,1,1,2,1,3,2,0,2,3,60,2
"0219",1,1,1,2,2,2,1,3,3,2400,2,3,25,2
"0219",1,1,1,1,2,2,1,3,3,1200,1,3,50,2
"0219",1,2,2,1,1,2,1,0,0,0,2,3,45,1
"0219",1,1,1,2,2,2,2,3,2,0,0,0,31,2
"0219",1,1,1,2,2,2,2,3,2,0,0,0,63,1
"0219",1,1,1,1,2,2,1,3,1,0,1,3,24,1
"0219",1,1,1,1,2,2,2,4,2,0,0,0,22,1
"0219",1,1,1,2,2,2,2,1,3,1100,0,0,61,1
"0219",1,1,1,1,1,2,1,3,3,600,2,3,58,1
"0219",1,1,1,1,2,2,2,4,2,0,0,0,46,2
"0219",1,2,2,2,2,1,1,0,0,0,1,2,22,1
"0219",1,1,1,1,2,2,1,2,1,0,1,4,20,2
"0219",1,1,1,2,1,2,1,4,1,0,1,3,50,2
"0219",1,2,1,2,2,2,2,4,2,0,0,0,23,2
"0219",1,1,2,1,2,2,2,0,0,0,0,0,40,2
"0219",1,2,1,2,2,1,2,4,2,0,0,0,21,1
"0219",1,1,1,1,2,2,2,2,1,0,0,0,35,2
"0219",1,1,1,2,2,2,1,2,3,800,1,3,18,1
"0219",1,1,1,2,1,2,1,4,3,8000,2,1,24,2
"0219",1,1,1,2,1,2,2,5,3,400,0,0,57,2
"0219",1,1,2,2,2,2,2,0,0,0,0,0,24,2
"0219",1,1,1,1,1,2,2,3,3,120,0,0,31,2
"0219",1,1,1,2,2,2,1,4,3,1200,1,3,51,2
"0219",1,1,1,1,1,1,2,2,2,0,0,0,32,1
"0219",1,1,1,2,2,2,1,4,3,1500,1,3,28,1
"0219",1,1,2,2,2,2,2,0,0,0,0,0,70,2
"0219",1,1,1,1,1,1,1,4,3,2000,1,4,37,2
"0219",1,1,1,1,2,1,1,4,2,0,2,4,28,2
"0219",1,1,1,2,2,2,1,4,2,0,1,1,21,1
"0219",1,1,1,2,2,2,1,2,3,1400,2,4,34,2
"0219",1,1,1,1,2,2,1,3,2,0,1,3,39,2
"220",1,1,1,1,1,2,1,4,2,0,5,4,48,1
"220",1,2,2,2,2,2,1,0,0,0,5,4,41,2
"220",1,2,2,2,2,2,2,0,0,0,0,0,55,2
"220",1,1,1,2,1,2,1,4,2,0,2,4,55,1
"220",1,1,1,2,2,2,2,4,2,0,0,0,60,2
"220",1,1,2,1,2,2,1,0,0,0,3,4,48,2
"220",1,1,2,2,1,2,2,0,0,0,0,0,67,1
"220",1,1,2,2,1,2,1,0,0,0,1,4,40,1
"220",1,2,2,2,2,2,2,0,0,0,0,0,43,1
"220",1,1,1,2,2,2,2,4,2,0,0,0,68,1
"220",1,1,2,2,2,2,1,0,0,0,1,3,46,1
"220",1,1,2,2,1,2,1,0,0,0,2,3,52,1
"220",1,1,1,1,1,2,1,3,2,0,1,3,51,2
"220",1,1,1,2,2,2,2,4,3,300,0,0,71,1
"220",1,2,2,2,2,2,2,0,0,0,0,0,54,2
"220",1,2,2,2,2,2,1,0,0,0,2,4,24,2
"220",1,2,2,2,2,2,1,0,0,0,2,4,31,2
"220",1,2,2,2,2,2,2,0,0,0,0,0,57,1
"220",1,2,2,2,2,2,1,0,0,0,3,4,28,1
"220",1,2,2,2,2,2,2,0,0,0,0,0,32,1
"220",1,2,2,2,2,2,2,0,0,0,0,0,38,2
"220",1,1,1,1,1,2,1,4,3,280,2,4,42,2
"220",1,2,2,2,2,2,2,0,0,0,0,0,70,2
"220",1,2,2,2,2,2,1,0,0,0,5,4,46,2
"220",1,2,2,2,2,2,2,0,0,0,0,0,46,2
"220",1,1,1,2,2,2,1,4,3,280,2,4,19,2
"220",1,1,1,2,2,2,1,2,2,0,2,2,22,1
"220",1,2,2,2,2,2,2,0,0,0,0,0,30,1
"220",1,2,2,2,2,2,2,0,0,0,0,0,50,1
"220",1,1,1,2,2,2,1,4,2,0,5,4,67,2
"220",1,2,2,2,2,2,2,0,0,0,0,0,18,2
"220",1,1,1,1,2,2,2,4,2,0,0,0,52,2
"220",1,2,2,2,2,2,1,0,0,0,5,4,42,2
"220",1,2,2,2,2,2,2,0,0,0,0,0,39,2
"220",1,2,2,2,2,2,1,0,0,0,5,4,36,2
"220",1,1,2,1,2,2,1,0,0,0,5,4,20,1
"220",1,2,2,2,2,2,2,0,0,0,0,0,47,1
"220",1,2,2,2,2,2,1,0,0,0,5,4,35,1
"220",1,2,2,2,1,2,2,0,0,0,0,0,46,1
"220",1,1,1,2,2,2,1,2,3,450,2,4,18,2
"220",1,1,2,2,1,2,1,0,0,0,5,4,44,1
"220",1,2,2,2,2,2,2,0,0,0,0,0,35,1
"220",1,2,2,2,2,2,1,0,0,0,5,4,24,2
"220",1,2,2,2,2,2,2,0,0,0,0,0,38,1
"220",1,1,1,2,2,2,1,4,2,0,5,2,19,2
"220",1,1,1,2,2,2,1,3,3,120,1,5,49,1
"220",1,2,2,2,2,2,2,0,0,0,0,0,28,2
"220",1,1,2,2,2,1,2,0,0,0,0,0,40,2
"220",1,1,2,1,2,2,1,0,0,0,1,3,43,2
"220",1,2,2,2,2,1,1,0,0,0,1,3,43,2
"220",1,2,2,2,2,2,2,0,0,0,0,0,91,2
"220",1,2,2,1,2,2,1,0,0,0,2,1,31,2
"220",1,2,2,2,2,2,2,0,0,0,0,0,34,1
"220",1,1,2,1,2,2,1,0,0,0,2,3,42,2
"220",1,1,1,2,2,2,1,4,3,250,1,3,44,2
"220",1,2,2,2,2,2,2,0,0,0,0,0,37,2
"220",1,2,1,2,2,2,2,1,2,0,0,0,36,1
"220",1,2,2,2,2,2,2,0,0,0,0,0,52,2
"220",1,1,2,1,1,2,1,0,0,0,1,3,57,1
"220",1,1,1,2,1,2,1,4,3,400,3,3,61,2
"220",1,2,2,2,2,2,1,0,0,0,1,3,40,1
"220",1,2,2,2,2,2,1,0,0,0,1,4,49,1
"220",1,2,2,2,2,2,1,0,0,0,1,3,33,2
"220",1,1,1,1,1,2,1,3,3,3000,1,3,72,1
"220",1,1,1,1,1,2,2,3,2,0,0,0,68,2
"220",1,1,1,2,2,2,1,3,1,0,1,3,63,1
"220",1,2,2,2,2,2,1,0,0,0,2,4,37,2
"220",1,2,1,2,2,2,1,4,2,0,2,6,28,2
"220",1,2,2,2,2,2,2,0,0,0,0,0,78,1
"220",1,1,1,1,1,2,1,4,3,600,2,3,59,1
"220",1,2,2,2,1,2,2,0,0,0,0,0,64,1
"220",1,1,1,2,2,2,1,2,3,700,1,2,21,2
"220",1,2,2,2,2,2,2,0,0,0,0,0,23,1
"220",1,2,2,2,2,2,1,0,0,0,3,4,30,1
"220",1,1,2,1,2,2,2,0,0,0,0,0,66,1
"220",1,2,1,2,2,2,1,6,2,0,1,3,44,1
"220",1,2,2,2,2,2,2,0,0,0,0,0,40,2
"220",1,1,2,2,2,2,2,0,0,0,0,0,60,2
"220",1,2,2,2,2,2,2,0,0,0,0,0,74,2
"220",1,1,1,1,2,2,1,4,1,0,1,3,66,2
"220",1,1,2,1,2,2,2,0,0,0,0,0,44,2
"220",1,1,1,1,1,2,2,4,3,1000,0,0,65,2
"220",1,2,2,2,2,2,2,0,0,0,0,0,46,1
"220",1,1,1,1,2,2,2,3,3,250,0,0,56,1
"220",1,2,2,2,2,2,2,0,0,0,0,0,30,2
"220",1,1,1,1,1,2,1,2,1,0,5,4,39,1
"220",1,1,2,2,1,2,2,0,0,0,0,0,50,1
"220",1,1,1,1,2,2,1,3,3,200,1,3,31,2
"220",1,2,2,2,2,2,2,0,0,0,0,0,65,2
"220",1,1,1,2,2,2,1,4,2,0,2,3,41,2
"220",1,1,1,2,2,2,1,1,2,0,3,3,47,2
"220",1,1,2,1,2,2,2,0,0,0,0,0,28,2
"220",1,2,2,2,2,2,2,0,0,0,0,0,72,1
"220",1,2,2,2,2,2,2,0,0,0,0,0,74,1
"220",1,2,2,1,2,2,2,0,0,0,0,0,25,2
"220",1,2,2,2,2,2,2,0,0,0,0,0,64,2
"220",1,2,2,2,2,2,2,0,0,0,0,0,71,2
"220",1,2,2,2,2,2,2,0,0,0,0,0,50,2
"220",1,1,2,1,2,2,1,0,0,0,2,3,28,1
"220",1,1,2,2,2,2,1,0,0,0,1,1,32,1
"220",1,2,2,2,2,2,2,0,0,0,0,0,66,2
"220",1,1,2,1,2,2,2,0,0,0,0,0,73,1
"220",1,2,2,2,2,2,2,0,0,0,0,0,80,1
"220",1,1,2,2,2,2,1,0,0,0,1,4,27,1
"220",1,1,1,2,2,2,1,3,2,0,2,4,32,1
"220",1,2,2,2,2,2,2,0,0,0,0,0,66,1
"220",1,1,1,1,2,2,1,3,3,1000,2,3,60,2
"220",1,1,1,2,2,2,2,3,2,0,0,0,46,2
"220",1,1,1,2,2,2,2,1,1,0,0,0,39,2
"220",1,2,2,2,2,2,2,0,0,0,0,0,33,2
"220",1,2,2,2,2,2,2,0,0,0,0,0,51,1
"220",1,1,1,2,1,2,1,4,3,1300,2,3,48,2
"220",1,1,1,1,2,2,1,2,1,0,1,2,21,2
"220",1,1,1,2,1,2,1,2,1,0,1,2,21,2
"220",1,2,2,2,2,2,2,0,0,0,0,0,78,2
"220",1,2,2,2,2,2,2,0,0,0,0,0,32,2
"220",1,1,2,1,2,2,1,0,0,0,1,3,40,2
"220",1,1,1,2,2,2,2,2,2,0,0,0,26,2
"220",1,1,1,2,1,2,2,4,2,0,0,0,71,1
"220",1,2,2,2,1,2,2,0,0,0,0,0,40,1
"220",1,2,1,2,2,2,1,5,3,350,5,3,32,2
"220",1,2,2,2,2,2,2,0,0,0,0,0,76,2
"220",2,0,0,0,0,0,0,0,0,0,0,0,73,1
"220",1,1,2,2,1,2,1,0,0,0,5,3,61,1
"220",1,1,1,2,1,2,1,3,2,0,2,4,27,1
"220",1,1,1,2,2,2,1,1,2,0,1,1,37,2
"220",1,2,1,2,2,2,2,5,3,150,0,0,35,2
"220",1,2,2,2,2,2,1,0,0,0,1,4,35,1
"220",1,1,2,1,2,2,1,0,0,0,1,4,37,1
"220",1,1,1,2,2,2,1,4,3,1500,1,4,25,1
"220",1,1,2,1,1,2,1,0,0,0,2,3,47,1
"220",1,2,2,1,2,2,2,0,0,0,0,0,25,1
"220",1,1,1,1,1,2,1,4,2,0,1,4,57,2
"220",1,1,1,2,1,2,2,4,3,2000,0,0,75,1
"220",1,1,1,2,2,2,1,4,3,1500,1,4,25,2
"220",1,1,2,1,1,2,1,0,0,0,5,4,20,1
"220",1,2,1,1,2,2,1,2,2,0,5,4,27,2
"220",1,1,1,2,2,2,2,5,3,300,0,0,63,1
"220",1,1,2,2,1,2,1,0,0,0,1,4,28,1
"220",1,1,1,2,2,2,1,3,2,0,2,4,34,2
"220",1,1,1,1,2,2,1,1,2,0,2,3,37,2
"220",1,2,2,2,1,2,2,0,0,0,0,0,45,1
"220",1,1,1,2,1,2,1,3,2,0,1,4,26,1
"220",1,1,1,1,2,2,1,4,3,800,1,4,23,1
"220",1,2,2,1,2,2,1,0,0,0,2,4,39,2
"220",1,1,1,2,1,2,2,5,2,0,0,0,70,1
"220",1,1,1,1,1,2,2,3,3,2000,0,0,70,1
"220",1,1,1,1,1,2,2,5,3,100,0,0,81,2
"220",1,2,2,2,1,2,1,0,0,0,1,4,39,2
"220",1,1,1,2,2,2,2,3,2,0,0,0,44,2
"220",2,0,0,0,0,0,0,0,0,0,0,0,64,1
"220",1,1,2,2,1,2,2,0,0,0,0,0,53,1
"220",1,2,2,1,2,2,2,0,0,0,0,0,24,1
"220",1,2,2,2,2,2,2,0,0,0,0,0,44,1
"220",1,1,2,1,1,2,2,0,0,0,0,0,66,2
"220",1,1,1,1,1,2,2,3,2,0,0,0,54,1
"220",1,2,2,2,1,2,1,0,0,0,1,3,50,2
"220",1,2,2,1,2,2,2,0,0,0,0,0,57,1
"220",1,1,1,2,2,2,1,5,2,0,2,3,40,1
"220",1,1,1,2,1,2,1,1,2,0,2,1,43,1
"220",1,1,1,2,2,2,1,4,1,0,2,4,33,2
"220",1,1,2,1,2,2,1,0,0,0,2,4,25,1
"220",1,1,1,2,2,2,2,5,2,0,0,0,84,2
"220",1,1,1,2,1,2,2,3,2,0,0,0,52,2
"220",1,1,1,2,1,2,1,2,1,0,2,4,19,1
"220",1,1,1,1,1,2,2,3,3,60,0,0,48,1
"220",1,1,1,2,1,2,2,5,2,0,0,0,18,2
"220",1,1,2,1,2,2,1,0,0,0,2,1,28,1
"220",1,2,1,2,2,2,1,1,2,0,5,4,19,2
"220",1,1,2,1,2,2,2,0,0,0,0,0,40,2
"220",1,1,2,1,2,2,1,0,0,0,1,1,58,1
"220",1,1,1,2,2,2,1,4,3,400,2,4,21,2
"220",1,1,1,2,2,2,1,3,3,300,2,3,64,2
"220",1,1,1,2,2,2,1,3,3,600,5,4,60,2
"220",1,1,2,1,2,2,2,0,0,0,0,0,22,2
"220",1,1,1,2,2,2,2,1,1,0,0,0,28,1
"220",1,1,1,1,1,2,1,3,3,200,5,4,38,2
"220",1,1,2,2,1,2,2,0,0,0,0,0,66,2
"220",1,1,2,2,1,2,2,0,0,0,0,0,37,1
"220",1,1,2,2,1,2,2,0,0,0,0,0,86,1
"220",1,2,2,2,2,2,1,0,0,0,2,3,45,2
"220",1,2,2,2,2,2,2,0,0,0,0,0,68,2
"220",1,2,2,2,2,2,1,0,0,0,1,4,41,2
"220",1,1,2,1,2,1,1,0,0,0,1,4,34,2
"220",1,1,1,1,1,2,1,4,2,0,1,3,62,1
"220",1,1,1,1,1,2,1,1,1,0,1,1,31,1
"220",1,1,1,2,2,2,2,4,3,500,0,0,43,1
"220",1,1,2,2,1,2,2,0,0,0,0,0,63,2
"220",1,1,1,2,2,2,1,3,2,0,1,3,29,1
"220",2,0,0,0,0,0,0,0,0,0,0,0,72,2
"220",1,1,1,1,1,1,1,3,3,650,2,3,27,1
"220",1,2,2,2,2,2,1,0,0,0,5,4,29,2
"220",1,1,2,1,1,2,1,0,0,0,1,3,34,2
"220",1,2,2,2,2,2,2,0,0,0,0,0,59,2
"220",1,1,2,2,2,2,1,0,0,0,1,4,27,2
"220",1,1,2,2,1,2,2,0,0,0,0,0,56,1
"220",1,1,2,1,1,2,1,0,0,0,5,3,47,2
"220",1,1,1,1,1,2,1,1,1,0,1,1,44,1
"220",1,1,2,1,1,2,1,0,0,0,2,1,54,1
"220",1,1,1,1,2,2,1,2,3,2000,2,2,23,2
"220",1,1,1,2,2,2,2,4,3,2000,0,0,44,2
"220",1,2,2,2,2,2,2,0,0,0,0,0,27,1
"220",1,2,2,2,2,2,2,0,0,0,0,0,60,1
"220",1,1,1,2,1,2,1,1,2,0,1,1,28,1
"220",1,2,2,2,2,2,2,0,0,0,0,0,23,2
"220",1,2,2,2,2,2,2,0,0,0,0,0,57,2
"220",1,1,1,2,2,2,2,4,3,70,0,0,33,2
"220",1,1,1,1,2,2,1,1,2,0,2,1,23,1
"220",1,1,1,2,2,2,1,2,3,1500,1,2,19,2
"220",1,1,1,1,2,2,1,2,1,0,1,1,22,1
"220",1,1,1,2,1,2,2,3,2,0,0,0,56,1
"220",1,2,2,2,2,2,2,0,0,0,0,0,39,1
"220",1,1,1,2,2,2,1,1,1,0,1,3,27,1
"220",1,1,1,1,2,1,2,1,1,0,0,0,39,2
"220",1,2,2,2,2,2,1,0,0,0,2,4,30,1
"220",1,2,2,2,2,2,2,0,0,0,0,0,81,2
"220",1,2,1,2,2,2,2,4,2,0,0,0,59,1
"220",1,1,2,2,1,2,2,0,0,0,0,0,40,1
"220",1,1,1,2,2,2,2,5,2,0,0,0,51,2
"220",1,1,2,2,1,2,2,0,0,0,0,0,61,1
"220",2,0,0,0,0,0,0,0,0,0,0,0,74,1
"220",1,1,1,1,1,2,1,1,1,0,2,4,44,2
"220",1,1,2,2,2,2,2,0,0,0,0,0,82,2
"220",1,1,1,2,2,2,1,2,1,0,3,2,19,2
"220",1,2,1,2,2,2,2,4,2,0,0,0,77,2
"220",1,1,1,2,2,2,2,5,2,0,0,0,68,2
"220",1,1,1,2,1,2,2,5,3,750,0,0,75,1
"220",1,1,1,2,1,2,2,3,2,0,0,0,69,1
"220",1,1,1,1,1,2,2,4,2,0,0,0,50,1
"220",1,2,2,2,2,2,2,0,0,0,0,0,21,1
"220",1,1,1,2,2,2,2,5,2,0,0,0,69,2
"220",1,1,2,1,2,2,2,0,0,0,0,0,48,2
"220",1,1,1,2,2,2,2,5,2,0,0,0,63,2
"220",1,2,2,2,2,2,2,0,0,0,0,0,33,1
"220",1,1,1,2,2,2,1,2,1,0,1,2,19,1
"220",1,2,2,2,2,2,1,0,0,0,1,4,24,2
"220",1,1,1,2,1,2,2,1,1,0,0,0,61,1
"220",1,1,2,2,1,2,1,0,0,0,1,3,48,1
"220",1,1,1,2,1,2,1,4,3,1000,2,4,44,1
"220",1,1,1,2,1,2,1,3,3,500,2,3,48,2
"220",1,1,1,2,1,2,1,3,2,0,3,3,24,2
"220",1,1,2,2,2,2,2,0,0,0,0,0,67,1
"220",1,2,1,2,2,2,2,5,2,0,0,0,72,2
"220",1,1,2,1,1,2,2,0,0,0,0,0,79,1
"220",1,1,1,2,1,2,1,3,3,180,5,4,26,2
"220",1,1,1,2,1,2,2,4,2,0,0,0,35,1
"220",1,1,2,2,2,2,2,0,0,0,0,0,25,1
"220",1,1,1,1,1,2,2,2,3,800,0,0,24,2
"220",1,1,1,2,2,2,2,3,3,120,0,0,35,1
"220",1,1,1,2,2,2,2,5,3,250,0,0,79,2
"220",1,1,1,2,2,2,2,3,3,420,0,0,21,2
"220",1,2,2,2,2,2,2,0,0,0,0,0,27,2
"220",1,1,1,1,2,2,1,4,2,0,2,2,59,2
"220",1,2,2,2,2,2,1,0,0,0,1,3,59,2
"220",1,1,1,2,2,2,1,4,3,1200,1,2,60,2
"220",1,1,1,1,1,1,1,3,3,1000,1,3,60,1
"220",1,1,1,2,2,2,2,4,3,250,0,0,59,1
"220",1,1,1,2,1,2,1,4,1,0,2,3,48,1
"220",1,1,2,2,2,2,2,0,0,0,0,0,29,2
"220",1,2,2,2,2,2,2,0,0,0,0,0,48,1
"220",1,2,1,2,2,2,2,3,2,0,0,0,38,2
"220",1,1,1,2,2,2,2,4,3,200,0,0,25,2
"220",1,1,2,1,2,2,2,0,0,0,0,0,32,1
"220",1,1,2,2,1,2,2,0,0,0,0,0,38,1
"220",1,1,1,1,1,1,1,2,2,0,5,1,26,2
"220",1,1,2,1,2,2,2,0,0,0,0,0,30,2
"220",1,1,1,1,1,2,2,5,2,0,0,0,65,2
"220",1,2,1,2,2,2,2,2,2,0,0,0,42,2
"220",1,2,2,2,2,2,1,0,0,0,2,3,34,1
"220",1,1,1,2,2,2,1,3,3,50,5,3,43,2
"220",1,1,1,2,1,2,1,4,3,600,2,1,42,2
"220",1,2,2,2,2,2,1,0,0,0,5,3,31,2
"220",1,1,1,1,2,2,1,4,3,1500,2,3,35,2
"220",1,2,2,2,2,2,1,0,0,0,2,3,26,1
"220",1,2,2,1,2,2,2,0,0,0,0,0,29,2
"220",1,1,1,2,2,2,1,3,2,0,5,4,25,2
"220",1,1,1,2,2,2,1,3,3,400,2,2,20,1
"220",1,2,2,1,2,2,2,0,0,0,0,0,60,2
"220",1,1,1,2,2,2,2,4,2,0,0,0,75,1
"220",1,2,2,2,2,2,2,0,0,0,0,0,35,2
"220",1,1,2,1,2,1,2,0,0,0,0,0,18,1
"220",1,1,2,2,1,2,2,0,0,0,0,0,62,1
"220",1,1,1,2,2,2,2,4,3,550,0,0,32,2
"220",1,1,2,2,1,2,2,0,0,0,0,0,56,2
"220",1,1,1,1,1,2,1,4,2,0,1,3,34,1
"220",1,1,1,2,2,2,2,4,2,0,0,0,59,2
"220",1,1,1,2,2,2,2,4,3,200,0,0,27,2
"220",1,1,1,1,2,2,2,4,2,0,0,0,47,2
"220",1,1,2,1,1,2,2,0,0,0,0,0,25,1
"220",1,1,1,2,2,2,2,3,3,50,0,0,77,2
"220",1,1,1,1,1,2,2,1,1,0,0,0,31,1
"220",1,1,1,1,1,2,2,3,2,0,0,0,70,2
"220",1,1,1,2,2,2,2,4,3,100,0,0,57,2
"220",1,2,2,2,1,2,2,0,0,0,0,0,39,1
"220",1,1,2,1,1,2,2,0,0,0,0,0,63,1
"220",1,1,2,1,2,2,2,0,0,0,0,0,68,2
"220",1,2,2,2,2,2,2,0,0,0,0,0,59,1
"220",1,1,1,2,2,2,2,4,2,0,0,0,51,2
"220",1,1,1,2,2,2,2,4,2,0,0,0,41,2
"220",1,1,1,1,2,2,2,4,2,0,0,0,30,2
"220",1,1,2,2,2,1,1,0,0,0,3,2,24,2
"220",1,2,1,2,2,2,2,4,2,0,0,0,28,2
"220",1,2,2,2,2,2,2,0,0,0,0,0,44,2
"220",1,1,2,1,2,2,2,0,0,0,0,0,25,2
"220",2,0,0,0,0,0,0,0,0,0,0,0,64,2
"220",1,2,2,2,2,2,2,0,0,0,0,0,25,1
"220",1,1,1,1,2,1,2,4,3,200,0,0,30,1
"220",1,1,2,2,2,2,2,0,0,0,0,0,47,2
"220",1,2,2,2,2,2,2,0,0,0,0,0,20,2
"220",1,2,2,2,2,2,2,0,0,0,0,0,58,1
"220",1,1,1,1,2,2,1,3,1,0,3,4,30,2
"220",1,1,2,1,1,2,1,0,0,0,3,4,33,2
"220",1,2,2,2,2,2,1,0,0,0,1,1,61,1
"220",1,2,2,2,2,2,2,0,0,0,0,0,49,1
"220",1,1,1,1,2,2,1,3,2,0,1,3,44,2
"220",1,2,2,2,2,2,1,0,0,0,2,4,46,2
"220",1,1,1,1,1,2,2,3,2,0,0,0,31,1
"220",1,1,1,2,1,2,2,4,2,0,0,0,43,1
"220",1,2,2,2,1,2,2,0,0,0,0,0,50,1
"220",1,2,2,2,2,2,2,0,0,0,0,0,86,2
"220",1,2,2,2,2,2,2,0,0,0,0,0,69,1
"220",2,0,0,0,0,0,0,0,0,0,0,0,35,2
"220",1,2,2,2,2,2,2,0,0,0,0,0,36,2
"220",1,2,2,1,1,2,2,0,0,0,0,0,30,1
"220",1,2,2,1,2,2,1,0,0,0,2,3,55,2
"220",1,2,2,1,2,2,1,0,0,0,2,3,58,2
"220",1,2,2,1,1,2,1,0,0,0,2,4,46,1
"220",1,1,2,1,1,2,1,0,0,0,1,1,30,1
"220",1,1,1,2,1,2,1,1,2,0,2,4,30,1
"220",1,2,2,2,2,2,2,0,0,0,0,0,62,2
"220",1,2,2,2,1,2,2,0,0,0,0,0,54,1
"220",1,1,1,1,1,2,2,3,2,0,0,0,39,1
"220",1,1,1,1,1,2,1,2,2,0,2,3,19,2
"220",1,1,1,2,1,2,2,4,2,0,0,0,50,1
"220",1,2,2,2,2,2,2,0,0,0,0,0,29,1
"220",1,2,2,2,2,2,2,0,0,0,0,0,41,2
"220",1,1,1,1,1,2,2,1,2,0,0,0,54,1
"220",1,2,2,2,1,2,2,0,0,0,0,0,45,2
"220",1,2,2,2,2,2,2,0,0,0,0,0,42,1
"220",1,1,1,1,2,2,1,2,1,0,5,4,22,2
"220",1,2,2,2,2,2,2,0,0,0,0,0,75,2
"220",1,1,1,1,1,2,1,3,3,900,3,4,29,2
"220",1,1,2,1,1,2,1,0,0,0,3,4,47,2
"220",1,1,1,1,2,2,2,4,2,0,0,0,46,2
"220",1,2,2,2,2,2,2,0,0,0,0,0,61,2
"220",1,1,1,1,1,2,2,3,2,0,0,0,44,2
"220",1,1,2,2,1,2,2,0,0,0,0,0,42,1
"220",1,1,1,1,2,2,2,3,2,0,0,0,41,2
"220",1,1,1,1,2,2,2,2,2,0,0,0,22,2
"220",1,1,1,2,2,2,1,4,3,300,1,4,28,2
"220",1,2,2,2,2,2,2,0,0,0,0,0,51,2
"220",1,1,1,2,1,2,1,4,2,0,1,4,47,2
"220",1,1,1,2,1,2,1,4,2,0,1,3,61,1
"220",1,1,1,2,1,2,2,3,3,1500,0,0,55,1
"220",1,1,2,1,2,2,2,0,0,0,0,0,71,2
"220",1,1,1,1,1,2,2,3,3,1500,0,0,74,2
"220",1,1,1,1,1,2,1,3,3,1600,3,4,47,2
"220",1,1,1,1,2,2,1,2,1,0,2,4,19,1
"220",1,1,2,1,2,2,1,0,0,0,2,4,29,2
"220",1,1,2,1,2,2,1,0,0,0,3,4,22,1
"220",1,2,2,2,2,2,2,0,0,0,0,0,87,2
"220",1,2,2,1,1,2,2,0,0,0,0,0,77,1
"220",1,2,2,2,2,2,1,0,0,0,5,3,50,1
"220",1,2,2,2,2,2,2,0,0,0,0,0,36,1
"220",1,1,2,2,1,2,2,0,0,0,0,0,67,2
"220",1,1,1,2,2,2,2,3,3,500,0,0,25,2
"220",1,1,1,1,2,2,1,1,2,0,1,3,27,1
"220",1,1,2,1,2,2,1,0,0,0,2,4,25,2
"220",1,2,2,1,1,2,2,0,0,0,0,0,70,1
"220",1,2,2,1,2,2,2,0,0,0,0,0,70,2
"220",1,2,2,2,1,2,2,0,0,0,0,0,73,1
"220",1,1,2,2,2,2,2,0,0,0,0,0,30,2
"220",1,2,2,2,1,2,2,0,0,0,0,0,21,1
"220",1,1,1,2,1,2,2,4,2,0,0,0,28,1
"220",1,2,2,2,1,2,2,0,0,0,0,0,38,1
"220",1,2,2,2,2,2,2,0,0,0,0,0,45,2
"220",1,1,1,2,1,2,1,4,3,400,1,1,37,2
"220",1,1,1,2,1,2,1,4,2,0,5,1,46,1
"220",1,1,2,2,2,2,2,0,0,0,0,0,39,2
"220",1,2,2,2,2,2,2,0,0,0,0,0,61,1
"220",1,1,1,1,2,2,1,2,1,0,2,4,22,2
"220",1,1,2,2,1,2,2,0,0,0,0,0,29,2
"220",1,2,2,2,2,2,2,0,0,0,0,0,48,2
"220",1,2,2,1,2,2,1,0,0,0,2,4,36,2
"220",1,2,2,1,1,2,2,0,0,0,0,0,71,1
"220",1,1,2,1,2,2,2,0,0,0,0,0,60,2
"220",1,2,2,2,2,2,2,0,0,0,0,0,89,1
"220",1,2,2,2,2,2,2,0,0,0,0,0,19,1
"220",1,2,2,1,1,2,1,0,0,0,2,1,56,2
"220",1,2,2,2,2,2,2,0,0,0,0,0,56,2
"220",1,2,2,2,1,2,2,0,0,0,0,0,68,1
"220",1,1,1,1,1,2,1,4,1,0,1,3,52,1
"220",1,1,1,1,2,2,1,2,3,500,1,2,24,2
"220",1,1,2,1,2,2,2,0,0,0,0,0,45,2
"220",1,1,1,1,1,2,2,3,2,0,0,0,58,2
"220",1,1,2,1,1,2,1,0,0,0,3,4,40,1
"220",1,1,2,2,2,2,2,0,0,0,0,0,50,1
"220",1,1,1,2,2,2,2,2,2,0,0,0,20,2
"220",1,2,2,2,2,2,2,0,0,0,0,0,73,1
"220",1,1,1,1,1,2,1,2,2,0,1,4,22,2
"220",1,1,2,2,2,2,2,0,0,0,0,0,53,1
"220",1,1,2,2,2,2,2,0,0,0,0,0,72,2
"220",1,1,1,2,1,2,1,4,2,0,5,1,40,2
"220",1,1,2,1,1,2,1,0,0,0,2,3,40,2
"220",1,2,2,2,2,2,2,0,0,0,0,0,83,2
"220",1,1,2,2,1,2,2,0,0,0,0,0,47,1
"220",1,2,2,2,2,2,2,0,0,0,0,0,28,1
"220",1,2,2,2,2,2,2,0,0,0,0,0,53,2
"220",1,1,2,2,2,2,2,0,0,0,0,0,46,2
"220",1,2,2,2,2,2,2,0,0,0,0,0,47,2
"220",1,2,2,2,2,2,2,0,0,0,0,0,63,1
"220",1,1,2,1,1,2,1,0,0,0,3,4,25,1
"220",1,1,2,2,1,2,2,0,0,0,0,0,45,1
"220",1,1,2,1,2,2,1,0,0,0,3,4,22,2
"220",1,2,2,2,2,2,2,0,0,0,0,0,58,2
"220",1,2,2,2,2,2,2,0,0,0,0,0,40,1
"220",1,1,1,1,1,2,2,2,2,0,0,0,24,2
"220",1,2,2,1,1,2,1,0,0,0,2,3,20,2
"220",1,2,2,1,2,2,2,0,0,0,0,0,49,2
"220",1,2,2,1,2,2,2,0,0,0,0,0,74,2
"220",1,1,1,2,1,2,2,4,2,0,0,0,24,1
"220",1,2,2,2,1,2,2,0,0,0,0,0,55,1
"220",1,1,1,2,1,2,1,4,2,0,3,1,42,2
"220",1,2,2,2,2,2,2,0,0,0,0,0,26,1
"220",1,2,2,2,2,2,2,0,0,0,0,0,72,2
"220",1,1,1,1,1,2,1,3,3,100,1,3,46,2
"220",1,1,1,2,2,2,1,1,3,60,1,1,50,2
"220",1,1,1,1,1,2,1,4,3,100,1,3,45,1
"220",1,2,2,1,1,2,1,0,0,0,1,4,23,1
"220",1,2,2,2,2,2,2,0,0,0,0,0,63,2
"220",1,1,1,1,2,2,2,3,2,0,0,0,36,2
"220",1,2,2,1,1,2,1,0,0,0,2,3,68,2
"220",1,1,1,1,2,2,1,3,1,0,1,1,49,2
"220",1,1,2,1,2,2,1,0,0,0,1,1,42,2
"220",1,1,1,1,1,2,1,4,3,150,2,3,58,1
"220",1,1,2,2,1,2,2,0,0,0,0,0,46,1
"220",1,1,2,1,1,2,2,0,0,0,0,0,75,1
"220",1,1,2,1,1,2,2,0,0,0,0,0,59,1
"220",1,1,2,1,1,2,2,0,0,0,0,0,38,1
"220",1,1,1,2,2,2,1,2,2,0,1,4,19,1
"220",1,1,1,1,2,2,2,2,2,0,0,0,24,1
"220",1,2,2,2,2,2,2,0,0,0,0,0,52,1
"220",1,1,1,2,1,2,1,2,3,1000,1,3,20,2
"220",1,1,1,2,2,2,2,3,2,0,0,0,55,2
"220",1,2,2,2,2,2,2,0,0,0,0,0,18,1
"220",1,1,1,1,1,2,2,3,3,1500,0,0,60,1
"220",1,2,2,2,2,2,2,0,0,0,0,0,76,1
"220",1,2,2,2,2,2,2,0,0,0,0,0,68,1
"220",1,2,2,2,1,2,2,0,0,0,0,0,48,1
"220",1,1,1,2,1,2,2,4,2,0,0,0,74,1
"220",1,1,1,2,1,2,1,4,1,0,5,3,38,2
"220",1,1,1,2,1,2,1,4,3,400,5,1,48,1
"220",1,1,1,1,2,2,1,3,2,0,5,3,76,2
"220",1,1,1,1,2,2,1,3,2,0,5,3,67,2
"220",1,1,1,1,1,2,1,1,1,0,1,1,43,1
"220",1,2,2,2,1,2,2,0,0,0,0,0,51,1
"220",1,2,2,2,1,2,2,0,0,0,0,0,74,1
"220",1,1,2,1,1,2,2,0,0,0,0,0,60,1
"220",1,1,2,2,1,2,2,0,0,0,0,0,73,1
"220",1,1,1,1,2,2,1,3,3,800,3,4,39,2
"220",1,1,1,2,2,2,1,4,3,150,1,1,33,1
"220",2,0,0,0,0,0,0,0,0,0,0,0,40,1
"220",1,1,1,2,1,2,2,4,2,0,0,0,81,1
"220",1,1,2,1,2,2,2,0,0,0,0,0,59,2
"220",1,1,2,1,2,2,1,0,0,0,2,4,37,2
"220",1,1,1,1,2,2,1,2,1,0,2,4,21,2
"220",1,1,2,1,2,2,2,0,0,0,0,0,74,2
"220",1,1,1,2,1,2,1,2,2,0,3,4,21,1
"220",1,1,2,1,2,2,1,0,0,0,4,4,29,1
"220",1,1,1,2,1,2,2,3,2,0,0,0,58,2
"220",1,1,1,2,2,2,2,3,2,0,0,0,35,1
"220",1,1,2,1,1,2,2,0,0,0,0,0,79,2
"220",1,1,2,1,1,2,2,0,0,0,0,0,44,2
"220",1,1,1,1,2,2,1,3,1,0,3,4,39,2
"220",1,2,2,2,2,2,2,0,0,0,0,0,82,2
"220",1,1,2,1,2,2,2,0,0,0,0,0,75,2
"220",1,1,1,1,1,2,1,3,2,0,2,4,68,1
"220",1,1,1,1,2,2,1,3,3,200,2,3,71,2
"220",1,1,1,1,1,2,1,3,2,0,2,3,74,2
"220",1,2,2,2,1,2,2,0,0,0,0,0,49,1
"220",1,2,2,2,1,2,2,0,0,0,0,0,27,2
"220",1,1,1,2,2,2,1,4,3,600,2,4,18,2
"220",1,2,1,1,2,2,1,4,3,50,1,1,24,1
"220",1,2,1,1,1,2,1,4,2,0,1,4,25,1
"220",1,1,1,2,2,2,2,4,2,0,0,0,49,2
"220",1,2,2,2,2,2,2,0,0,0,0,0,31,1
"220",1,1,1,1,2,2,2,5,2,0,0,0,76,2
"220",1,2,2,2,2,2,1,0,0,0,1,4,29,2
"220",1,2,2,2,2,2,2,0,0,0,0,0,89,2
"220",1,2,2,2,1,2,2,0,0,0,0,0,18,1
"220",1,1,2,1,1,2,1,0,0,0,2,3,51,2
"220",1,1,1,2,2,2,1,2,3,600,2,2,22,1
"220",1,1,1,1,1,2,1,1,3,2500,2,1,34,2
"220",1,1,1,1,1,1,2,4,3,90,0,0,58,2
"220",1,1,2,1,1,2,2,0,0,0,0,0,66,1
"220",1,1,1,1,2,2,1,4,2,0,1,3,44,2
"220",1,1,2,1,2,2,2,0,0,0,0,0,83,2
"220",1,2,2,2,1,2,2,0,0,0,0,0,37,2
"220",1,2,2,2,2,2,1,0,0,0,2,3,42,1
"220",1,1,2,2,1,2,2,0,0,0,0,0,58,1
"220",1,1,1,2,1,2,1,4,3,600,2,3,45,1
"220",1,2,2,1,1,2,2,0,0,0,0,0,40,2
"220",1,1,1,1,2,2,1,1,3,800,2,3,33,2
"220",1,2,2,1,1,2,1,0,0,0,1,1,24,1
"220",1,2,2,1,2,2,2,0,0,0,0,0,44,2
"220",1,2,2,2,2,2,1,0,0,0,1,3,30,2
"220",1,1,1,1,2,2,1,1,3,1000,1,1,24,1
"220",1,1,1,2,2,2,2,3,2,0,0,0,32,2
"220",1,1,1,2,2,2,1,1,2,0,1,1,43,2
"220",1,2,2,1,2,2,2,0,0,0,0,0,79,2
"220",1,2,2,1,2,2,1,0,0,0,2,3,25,2
"220",1,1,2,1,1,2,2,0,0,0,0,0,34,2
"220",1,2,2,2,1,2,2,0,0,0,0,0,51,2
"220",1,2,2,2,2,2,2,0,0,0,0,0,43,2
"220",1,1,2,2,2,2,2,0,0,0,0,0,40,2
"220",1,1,2,2,2,2,2,0,0,0,0,0,62,2
"220",1,1,2,2,1,2,2,0,0,0,0,0,51,2
"220",1,1,2,2,1,2,2,0,0,0,0,0,54,1
"220",1,1,1,2,2,2,2,4,2,0,0,0,21,2
"220",1,1,1,1,2,2,2,2,3,600,0,0,29,1
"220",1,1,2,2,1,2,1,0,0,0,1,1,42,1
"220",1,2,2,2,2,2,2,0,0,0,0,0,24,2
"220",1,1,2,2,2,2,2,0,0,0,0,0,48,2
"220",2,0,0,0,0,0,0,0,0,0,0,0,75,2
"220",1,1,1,2,2,2,1,5,3,200,3,4,39,2
"220",1,1,2,1,1,2,2,0,0,0,0,0,19,2
"220",1,1,2,2,2,2,2,0,0,0,0,0,45,2
"220",1,1,2,1,1,2,2,0,0,0,0,0,37,1
"220",1,1,1,2,1,2,2,4,2,0,0,0,60,2
"220",1,1,2,2,2,2,2,0,0,0,0,0,63,1
"220",1,1,2,2,2,2,1,0,0,0,3,1,31,2
"220",1,2,2,2,2,2,2,0,0,0,0,0,29,2
"220",1,1,2,2,2,2,2,0,0,0,0,0,55,2
"220",1,2,2,2,2,2,2,0,0,0,0,0,22,2
"220",1,2,2,2,2,2,2,0,0,0,0,0,42,2
"220",1,2,2,2,2,2,2,0,0,0,0,0,69,2
"220",2,0,0,0,0,0,0,0,0,0,0,0,71,2
"220",1,2,2,2,1,2,2,0,0,0,0,0,66,2
"220",1,1,2,2,2,2,2,0,0,0,0,0,32,1
"220",1,2,2,2,1,2,2,0,0,0,0,0,47,1
"220",1,1,2,2,2,2,2,0,0,0,0,0,57,2
"220",1,1,1,2,2,2,2,5,2,0,0,0,62,2
"220",1,1,1,2,1,2,2,4,3,700,0,0,58,1
"220",1,2,2,2,1,2,2,0,0,0,0,0,54,2
"220",1,1,2,1,2,2,2,0,0,0,0,0,43,1
"220",1,1,2,2,2,2,2,0,0,0,0,0,63,2
"220",1,2,2,2,1,2,2,0,0,0,0,0,22,1
"220",1,2,2,2,2,2,2,0,0,0,0,0,31,2
"220",1,1,2,2,2,2,2,0,0,0,0,0,67,2
"220",1,1,2,2,2,2,2,0,0,0,0,0,26,1
"220",1,1,2,2,2,2,2,0,0,0,0,0,40,1
"220",1,1,1,1,1,2,1,3,1,0,2,3,19,2
"220",1,1,1,1,1,1,1,4,3,200,2,3,25,2
"220",1,2,2,2,2,2,2,0,0,0,0,0,45,1
"220",1,1,2,2,1,2,2,0,0,0,0,0,27,1
"220",1,1,1,1,2,2,1,4,3,200,2,1,34,1
"220",1,1,2,2,2,2,1,0,0,0,1,1,61,1
"220",1,1,1,2,2,2,2,6,2,0,0,0,48,2
"220",1,2,2,2,2,2,1,0,0,0,3,1,31,2
"220",1,1,1,2,2,2,2,1,2,0,0,0,27,1
"220",1,2,2,2,1,2,2,0,0,0,0,0,32,1
"220",1,1,1,1,1,2,2,4,3,200,0,0,40,2
"220",1,1,1,1,1,1,1,1,3,500,1,1,34,2
"220",1,2,2,1,2,2,2,0,0,0,0,0,43,2
"220",1,1,1,1,2,2,2,4,2,0,0,0,23,1
"220",1,1,2,2,2,2,2,0,0,0,0,0,44,2
"220",1,1,1,2,1,2,2,5,2,0,0,0,51,2
"220",1,2,1,2,2,2,2,5,2,0,0,0,59,2
"220",1,2,2,1,2,2,2,0,0,0,0,0,51,1
"220",1,2,2,2,1,2,2,0,0,0,0,0,71,1
"220",1,2,2,1,2,2,2,0,0,0,0,0,41,2
"220",1,2,2,2,1,2,2,0,0,0,0,0,42,1
"220",1,1,1,1,2,2,2,4,3,300,0,0,56,2
"220",1,2,2,1,2,2,2,0,0,0,0,0,30,2
"220",1,1,1,2,1,2,2,3,3,250,0,0,49,1
"220",1,1,1,1,2,2,2,4,3,180,0,0,56,2
"220",1,2,2,2,1,2,2,0,0,0,0,0,58,1
"220",1,2,2,2,2,2,2,0,0,0,0,0,60,2
"220",1,2,2,2,2,2,2,0,0,0,0,0,73,2
"220",1,2,2,1,2,2,2,0,0,0,0,0,48,2
"220",2,0,0,0,0,0,0,0,0,0,0,0,78,2
"220",1,2,2,1,2,2,2,0,0,0,0,0,42,2
"220",1,1,1,1,2,2,2,4,2,0,0,0,38,2
"220",1,1,1,1,2,2,2,2,2,0,0,0,25,2
"220",2,0,0,0,0,0,0,0,0,0,0,0,54,2
"220",1,2,2,1,2,2,2,0,0,0,0,0,64,2
"220",1,1,1,1,2,2,2,5,2,0,0,0,66,2
"220",2,0,0,0,0,0,0,0,0,0,0,0,79,2
"220",1,2,2,1,2,2,2,0,0,0,0,0,27,2
"220",1,1,1,2,2,2,2,2,1,0,0,0,18,1
"220",1,1,1,2,2,2,2,4,2,0,0,0,63,1
"220",2,0,0,0,0,0,0,0,0,0,0,0,25,2
"220",1,2,2,1,1,2,2,0,0,0,0,0,32,1
"220",2,0,0,0,0,0,0,0,0,0,0,0,74,2
"220",1,1,1,2,2,2,2,5,2,0,0,0,71,2
"220",1,1,1,1,1,2,1,2,1,0,2,2,21,1
"220",1,1,1,2,2,2,1,1,1,0,2,1,42,1
"220",1,2,1,1,1,2,2,4,2,0,0,0,65,1
"220",1,1,1,1,2,2,1,2,3,1000,2,2,22,2
"220",1,1,1,1,2,2,2,4,3,300,0,0,66,2
"220",1,1,1,2,2,2,1,2,1,0,2,2,25,2
"220",1,1,1,1,1,2,2,3,3,300,0,0,67,1
"220",1,2,1,2,2,2,2,4,2,0,0,0,68,2
"220",1,1,1,1,1,2,2,3,2,0,0,0,67,1
"220",1,2,1,2,2,2,2,3,1,0,0,0,31,2
"220",1,1,1,1,1,2,2,3,2,0,0,0,53,1
"220",1,1,1,1,1,2,1,1,3,800,2,1,31,2
"220",1,1,1,1,2,2,2,3,1,0,0,0,37,2
"220",1,2,2,1,2,2,2,0,0,0,0,0,22,2
"220",1,1,1,1,1,2,2,3,1,0,0,0,31,2
"220",1,1,1,1,2,2,2,4,2,0,0,0,75,2
"220",1,1,1,1,2,2,1,2,2,0,2,2,22,2
"220",1,1,1,2,1,2,2,3,1,0,0,0,32,1
"220",1,1,1,2,2,2,1,2,3,500,2,2,19,1
"220",1,1,1,1,2,2,1,1,2,0,2,1,37,2
"220",1,1,1,1,2,2,1,4,2,0,2,3,28,1
"220",1,1,1,1,2,2,2,2,3,600,0,0,24,2
"220",1,1,1,2,2,2,2,2,2,0,0,0,19,1
"220",1,2,1,1,2,2,2,3,3,100,0,0,73,2
"220",1,1,1,2,1,2,2,3,2,0,0,0,52,1
"220",1,2,2,2,1,2,2,0,0,0,0,0,57,1
"220",1,2,2,2,2,2,2,0,0,0,0,0,62,1
"220",1,1,1,1,1,2,1,3,2,0,1,3,49,1
"220",1,2,2,2,1,2,2,0,0,0,0,0,24,1
"220",1,1,1,1,2,2,2,4,2,0,0,0,34,1
"220",1,2,2,2,2,2,1,0,0,0,5,1,46,1
"220",1,1,1,1,2,2,1,4,2,0,2,3,30,2
"220",1,1,1,2,2,2,1,4,3,1000,2,3,71,2
"220",1,1,2,2,2,2,2,0,0,0,0,0,41,1
"220",1,1,2,1,2,2,2,0,0,0,0,0,33,1
"220",1,2,1,2,1,2,2,3,3,200,0,0,27,2
"220",1,1,1,1,2,2,2,5,2,0,0,0,33,2
"220",1,2,2,2,2,2,2,0,0,0,0,0,55,1
"220",1,2,2,2,2,2,2,0,0,0,0,0,93,2
"220",1,2,2,2,2,2,2,0,0,0,0,0,41,1
"220",1,2,2,1,1,2,1,0,0,0,1,4,25,2
"220",1,2,2,2,2,2,2,0,0,0,0,0,56,1
"220",1,1,2,2,2,2,1,0,0,0,1,3,34,1
"220",2,0,0,0,0,0,0,0,0,0,0,0,63,2
"220",1,1,1,2,2,2,1,2,2,0,2,2,19,1
"220",1,1,1,1,1,2,1,1,3,800,2,1,46,2
"220",1,2,1,2,2,2,2,4,2,0,0,0,76,2
"220",1,2,2,2,1,2,1,0,0,0,1,4,59,2
"220",1,1,1,1,2,2,1,4,3,400,1,4,26,1
"220",1,2,2,2,2,2,2,0,0,0,0,0,37,1
"220",1,1,2,1,2,2,1,0,0,0,1,4,41,2
"220",1,2,2,2,1,2,1,0,0,0,5,4,28,1
"220",1,1,2,1,2,2,2,0,0,0,0,0,61,2
"220",1,1,2,1,2,2,2,0,0,0,0,0,53,1
"220",1,1,1,2,2,2,1,3,2,0,1,4,47,1
"220",1,1,1,2,2,2,1,2,3,15000,1,2,24,2
"220",1,1,2,2,2,2,1,0,0,0,1,4,29,1
"220",1,2,2,2,2,2,1,0,0,0,1,4,58,1
"220",1,1,1,2,2,2,1,3,3,150,1,1,30,2
"220",1,1,1,2,1,2,1,1,3,3000,2,1,22,1
"220",1,1,1,1,2,2,1,2,2,0,2,2,21,1
"220",1,1,2,1,1,2,2,0,0,0,0,0,36,2
"220",1,1,1,2,1,2,1,4,2,0,2,3,57,1
"220",1,1,1,2,1,2,1,2,3,300,1,2,21,2
"220",1,1,1,2,2,2,1,1,3,1200,1,1,23,2
"220",1,1,1,1,2,1,1,4,2,0,2,4,39,1
"220",1,1,1,1,1,2,2,5,2,0,0,0,54,2
"220",1,1,1,2,2,2,1,3,2,0,2,4,55,2
"220",1,2,2,2,2,2,1,0,0,0,1,3,43,2
"220",1,1,1,2,1,2,1,1,3,6000,1,3,54,1
"220",1,1,1,2,2,2,2,4,3,2000,0,0,62,2
"220",1,1,1,2,2,2,2,2,1,0,0,0,19,2
"220",1,2,2,2,2,2,1,0,0,0,1,4,27,2
"220",1,1,1,2,1,2,1,4,3,400,1,3,34,2
"220",1,1,1,2,2,2,1,1,2,0,1,4,51,2
"220",1,1,1,2,2,2,2,3,3,200,0,0,29,1
"220",1,1,2,1,2,2,2,0,0,0,0,0,46,2
"220",1,1,1,2,2,2,2,3,3,250,0,0,44,2
"220",1,1,1,1,2,2,2,4,3,150,0,0,46,2
"220",1,1,2,2,1,2,2,0,0,0,0,0,49,1
"220",1,1,1,2,2,2,2,4,2,0,0,0,54,2
"220",1,1,2,2,2,2,2,0,0,0,0,0,28,1
"220",1,2,2,1,2,2,2,0,0,0,0,0,36,2
"220",1,1,1,1,2,2,2,3,3,300,0,0,63,2
"220",1,1,1,2,2,2,2,3,2,0,0,0,33,2
"220",1,1,1,1,2,2,2,4,3,700,0,0,32,1
"220",1,1,2,2,2,2,1,0,0,0,2,4,20,1
"220",1,2,2,1,2,2,1,0,0,0,5,4,43,2
"220",1,1,2,1,2,2,1,0,0,0,2,3,58,2
"220",1,2,2,2,2,2,1,0,0,0,1,3,45,1
"220",1,2,2,2,2,2,2,0,0,0,0,0,20,1
"220",1,1,2,1,2,2,2,0,0,0,0,0,53,2
"220",1,1,2,1,1,2,1,0,0,0,3,4,43,1
"220",1,2,2,1,2,2,1,0,0,0,2,4,54,2
"220",1,2,2,2,1,2,2,0,0,0,0,0,56,1
"220",1,2,2,2,1,2,1,0,0,0,4,3,41,2
"220",1,2,2,2,2,2,1,0,0,0,3,1,27,1
"220",1,1,1,2,2,2,2,4,2,0,0,0,38,2
"220",1,1,1,2,2,2,1,2,2,0,1,3,31,1
"220",1,1,1,2,2,2,1,3,3,500,1,1,33,1
"220",1,1,1,1,2,2,1,4,3,4000,1,1,44,1
"220",1,1,1,1,2,2,1,1,2,0,1,1,37,2
"220",1,1,1,2,2,2,1,4,2,0,1,4,32,2
"220",1,1,2,2,2,2,2,0,0,0,0,0,65,1
"220",1,1,1,1,2,2,1,3,3,500,4,3,23,2
"220",1,1,1,1,1,2,1,3,2,0,5,3,47,1
"220",1,1,1,1,2,2,1,3,3,450,2,4,22,2
"220",1,2,2,2,2,2,1,0,0,0,3,4,25,1
"220",1,1,1,1,1,1,1,2,2,0,3,2,21,1
"220",1,2,2,2,2,2,1,0,0,0,1,4,24,1
"220",1,1,1,1,1,2,1,4,2,0,1,4,29,1
"220",1,1,1,2,1,2,2,4,3,250,0,0,59,1
"220",1,1,1,2,2,2,2,4,3,300,0,0,61,2
"220",1,1,1,1,2,2,1,3,3,300,2,3,53,1
"220",1,2,2,2,2,2,2,0,0,0,0,0,77,1
"220",1,1,2,2,2,2,1,0,0,0,2,3,33,1
"220",1,1,1,1,2,2,2,4,3,250,0,0,57,2
"220",1,1,2,2,1,2,2,0,0,0,0,0,77,2
"220",1,1,1,2,2,2,2,3,3,500,0,0,41,2
"220",1,2,2,2,2,2,1,0,0,0,2,4,44,2
"220",1,2,2,2,2,2,2,0,0,0,0,0,71,1
"220",1,2,2,1,1,2,2,0,0,0,0,0,56,2
"220",1,2,2,2,1,2,2,0,0,0,0,0,79,1
"220",1,1,1,1,2,2,1,4,3,5000,1,1,63,1
"220",1,1,1,1,2,2,2,4,2,0,0,0,74,2
"220",1,1,1,2,1,2,1,3,3,600,1,4,52,2
"220",1,1,1,2,2,2,1,3,3,600,2,4,36,1
"220",1,1,2,2,2,2,1,0,0,0,1,4,18,1
"220",1,2,2,2,2,2,1,0,0,0,1,3,46,1
"220",1,1,1,1,1,2,1,3,3,1300,3,1,55,2
"220",1,1,1,1,2,2,2,4,2,0,0,0,56,1
"220",1,1,1,1,2,2,1,2,3,1200,2,3,20,2
"220",1,2,2,1,2,2,2,0,0,0,0,0,23,2
"220",1,2,2,1,1,2,2,0,0,0,0,0,42,1
"220",1,2,1,1,2,2,1,4,2,0,5,3,55,2
"220",1,2,2,2,1,2,1,0,0,0,1,4,18,1
"220",1,1,1,2,2,2,2,4,3,500,0,0,33,2
"220",1,1,2,2,1,1,2,0,0,0,0,0,39,1
"220",1,1,1,1,1,2,1,3,3,1600,3,4,20,1
"220",1,2,2,1,2,2,2,0,0,0,0,0,45,2
"220",1,1,1,2,2,2,2,4,3,800,0,0,47,1
"220",1,1,2,1,2,2,1,0,0,0,1,3,26,1
"220",1,1,1,2,2,2,1,1,3,2000,1,1,45,2
"220",1,1,1,2,2,2,1,2,3,350,2,2,24,2
"220",1,1,1,1,2,2,1,2,3,300,2,2,20,2
"220",1,1,2,2,2,2,1,0,0,0,1,4,39,2
"220",1,2,2,1,2,2,2,0,0,0,0,0,65,2
"220",1,1,2,2,1,2,1,0,0,0,1,4,54,2
"220",1,1,1,2,2,2,1,3,3,1500,1,3,29,1
"220",1,1,1,2,2,2,1,4,3,1000,1,4,39,2
"220",1,1,1,2,2,2,2,4,1,0,0,0,44,1
"220",1,1,2,1,2,2,2,0,0,0,0,0,66,2
"220",1,1,1,1,1,2,1,2,3,200,1,2,27,2
"220",1,2,2,2,2,2,2,0,0,0,0,0,53,1
"220",1,2,2,2,2,2,1,0,0,0,1,3,39,2
"220",1,1,1,2,2,2,1,4,3,800,1,4,28,2
"220",1,2,2,1,2,2,2,0,0,0,0,0,61,2
"220",1,1,1,2,2,2,1,4,2,0,1,4,52,2
"220",1,1,1,2,2,2,1,4,3,1500,1,4,51,2
"220",1,1,2,2,2,2,1,0,0,0,2,4,23,2
"220",1,2,1,2,2,2,2,4,2,0,0,0,23,2
"220",1,1,1,1,2,2,2,4,2,0,0,0,80,2
"220",1,2,2,2,2,2,2,0,0,0,0,0,24,1
"220",1,2,2,2,2,2,2,0,0,0,0,0,49,2
"220",1,2,2,1,1,2,1,0,0,0,2,1,61,2
"220",1,1,1,1,1,2,1,4,3,800,1,1,23,1
"220",1,1,2,2,2,2,1,0,0,0,1,1,18,1
"220",1,1,1,2,1,2,1,3,1,0,2,3,48,1
"220",1,2,2,2,2,2,2,0,0,0,0,0,84,2
"220",1,1,1,2,2,2,1,3,3,800,3,3,33,1
"220",1,1,1,2,2,2,2,1,2,0,0,0,44,2
"220",1,1,1,2,2,2,2,3,2,0,0,0,54,2
"220",1,1,1,2,2,2,2,5,2,0,0,0,72,2
"220",1,1,1,1,2,2,2,4,2,0,0,0,49,2
"220",1,1,1,2,2,2,2,6,2,0,0,0,30,2
"220",1,2,2,2,1,2,2,0,0,0,0,0,62,1
"220",1,1,1,1,1,2,2,4,3,200,0,0,65,1
"220",1,1,1,1,2,2,1,3,3,200,1,1,38,1
"220",1,1,1,2,2,2,1,4,3,1600,2,3,38,1
"220",1,1,2,1,2,1,1,0,0,0,5,2,32,1
"220",1,1,1,2,2,2,1,5,3,6000,1,5,64,2
"220",2,0,0,0,0,0,0,0,0,0,0,0,54,1
"220",1,1,1,2,2,2,2,1,2,0,0,0,50,1
"220",1,1,1,2,2,2,1,3,2,0,4,3,41,1
"220",1,1,2,2,1,2,1,0,0,0,2,4,26,1
"220",1,1,1,1,1,2,2,4,3,75,0,0,18,1
"220",1,1,2,1,2,2,1,0,0,0,2,4,28,2
"220",1,1,2,1,2,2,2,0,0,0,0,0,19,2
"220",1,1,1,2,2,2,1,5,3,500,3,5,43,2
"220",1,1,2,2,1,2,2,0,0,0,0,0,77,1
"220",1,1,2,1,2,2,2,0,0,0,0,0,34,2
"220",1,1,1,2,2,2,2,4,3,25,0,0,45,1
"220",1,1,1,1,2,1,1,4,3,1000,2,4,33,1
"220",1,1,1,2,1,2,2,1,2,0,0,0,52,1
"220",1,1,1,2,1,2,2,2,2,0,0,0,43,2
"220",1,1,1,2,1,2,2,4,3,300,0,0,78,1
"220",1,1,1,2,2,2,1,4,2,0,1,4,42,2
"220",1,1,1,2,2,2,2,4,3,300,0,0,41,2
"220",1,1,1,2,1,2,1,6,3,600,2,4,45,1
"220",1,1,1,2,2,2,1,4,1,0,2,2,21,1
"220",1,1,1,2,2,2,2,2,2,0,0,0,44,2
"220",1,1,1,2,2,2,1,4,2,0,2,3,58,2
"220",1,1,1,1,1,1,1,6,3,200,1,6,33,2
"220",1,1,2,1,2,2,2,0,0,0,0,0,76,2
"220",1,2,2,1,1,2,1,0,0,0,2,4,21,1
"220",1,2,1,2,2,2,2,6,1,0,0,0,33,2
"220",1,2,2,2,2,2,2,0,0,0,0,0,34,2
"220",1,2,1,2,2,2,1,3,3,600,5,3,54,2
"220",1,1,1,1,1,2,1,1,3,600,2,3,44,1
"220",1,1,2,1,2,2,1,0,0,0,2,1,27,2
"220",1,1,1,1,2,2,2,6,2,0,0,0,28,2
"220",1,1,1,2,2,2,2,3,2,0,0,0,45,1
"220",1,1,2,2,1,2,2,0,0,0,0,0,51,1
"220",1,1,1,2,2,2,1,1,1,0,3,1,55,1
"220",1,1,2,1,1,2,1,0,0,0,2,4,22,1
"220",1,1,2,2,1,2,2,0,0,0,0,0,36,1
"220",1,2,2,2,1,2,2,0,0,0,0,0,31,1
"220",1,1,1,2,2,2,1,4,1,0,2,4,32,1
"220",1,1,1,1,2,2,1,3,3,300,1,1,26,2
"220",1,1,2,1,1,2,2,0,0,0,0,0,42,2
"220",1,1,1,2,1,2,2,4,2,0,0,0,33,1
"220",1,1,1,2,2,2,2,4,3,600,0,0,75,1
"220",1,1,2,2,2,2,1,0,0,0,1,2,41,2
"220",1,1,2,2,1,2,1,0,0,0,5,4,43,1
"220",1,1,2,1,1,2,2,0,0,0,0,0,70,2
"220",1,1,1,2,2,2,2,1,2,0,0,0,43,2
"220",1,1,1,2,2,2,2,1,2,0,0,0,45,1
"220",1,1,1,1,1,2,1,1,2,0,4,1,51,2
"220",1,1,2,2,1,2,2,0,0,0,0,0,30,2
"220",1,1,1,2,2,2,1,4,2,0,5,3,25,2
"220",1,1,1,2,2,2,1,4,3,300,2,4,68,2
"220",1,2,1,2,2,2,2,3,2,0,0,0,49,2
"220",1,1,1,1,1,2,2,3,2,0,0,0,52,2
"220",1,1,1,2,1,2,2,3,2,0,0,0,39,1
"220",2,0,0,0,0,0,0,0,0,0,0,0,80,2
"220",1,1,1,2,2,2,2,4,3,40,0,0,61,2
"220",1,1,1,1,2,2,2,4,2,0,0,0,24,2
"220",1,1,1,2,2,2,1,3,3,300,2,3,34,2
"220",1,1,1,2,1,2,2,4,2,0,0,0,54,1
"220",1,1,2,2,1,2,2,0,0,0,0,0,55,1
"220",1,1,2,1,1,2,1,0,0,0,1,3,68,1
"220",1,1,1,2,2,2,1,3,2,0,2,4,49,2
"220",1,1,2,2,2,2,1,0,0,0,1,4,58,2
"220",1,1,1,2,2,1,1,4,3,600,1,2,23,1
"220",1,1,1,2,2,2,1,5,3,150,1,4,74,1
"220",1,1,1,1,2,1,1,4,3,500,2,3,39,2
"220",1,1,2,1,2,2,1,0,0,0,5,1,40,1
"220",1,1,1,2,2,2,2,6,2,0,0,0,46,2
"220",1,2,2,2,2,2,2,0,0,0,0,0,26,2
"220",1,1,1,2,2,2,2,4,3,500,0,0,21,1
"220",2,0,0,0,0,0,0,0,0,0,0,0,65,2
"220",1,1,1,2,2,2,2,6,3,500,0,0,47,2
"220",2,0,0,0,0,0,0,0,0,0,0,0,94,1
"220",1,1,1,1,2,2,2,1,3,1000,0,0,46,1
"220",1,1,1,2,2,2,2,4,3,350,0,0,35,2
"220",2,0,0,0,0,0,0,0,0,0,0,0,72,1
"220",1,1,2,2,1,2,2,0,0,0,0,0,55,2
"220",1,1,1,1,2,2,1,4,3,350,2,1,53,2
"220",1,1,1,2,2,2,2,4,3,6000,0,0,38,1
"220",1,1,1,2,1,2,2,4,2,0,0,0,60,1
"220",1,1,2,2,1,2,2,0,0,0,0,0,60,1
"220",1,2,2,2,2,2,2,0,0,0,0,0,25,2
"220",1,1,1,2,1,2,1,3,2,0,1,1,23,2
"220",1,1,1,2,2,2,2,4,2,0,0,0,75,2
"220",1,1,1,2,2,2,1,4,3,600,1,3,40,2
"220",1,1,1,1,2,1,1,2,3,500,2,2,19,2
"220",1,1,1,1,2,2,2,3,3,1200,0,0,34,1
"220",1,1,2,2,1,2,2,0,0,0,0,0,81,1
"220",1,1,2,1,1,2,2,0,0,0,0,0,44,1
"220",1,1,1,1,2,2,2,5,2,0,0,0,70,2
"220",1,1,1,1,2,2,1,4,1,0,5,2,21,2
"220",1,1,1,1,2,2,1,4,2,0,1,4,31,2
"220",1,1,1,1,1,2,1,4,2,0,5,3,38,2
"220",1,1,1,1,2,1,2,4,3,600,0,0,38,2
"220",1,1,1,1,1,2,1,3,3,90,1,4,70,1
"220",1,1,1,2,1,2,1,4,3,1200,1,4,20,1
"220",1,1,2,2,2,2,2,0,0,0,0,0,59,2
"220",1,1,1,1,2,2,1,4,3,600,2,3,29,1
"220",1,1,1,2,2,2,2,4,2,0,0,0,46,2
"220",1,1,2,1,2,2,1,0,0,0,1,3,19,1
"220",1,1,1,1,1,2,2,4,1,0,0,0,20,1
"220",1,1,1,2,2,2,1,4,2,0,5,3,21,2
"220",1,1,2,2,2,2,2,0,0,0,0,0,64,1
"220",1,1,1,2,2,2,1,4,3,239,2,1,43,2
"220",1,1,2,2,1,2,2,0,0,0,0,0,44,1
"220",1,1,1,1,2,2,1,4,3,600,3,1,31,2
"220",1,1,1,2,2,2,1,4,3,1200,1,3,34,1
"220",1,1,1,1,1,2,2,3,3,500,0,0,70,2
"220",1,1,1,2,2,2,1,4,3,1500,2,3,26,2
"220",1,1,1,2,2,2,1,4,2,0,1,4,51,1
"220",1,1,1,2,2,2,1,3,3,999999,3,2,19,1
"220",1,1,1,2,2,2,1,4,2,0,3,4,21,2
"220",1,1,2,2,2,2,2,0,0,0,0,0,84,1
"220",2,0,0,0,0,0,0,0,0,0,0,0,92,2
"220",1,1,1,2,1,2,2,5,2,0,0,0,59,1
"220",1,2,1,2,2,2,1,3,2,0,1,3,27,1
"220",1,2,2,1,2,2,1,0,0,0,5,4,19,1
"220",1,1,1,2,1,2,2,4,3,500,0,0,58,1
"220",1,1,1,2,2,2,2,4,2,0,0,0,45,2
"220",1,2,1,2,2,1,2,4,3,1000,0,0,19,1
"220",2,0,0,0,0,0,0,0,0,0,0,0,66,2
"220",1,1,2,2,1,2,2,0,0,0,0,0,21,1
"220",1,1,2,2,2,2,1,0,0,0,5,4,29,2
"220",1,1,1,1,1,2,1,4,1,0,5,4,32,2
"220",1,2,2,2,1,2,2,0,0,0,0,0,19,2
"220",1,1,1,2,2,2,1,4,3,1100,5,2,22,1
"220",1,1,1,2,2,2,2,4,3,860,0,0,60,2
"220",1,2,2,2,1,2,2,0,0,0,0,0,25,1
"220",1,1,1,2,1,1,2,3,3,270,0,0,51,2
"220",1,1,1,2,1,2,1,3,2,0,2,3,59,1
"220",1,1,1,2,1,2,2,3,2,0,0,0,67,1
"220",1,1,1,2,1,2,1,3,3,300,2,3,78,1
"220",1,1,1,1,1,2,1,4,3,200,3,3,44,1
"220",1,2,2,1,2,2,1,0,0,0,3,2,20,1
"220",1,1,1,2,1,2,1,4,3,1000,1,2,28,1
"220",1,1,1,2,2,2,1,4,3,110,1,4,57,2
"220",1,1,1,2,1,2,1,2,3,380,2,4,21,2
"220",2,0,0,0,0,0,0,0,0,0,0,0,40,2
"220",1,2,2,1,1,2,2,0,0,0,0,0,30,2
"220",1,1,1,2,1,1,2,3,2,0,0,0,40,2
"220",1,1,2,1,2,2,1,0,0,0,2,3,29,1
"220",1,1,2,1,2,1,1,0,0,0,1,4,25,1
"220",1,1,1,1,1,1,1,3,2,0,5,3,55,1
"220",1,1,1,1,2,2,2,5,1,0,0,0,77,1
"220",1,1,1,2,2,2,2,4,2,0,0,0,31,2
"220",1,1,1,2,2,2,1,4,3,150,5,4,43,1
"220",1,1,1,2,2,2,2,5,3,100,0,0,76,2
"220",1,1,1,1,2,2,1,4,3,400,2,4,30,2
"220",1,1,2,1,2,2,2,0,0,0,0,0,31,2
"220",1,1,1,2,2,2,2,3,3,150,0,0,70,2
"220",1,1,1,2,2,2,1,4,2,0,5,4,27,1
"220",1,1,1,2,2,2,1,3,2,0,1,1,52,2
"220",1,1,1,2,2,2,2,4,3,1,0,0,74,1
"220",1,1,1,1,1,1,2,4,2,0,0,0,34,1
"220",1,1,1,1,1,2,2,4,2,0,0,0,83,2
"220",1,1,2,1,2,2,1,0,0,0,2,3,40,1
"220",1,1,1,1,2,2,1,2,3,150,1,3,19,1
"220",1,1,2,2,2,2,2,0,0,0,0,0,70,1
"220",1,2,2,2,2,2,1,0,0,0,5,3,29,1
"220",1,1,1,1,2,2,1,4,2,0,5,4,31,2
"220",1,1,2,1,1,2,1,0,0,0,5,3,54,1
"220",1,1,1,2,2,2,1,1,1,0,1,3,38,2
"220",1,1,1,2,2,2,1,4,2,0,2,4,25,2
"220",1,1,1,2,2,2,1,3,2,0,2,4,19,1
"220",1,1,1,1,1,2,1,4,2,0,1,4,25,2
"220",1,2,1,2,2,2,1,2,2,0,3,4,22,2
"220",1,1,1,1,1,2,2,3,3,500,0,0,79,2
"220",1,1,1,2,2,2,1,2,3,1800,5,2,30,2
"220",1,1,1,1,2,2,1,4,3,200,5,4,46,2
"220",1,1,1,2,2,2,2,3,2,0,0,0,52,1
"220",1,1,2,1,2,2,1,0,0,0,1,4,24,2
"220",1,1,2,2,1,2,2,0,0,0,0,0,38,2
"220",1,1,1,2,2,1,1,4,3,500,2,3,21,2
"220",1,1,1,2,1,2,1,4,2,0,2,6,40,2
"220",1,1,1,2,1,2,1,1,2,0,2,1,61,1
"220",1,1,1,2,2,2,1,4,3,1200,5,4,55,1
"220",1,2,2,2,2,2,2,0,0,0,0,0,79,1
"220",2,0,0,0,0,0,0,0,0,0,0,0,55,1
"220",1,1,1,2,2,2,1,4,3,1500,2,4,22,2
"220",1,1,1,2,2,1,1,4,2,0,3,3,34,2
"220",1,2,1,1,2,2,1,4,2,0,1,3,30,1
"220",1,1,1,2,2,2,1,4,2,0,2,4,24,1
"220",1,1,1,1,2,2,1,3,3,1500,2,2,20,1
"220",1,1,1,2,1,2,1,4,3,900,1,3,45,1
"220",1,2,2,1,2,1,2,0,0,0,0,0,48,1
"220",1,1,2,2,1,2,2,0,0,0,0,0,65,1
"220",1,1,2,2,1,2,2,0,0,0,0,0,41,2
"220",1,1,1,2,1,2,1,4,3,200,2,3,55,2
"220",1,1,2,2,2,2,2,0,0,0,0,0,55,1
"220",2,0,0,0,0,0,0,0,0,0,0,0,73,2
"220",1,1,1,1,1,2,1,4,3,200,1,4,48,1
"220",1,1,1,1,2,2,2,3,2,0,0,0,49,2
"220",1,1,1,2,2,2,1,4,2,0,1,3,39,2
"220",1,1,1,1,2,2,2,4,2,0,0,0,19,2
"220",1,1,1,1,2,2,1,1,3,800,1,1,56,2
"220",1,1,2,2,2,2,2,0,0,0,0,0,57,1
"220",1,1,1,2,1,2,1,4,3,800,5,3,19,2
"220",1,1,1,2,2,2,2,4,3,100,0,0,30,2
"220",1,2,2,2,2,2,1,0,0,0,1,4,37,2
"220",1,1,2,1,1,2,2,0,0,0,0,0,54,1
"220",1,1,2,2,2,2,1,0,0,0,2,1,32,1
"220",1,1,1,1,1,2,1,3,2,0,1,1,44,1
"220",1,2,2,1,2,2,1,0,0,0,5,3,54,2
"220",1,1,1,2,2,2,2,3,3,2300,0,0,44,1
"220",1,1,2,1,1,2,2,0,0,0,0,0,51,2
"220",1,1,1,1,2,2,2,3,1,0,0,0,20,1
"220",1,1,1,1,1,1,1,3,2,0,5,5,41,2
"220",1,1,2,2,2,2,2,0,0,0,0,0,49,2
"220",2,0,0,0,0,0,0,0,0,0,0,0,45,2
"220",1,1,1,2,2,2,2,3,2,0,0,0,58,2
"220",2,0,0,0,0,0,0,0,0,0,0,0,90,2
"220",1,1,1,2,2,2,2,5,2,0,0,0,77,2
"220",1,1,2,2,1,2,2,0,0,0,0,0,30,1
"220",1,1,2,1,2,2,2,0,0,0,0,0,40,1
"220",1,1,1,1,2,2,2,3,2,0,0,0,71,1
"220",1,1,1,1,1,2,1,2,1,0,1,3,59,1
"220",1,1,2,2,2,2,2,0,0,0,0,0,31,2
"220",1,1,2,1,2,2,1,0,0,0,5,4,40,2
"220",1,1,1,1,1,2,1,3,3,1500,1,1,23,2
"220",1,1,2,1,2,2,2,0,0,0,0,0,77,2
"220",1,1,2,1,2,2,2,0,0,0,0,0,27,2
"220",1,1,1,1,2,2,1,1,2,0,1,2,20,1
"220",1,1,2,1,2,2,2,0,0,0,0,0,43,2
"220",1,1,2,1,2,2,2,0,0,0,0,0,52,2
"220",1,1,1,1,1,2,1,4,1,0,1,3,44,1
"220",1,1,2,2,2,2,2,0,0,0,0,0,51,2
"220",1,1,2,2,1,2,2,0,0,0,0,0,72,1
"220",1,1,1,1,2,2,1,3,2,0,2,3,55,2
"220",1,1,2,1,2,2,2,0,0,0,0,0,38,2
"220",1,1,1,1,2,2,1,5,2,0,1,4,72,2
"220",1,1,1,2,2,2,1,4,3,500,1,4,65,2
"220",1,1,1,1,1,1,1,4,2,0,5,4,49,2
"220",1,2,2,1,1,2,2,0,0,0,0,0,22,1
"220",1,1,1,1,2,2,2,3,2,0,0,0,45,2
"220",1,1,2,2,1,2,2,0,0,0,0,0,82,2
"220",1,1,2,1,1,2,2,0,0,0,0,0,53,2
"220",1,1,2,1,1,2,1,0,0,0,1,3,57,2
"220",1,1,1,2,2,2,1,5,2,0,5,3,48,2
"220",1,1,1,1,1,2,1,4,1,0,1,3,37,1
"220",1,1,1,1,2,2,1,2,1,0,1,2,33,1
"220",1,1,2,1,1,1,1,0,0,0,2,3,30,1
"220",1,1,2,1,2,2,2,0,0,0,0,0,35,1
"220",1,1,1,2,2,2,1,4,3,130,2,2,29,2
"220",1,1,1,1,1,2,1,3,3,2000,1,3,51,1
"220",1,1,1,2,1,2,2,5,2,0,0,0,63,2
"220",1,1,2,2,1,2,1,0,0,0,2,4,27,1
"220",1,1,2,2,1,2,2,0,0,0,0,0,57,2
"220",1,1,1,1,2,2,2,4,2,0,0,0,47,1
"220",1,1,2,2,2,2,1,0,0,0,2,3,60,1
"220",1,1,1,2,2,2,1,3,3,900,2,3,28,1
"220",1,1,2,2,2,2,2,0,0,0,0,0,48,1
"220",1,1,1,1,1,2,1,2,2,0,1,3,20,2
"220",1,1,1,2,1,2,2,3,3,600,0,0,25,2
"220",1,1,1,2,2,2,1,5,2,0,5,5,60,2
"220",1,1,2,1,2,2,2,0,0,0,0,0,49,2
"220",1,1,1,2,1,2,1,3,1,0,2,4,35,1
"220",1,2,2,2,1,2,2,0,0,0,0,0,72,2
"220",1,1,1,1,1,1,1,5,2,0,5,5,59,1
"220",1,1,1,2,1,2,2,4,2,0,0,0,69,2
"220",1,1,1,1,1,2,2,4,3,500,0,0,56,1
"220",1,1,1,1,1,2,1,2,2,0,5,2,27,2
"220",1,2,2,2,2,2,1,0,0,0,5,4,43,2
"220",1,2,2,2,2,1,2,0,0,0,0,0,26,1
"220",1,1,2,1,2,2,1,0,0,0,2,3,32,2
"220",1,1,1,1,2,2,2,5,2,0,0,0,42,1
"220",1,2,2,1,1,2,2,0,0,0,0,0,48,2
"220",1,1,1,1,2,2,1,2,2,0,2,2,20,2
"220",1,1,1,2,2,2,1,3,3,2000,1,3,40,1
"220",1,1,2,1,1,2,2,0,0,0,0,0,52,1
"220",1,1,1,2,2,2,1,4,2,0,5,3,33,2
"220",1,1,1,1,2,2,1,3,3,100,1,3,42,2
"220",1,1,2,1,1,2,1,0,0,0,2,1,40,1
"220",1,1,2,1,2,2,1,0,0,0,2,3,30,1
"220",1,1,1,1,2,1,1,2,1,0,2,3,27,2
"220",1,1,2,1,1,1,1,0,0,0,2,3,30,2
"220",1,1,1,2,2,2,1,2,1,0,1,2,44,1
"220",1,1,1,2,2,2,1,4,2,0,1,4,48,2
"220",1,2,2,2,2,2,1,0,0,0,5,3,45,2
"220",1,1,1,2,2,1,1,5,2,0,1,4,28,1
"220",1,1,1,2,2,2,1,3,3,500,1,3,49,2
"220",1,1,1,1,1,2,1,3,2,0,1,3,77,2
"220",1,1,1,1,1,2,1,4,3,200,1,4,27,2
"220",2,0,0,0,0,0,0,0,0,0,0,0,69,2
"220",1,1,2,1,1,1,2,0,0,0,0,0,72,1
"220",1,1,1,2,2,2,1,1,2,0,1,3,28,1
"220",1,1,1,2,2,2,2,5,3,800,0,0,77,2
"220",1,1,1,2,1,2,2,3,2,0,0,0,74,2
"220",1,1,2,1,1,2,2,0,0,0,0,0,72,2
"220",1,1,1,1,2,2,1,1,2,0,1,1,31,2
"220",1,1,1,2,2,2,2,5,3,170,0,0,62,2
"220",1,1,1,2,1,2,2,4,3,500,0,0,21,1
"220",2,0,0,0,0,0,0,0,0,0,0,0,38,2
"220",1,1,1,1,2,1,1,4,2,0,1,4,64,2
"220",1,1,1,2,2,2,1,2,3,500,1,2,23,1
"220",1,1,1,1,1,2,1,3,3,350,5,4,39,1
"220",1,1,1,1,1,2,2,4,3,1000,0,0,64,2
"220",1,1,1,2,2,1,1,2,1,0,2,2,19,2
"220",1,1,2,2,2,2,1,0,0,0,1,1,47,2
"220",1,1,2,2,1,1,2,0,0,0,0,0,44,1
"220",1,1,1,2,2,2,1,3,3,1500,2,3,25,1
"220",1,1,2,2,1,2,1,0,0,0,2,4,27,2
"220",1,1,1,2,1,2,2,4,2,0,0,0,25,1
"220",1,1,1,2,2,2,2,5,1,0,0,0,34,1
"220",1,2,2,2,1,2,2,0,0,0,0,0,37,1
"220",1,1,1,1,1,2,1,1,2,0,5,1,60,2
"220",1,1,1,1,1,2,2,3,2,0,0,0,57,1
"220",1,1,1,1,2,2,2,4,3,1000,0,0,42,1
"220",1,1,2,1,1,2,1,0,0,0,1,4,42,2
"220",1,1,1,2,1,2,2,4,3,300,0,0,53,2
"220",1,1,1,2,1,2,2,5,2,0,0,0,61,1
"220",1,1,2,2,1,2,2,0,0,0,0,0,41,1
"220",1,1,2,1,2,2,2,0,0,0,0,0,21,2
"220",1,1,1,2,2,2,1,1,2,0,2,1,28,2
"220",1,1,1,2,1,2,1,4,1,0,1,1,54,1
"220",1,1,2,1,1,2,2,0,0,0,0,0,57,1
"220",1,1,1,1,2,2,2,3,2,0,0,0,38,1
"220",1,1,2,2,2,2,1,0,0,0,1,4,65,1
"220",1,1,1,1,1,2,1,3,3,700,1,1,55,1
"220",1,1,2,1,1,2,2,0,0,0,0,0,52,2
"220",1,1,2,1,1,2,1,0,0,0,2,3,36,1
"220",1,1,1,2,2,2,2,5,2,0,0,0,52,2
"220",1,1,1,2,2,2,1,5,2,0,2,4,69,2
"220",1,1,1,2,2,2,1,5,2,0,2,1,56,2
"220",1,1,2,1,1,2,2,0,0,0,0,0,51,1
"220",1,1,2,2,1,1,1,0,0,0,5,4,22,1
"220",1,1,1,1,1,2,2,3,2,0,0,0,38,1
"220",1,1,2,2,1,2,2,0,0,0,0,0,59,1
"220",1,1,2,1,2,2,2,0,0,0,0,0,62,2
"220",1,1,1,1,2,2,2,1,2,0,0,0,26,1
"220",1,1,1,2,2,2,1,4,2,0,1,4,61,2
"220",1,1,1,2,2,2,1,1,3,700,1,1,38,1
"220",1,1,1,2,2,1,1,4,2,0,2,4,31,1
"220",1,2,2,2,2,2,2,0,0,0,0,0,54,1
"220",1,2,2,2,1,2,2,0,0,0,0,0,59,2
"220",1,1,1,1,1,2,1,1,2,0,2,2,23,1
"220",1,1,1,2,2,1,2,2,3,100,0,0,19,1
"220",1,1,1,2,2,2,1,4,2,0,2,4,32,1
"220",1,1,2,2,2,1,2,0,0,0,0,0,49,2
"220",1,1,2,1,2,2,2,0,0,0,0,0,23,2
"220",1,1,1,2,2,2,2,5,3,150,0,0,78,2
"220",1,1,2,1,2,2,2,0,0,0,0,0,55,2
"220",1,1,2,2,1,2,2,0,0,0,0,0,59,2
"220",1,1,1,2,2,2,1,1,2,0,2,1,28,1
"220",1,1,1,2,1,2,1,4,1,0,2,3,19,2
"220",2,0,0,0,0,0,0,0,0,0,0,0,59,2
"220",1,1,1,1,2,2,1,3,3,1500,2,3,48,1
"220",1,1,1,2,2,2,2,4,3,5000,0,0,26,1
"220",1,1,1,1,1,2,1,4,3,7200,2,3,74,2
"220",1,1,2,2,1,2,2,0,0,0,0,0,32,2
"220",1,1,1,1,2,2,1,4,2,0,3,6,40,2
"220",1,2,2,1,2,2,2,0,0,0,0,0,60,1
"220",1,2,2,2,2,2,1,0,0,0,2,6,43,2
"220",1,1,1,1,2,1,1,4,3,1200,2,3,19,1
"220",1,1,2,1,1,2,1,0,0,0,2,1,65,2
"220",1,1,1,2,2,2,1,4,2,0,5,3,47,1
"220",1,1,1,2,2,2,1,4,2,0,2,1,32,1
"220",1,1,2,1,2,2,1,0,0,0,3,4,34,2
"220",1,2,2,2,2,2,1,0,0,0,5,4,30,2
"220",1,2,2,2,2,2,1,0,0,0,1,4,43,2
"220",1,1,1,2,2,2,2,3,2,0,0,0,58,1
"220",1,2,2,2,2,2,2,0,0,0,0,0,21,2
"220",1,1,2,2,2,2,1,0,0,0,2,5,46,1
"220",1,1,2,1,2,2,2,0,0,0,0,0,70,1
"220",1,1,2,1,1,2,2,0,0,0,0,0,61,1
"220",1,2,2,2,2,2,1,0,0,0,5,6,45,2
"220",1,1,1,2,2,2,1,2,2,0,2,2,54,1
"220",1,1,2,2,2,2,2,0,0,0,0,0,90,2
"220",1,1,1,1,2,2,1,2,1,0,2,4,23,1
"220",1,1,2,2,1,2,1,0,0,0,5,4,52,1
"220",1,1,1,2,1,2,1,4,3,600,1,3,66,1
"220",1,1,2,2,2,2,2,0,0,0,0,0,18,1
"220",1,2,2,1,1,1,1,0,0,0,1,4,35,2
"220",1,1,1,2,1,2,1,1,2,0,2,3,47,1
"220",2,0,0,0,0,0,0,0,0,0,0,0,65,1
"220",1,2,2,2,2,2,1,0,0,0,5,3,44,2
"220",1,1,2,1,2,1,1,0,0,0,1,3,24,1
"220",1,1,1,2,2,2,1,4,2,0,5,1,56,1
"220",1,1,1,2,2,2,2,3,2,0,0,0,71,1
"220",1,2,1,1,2,2,1,4,3,200,5,3,19,1
"220",1,1,1,2,2,2,2,3,3,999999,0,0,69,2
"220",1,1,1,2,2,2,1,4,2,0,3,3,27,2
"220",1,1,1,2,2,2,1,3,3,600,1,3,45,1
"220",2,0,0,0,0,0,0,0,0,0,0,0,70,2
"220",1,1,2,2,2,2,1,0,0,0,5,4,60,1
"220",1,1,1,1,2,2,1,1,1,0,5,1,22,1
"220",1,1,1,2,2,2,2,4,2,0,0,0,24,2
"220",1,1,2,2,2,2,1,0,0,0,2,4,26,2
"220",1,1,1,2,2,2,2,5,3,999999,0,0,83,2
"220",1,2,2,2,2,2,1,0,0,0,2,3,34,2
"220",1,1,1,2,2,2,1,3,1,0,1,3,49,2
"220",1,2,1,2,1,2,2,3,3,380,0,0,51,2
"220",1,2,2,2,2,2,1,0,0,0,3,4,27,2
"220",1,1,1,1,1,2,2,3,2,0,0,0,76,1
"220",1,1,1,1,1,2,1,2,2,0,2,2,19,1
"220",1,2,2,1,2,2,2,0,0,0,0,0,51,2
"220",1,1,1,2,1,2,2,3,2,0,0,0,80,1
"220",1,1,1,2,2,2,1,1,2,0,2,1,37,2
"220",1,1,1,1,2,2,2,5,2,0,0,0,74,2
"220",1,1,1,1,2,2,1,2,1,0,2,2,19,2
"220",1,1,1,1,1,2,2,5,2,0,0,0,73,1
"220",1,1,1,2,2,2,2,3,2,0,0,0,42,1
"220",1,2,1,2,2,2,2,5,2,0,0,0,55,2
"220",1,1,2,2,2,2,1,0,0,0,2,6,43,2
"220",1,1,2,2,1,2,2,0,0,0,0,0,43,1
"220",1,2,2,1,1,2,2,0,0,0,0,0,65,1
"220",1,1,2,1,2,2,2,0,0,0,0,0,35,2
"220",1,1,1,2,2,2,2,4,3,200,0,0,34,1
"220",1,1,1,1,2,2,2,4,3,270,0,0,62,2
"220",1,2,2,2,2,2,1,0,0,0,1,4,26,1
"220",1,1,1,2,1,2,2,3,3,180,0,0,20,1
"220",1,1,1,2,1,1,1,4,2,0,2,4,55,2
"220",1,1,1,2,2,2,2,3,2,0,0,0,51,1
"220",1,2,1,2,2,2,2,5,2,0,0,0,65,2
"220",1,1,1,1,2,2,1,1,1,0,2,4,25,1
"220",1,1,1,1,1,2,1,4,3,300,2,1,59,2
"220",1,1,1,2,2,2,1,4,3,600,2,3,25,2
"220",1,1,1,1,1,2,2,4,3,215,0,0,46,1
"220",1,2,2,2,2,2,1,0,0,0,2,3,50,1
"220",1,1,1,1,2,2,1,4,2,0,2,3,44,2
"220",1,1,1,1,1,2,2,4,3,1300,0,0,51,2
"220",1,1,1,2,2,2,1,4,3,250,1,3,58,2
"220",1,2,2,2,2,2,1,0,0,0,2,3,42,2
"220",1,1,1,2,2,1,2,4,3,300,0,0,35,1
"220",1,2,2,2,2,2,1,0,0,0,2,3,39,1
"220",1,1,1,2,2,2,1,1,2,0,2,3,51,2
"220",1,1,1,1,2,2,1,3,3,200,1,3,71,1
"220",1,2,2,1,2,2,2,0,0,0,0,0,31,2
"220",1,1,1,2,2,2,1,2,2,0,2,3,40,2
"220",1,2,1,2,2,2,2,4,3,300,0,0,34,2
"220",1,2,1,2,2,1,2,4,2,0,0,0,43,1
"220",1,2,1,2,2,2,2,6,2,0,0,0,37,2
"220",1,2,2,2,2,2,2,0,0,0,0,0,67,1
"220",1,1,1,2,2,2,1,3,2,0,2,3,31,1
"220",1,2,2,1,2,2,1,0,0,0,2,1,27,1
"220",1,1,1,1,1,2,1,1,2,0,1,3,49,1
"220",1,2,2,1,2,2,1,0,0,0,2,3,27,2
"220",1,1,2,1,2,2,1,0,0,0,1,4,40,2
"220",1,1,1,1,1,2,1,4,2,0,3,3,39,2
"220",1,2,1,2,2,2,2,5,3,1000,0,0,51,2
"220",1,2,1,2,2,2,1,3,1,0,5,3,19,2
"220",1,1,1,1,1,2,1,1,3,500,2,4,46,1
"220",1,2,2,1,2,2,2,0,0,0,0,0,38,2
"220",1,1,2,1,2,2,1,0,0,0,2,3,45,2
"220",1,1,1,2,2,2,1,5,2,0,1,3,43,1
"220",1,1,1,1,1,1,1,3,3,300,5,3,52,2
"220",1,1,1,2,2,2,2,2,2,0,0,0,32,2
"220",1,1,2,2,1,2,2,0,0,0,0,0,79,1
"220",1,1,1,1,1,2,2,3,3,85,0,0,32,2
"220",1,1,2,1,1,2,2,0,0,0,0,0,65,2
"220",1,2,1,2,2,2,2,5,2,0,0,0,53,2
"220",1,1,1,2,1,2,1,4,2,0,2,4,38,2
"220",1,1,1,1,1,1,1,4,2,0,1,4,21,2
"220",1,2,2,2,2,2,1,0,0,0,2,4,39,2
"220",1,1,1,1,2,2,1,4,2,0,5,4,24,1
"220",1,1,2,2,1,2,2,0,0,0,0,0,24,1
"220",1,1,1,2,1,2,2,5,3,300,0,0,56,2
"220",2,0,0,0,0,0,0,0,0,0,0,0,34,1
"220",1,1,1,1,2,2,1,4,3,3500,1,1,36,2
"220",1,1,1,1,2,2,1,4,3,400,2,4,28,1
"220",1,1,1,1,1,1,1,4,2,0,1,3,20,2
"220",1,1,1,1,2,2,2,4,2,0,0,0,69,2
"220",1,1,1,2,2,2,1,3,1,0,1,1,27,1
"220",1,1,2,1,2,2,2,0,0,0,0,0,65,1
"220",1,1,1,2,2,2,2,5,2,0,0,0,43,2
"220",1,1,2,2,2,2,2,0,0,0,0,0,33,2
"220",1,1,1,1,2,2,2,4,2,0,0,0,65,2
"220",1,1,1,1,1,2,2,3,2,0,0,0,80,1
"220",1,1,1,1,2,2,1,4,3,1500,1,2,52,1
"220",1,1,1,2,2,2,2,3,3,800,0,0,85,1
"220",1,1,2,1,1,2,1,0,0,0,1,4,69,1
"220",2,0,0,0,0,0,0,0,0,0,0,0,77,2
"220",1,1,1,1,1,1,1,3,3,150,3,3,29,1
"220",1,1,1,1,1,2,2,4,3,600,0,0,63,2
"220",1,1,2,2,2,1,1,0,0,0,2,4,40,1
"220",1,1,1,2,2,2,2,4,2,0,0,0,58,2
"220",1,1,1,1,2,1,1,4,3,2000,2,4,21,1
"220",1,1,2,1,1,2,1,0,0,0,1,4,26,2
"220",1,1,2,1,2,2,1,0,0,0,1,3,32,2
"220",1,2,2,2,1,2,2,0,0,0,0,0,36,2
"220",1,1,1,1,2,2,1,2,3,1500,1,2,20,1
"220",1,1,1,1,1,2,2,4,2,0,0,0,55,2
"220",1,1,1,2,2,2,1,4,2,0,2,3,30,2
"220",1,1,1,1,1,1,1,4,3,40,5,4,59,2
"220",1,2,2,1,1,2,1,0,0,0,3,4,34,1
"220",1,1,1,2,2,2,1,4,1,0,3,4,21,1
"220",1,1,1,1,1,1,1,3,1,0,1,4,25,1
"220",1,1,1,2,2,2,2,3,2,0,0,0,43,1
"220",1,1,1,2,2,2,2,3,3,500,0,0,60,1
"220",1,1,1,1,2,2,2,3,1,0,0,0,36,1
"220",1,1,1,1,2,2,1,3,3,800,1,3,57,1
"220",1,1,1,1,2,2,2,3,2,0,0,0,25,2
"220",1,2,2,1,2,2,1,0,0,0,2,3,61,1
"220",1,1,2,1,2,2,1,0,0,0,2,3,68,1
"220",1,1,1,1,1,1,1,3,2,0,5,2,18,2
"220",1,1,1,1,2,2,1,4,3,700,2,4,36,1
"220",1,1,1,2,1,2,1,1,1,0,1,1,33,1
"220",1,2,2,1,1,2,2,0,0,0,0,0,28,2
"220",1,1,1,2,2,2,1,2,1,0,1,2,20,2
"220",2,0,0,0,0,0,0,0,0,0,0,0,84,2
"220",1,2,2,1,1,2,2,0,0,0,0,0,60,2
"220",1,1,2,2,2,2,1,0,0,0,2,1,37,2
"220",1,2,2,2,1,2,1,0,0,0,1,1,47,1
"220",1,1,1,1,2,2,1,3,1,0,1,1,30,2
"220",1,1,1,2,2,2,2,1,2,0,0,0,57,2
"220",1,1,1,2,2,2,1,2,1,0,1,2,22,1
"220",1,1,1,1,2,2,1,2,1,0,1,2,21,1
"220",1,1,1,1,2,2,1,1,1,0,2,1,37,2
"220",1,1,1,1,1,2,1,1,1,0,2,1,60,1
"220",1,2,2,2,2,2,1,0,0,0,2,4,28,1
"220",1,2,2,2,1,2,1,0,0,0,2,1,34,1
"220",1,1,2,2,1,2,2,0,0,0,0,0,50,2
"220",1,1,1,2,2,2,2,5,2,0,0,0,74,2
"220",1,1,1,2,1,2,1,4,1,0,2,4,21,2
"220",1,2,2,2,1,2,1,0,0,0,2,4,28,1
"220",1,1,1,2,1,2,1,4,1,0,1,3,25,1
"220",1,1,1,2,2,2,1,3,3,150,5,3,50,2
"220",1,2,2,1,2,2,2,0,0,0,0,0,26,2
"220",1,2,2,2,1,2,2,0,0,0,0,0,29,1
"220",1,2,2,1,1,2,2,0,0,0,0,0,24,1
"220",1,1,1,2,1,2,1,1,3,1500,2,3,57,1
"220",1,2,2,1,1,2,1,0,0,0,2,3,54,2
"220",1,1,1,2,2,2,2,4,2,0,0,0,65,1
"220",1,2,1,1,1,2,2,4,2,0,0,0,46,2
"220",1,2,2,2,1,2,2,0,0,0,0,0,60,1
"220",1,1,1,1,2,2,1,4,3,1200,3,4,46,1
"220",1,1,1,2,1,2,2,1,2,0,0,0,52,2
"220",1,1,1,2,2,2,2,4,2,0,0,0,48,2
"220",1,1,2,1,1,2,1,0,0,0,1,3,47,2
"220",1,2,2,2,1,2,2,0,0,0,0,0,44,1
"220",1,1,1,2,1,2,1,5,2,0,1,3,39,2
"220",1,1,1,2,2,1,1,4,3,200,1,4,23,2
"220",1,1,2,2,2,2,2,0,0,0,0,0,37,1
"220",1,1,1,2,1,2,2,4,2,0,0,0,71,2
"220",1,1,1,2,2,2,2,3,3,30,0,0,56,2
"220",1,1,1,2,2,2,1,4,3,300,5,4,29,2
"220",1,1,1,2,2,2,2,4,3,500,0,0,80,2
"220",1,1,2,1,1,2,2,0,0,0,0,0,76,1
"220",1,1,1,1,1,1,1,3,2,0,1,3,72,1
"220",1,1,2,1,1,2,2,0,0,0,0,0,56,1
"220",1,1,1,1,1,2,2,4,3,200,0,0,30,2
"220",1,1,1,1,1,1,1,4,3,5000,1,4,24,1
"220",1,1,2,1,2,2,2,0,0,0,0,0,58,2
"220",1,1,1,2,2,2,2,4,2,0,0,0,63,2
"220",1,1,1,2,2,2,2,3,2,0,0,0,73,2
"220",1,1,1,1,2,2,1,2,2,0,2,2,24,1
"220",1,1,1,1,1,2,1,1,1,0,1,4,38,1
"220",1,1,1,2,2,2,1,2,3,4200,1,2,27,1
"220",1,1,1,2,2,2,1,5,3,750,2,4,59,2
"220",1,1,1,1,2,2,1,1,3,3500,1,3,29,2
"220",1,1,1,1,2,2,2,5,2,0,0,0,64,2
"220",1,1,1,1,1,2,1,2,2,0,1,4,37,2
"220",1,1,1,2,2,2,2,5,3,900,0,0,60,2
"220",1,1,1,2,2,2,2,5,2,0,0,0,44,2
"220",1,1,2,1,2,2,1,0,0,0,1,4,30,2
"220",1,1,2,2,1,2,2,0,0,0,0,0,26,1
"220",1,1,1,2,1,2,2,5,3,300,0,0,44,1
"220",1,1,1,2,2,2,2,5,2,0,0,0,65,2
"220",1,1,2,1,2,2,1,0,0,0,2,4,37,1
"220",1,1,2,2,1,2,2,0,0,0,0,0,31,1
"220",2,0,0,0,0,0,0,0,0,0,0,0,50,2
"220",1,1,1,1,2,2,1,2,1,0,1,2,20,1
"220",1,1,2,2,2,2,1,0,0,0,1,1,27,2
"220",1,1,1,2,2,2,2,5,3,200,0,0,59,1
"220",1,1,2,2,1,2,2,0,0,0,0,0,48,1
"220",1,1,1,2,2,2,1,1,1,0,2,1,37,2
"220",1,1,1,1,2,2,1,1,1,0,1,1,29,1
"220",1,1,2,2,1,2,1,0,0,0,2,4,47,1
"220",1,1,1,1,2,2,1,3,2,0,1,4,25,2
"220",1,1,1,2,2,2,2,5,2,0,0,0,61,2
"220",1,1,1,1,2,2,1,4,1,0,1,4,24,2
"220",1,1,1,2,2,2,1,3,2,0,2,3,35,1
"220",1,1,1,2,1,2,2,5,3,800,0,0,63,1
"220",1,1,2,1,1,2,1,0,0,0,2,3,46,1
"220",1,1,2,2,1,2,1,0,0,0,2,4,46,1
"220",1,1,1,2,1,2,2,5,3,300,0,0,72,1
"220",1,1,2,2,2,2,1,0,0,0,1,4,38,2
"220",1,1,1,1,2,2,1,1,2,0,2,3,53,2
"220",1,2,2,1,2,2,2,0,0,0,0,0,34,2
"220",1,1,1,2,1,2,1,4,3,400,2,3,53,1
"220",1,1,1,2,2,2,1,3,3,800,2,3,61,2
"220",1,1,2,2,1,2,2,0,0,0,0,0,43,2
"220",1,1,1,1,1,2,1,1,3,700,1,1,47,1
"220",1,2,2,2,2,2,2,0,0,0,0,0,77,2
"220",1,1,1,1,2,2,1,1,3,1600,1,1,55,2
"220",1,2,2,2,2,2,1,0,0,0,2,4,48,2
"220",1,2,2,2,2,2,1,0,0,0,3,4,30,2
"220",1,2,2,2,1,2,2,0,0,0,0,0,61,1
"220",1,1,2,1,2,2,1,0,0,0,1,1,30,1
"220",1,1,1,2,1,2,2,3,2,0,0,0,59,1
"220",1,1,2,2,2,2,1,0,0,0,2,3,28,1
"220",1,1,1,2,2,2,1,5,3,15,2,1,41,2
"220",1,1,2,2,1,2,2,0,0,0,0,0,68,1
"220",1,2,2,2,2,2,2,0,0,0,0,0,70,1
"220",1,1,2,1,1,1,2,0,0,0,0,0,47,1
"220",1,1,2,2,2,2,1,0,0,0,1,3,54,2
"220",1,2,2,2,2,2,1,0,0,0,1,4,23,1
"220",1,1,2,2,1,2,2,0,0,0,0,0,71,1
"220",1,2,2,2,2,2,1,0,0,0,1,1,43,1
"220",1,2,1,2,2,2,1,4,2,0,2,4,26,2
"220",1,1,2,1,2,2,1,0,0,0,1,4,37,2
"220",1,1,1,2,1,2,1,3,3,300,1,3,58,2
"220",1,1,2,1,2,2,1,0,0,0,1,4,21,2
"220",1,1,2,1,2,2,1,0,0,0,1,3,42,2
"220",1,1,2,2,1,2,1,0,0,0,1,4,61,1
"220",1,1,2,2,1,2,2,0,0,0,0,0,70,1
"220",1,2,2,2,2,2,1,0,0,0,1,4,27,1
"220",1,1,1,2,2,2,2,3,2,0,0,0,51,2
"220",1,1,2,1,1,2,1,0,0,0,1,4,34,1
"220",1,1,2,2,1,2,1,0,0,0,1,3,52,1
"220",1,1,1,1,2,2,1,1,3,580,1,1,45,1
"220",1,1,1,1,1,2,2,4,2,0,0,0,30,2
"220",1,1,1,1,2,2,1,4,3,100,5,2,44,2
"220",1,1,1,1,2,2,2,4,1,0,0,0,19,2
"220",1,1,1,1,2,2,1,1,3,900,1,1,43,2
"220",1,1,1,1,2,2,2,3,2,0,0,0,27,2
"220",1,1,2,2,1,2,1,0,0,0,5,4,28,1
"220",1,1,2,2,1,2,2,0,0,0,0,0,57,1
"220",1,1,2,1,2,2,2,0,0,0,0,0,33,2
"220",1,1,2,1,2,2,2,0,0,0,0,0,36,2
"220",2,0,0,0,0,0,0,0,0,0,0,0,85,2
"220",1,2,2,2,2,1,2,0,0,0,0,0,29,2
"220",1,1,2,2,2,1,2,0,0,0,0,0,58,1
"220",1,1,1,2,2,2,2,4,3,140,0,0,47,1
"220",1,1,1,2,1,2,2,3,2,0,0,0,45,1
"220",1,1,1,2,2,2,2,4,2,0,0,0,52,2
"220",1,1,2,2,1,2,1,0,0,0,1,3,59,1
"220",1,1,1,1,1,2,2,3,2,0,0,0,46,1
"220",1,2,2,1,2,1,2,0,0,0,0,0,23,2
"220",2,0,0,0,0,0,0,0,0,0,0,0,48,2
"220",1,1,1,1,1,1,1,1,1,0,5,1,42,2
"220",1,1,1,1,1,1,2,4,3,1800,0,0,53,1
"220",1,1,1,1,1,2,1,3,3,200,1,3,29,2
"220",1,1,1,2,2,2,2,4,2,0,0,0,35,2
"220",2,0,0,0,0,0,0,0,0,0,0,0,69,1
"220",1,1,2,2,1,2,2,0,0,0,0,0,66,1
"220",1,2,2,2,2,2,1,0,0,0,2,4,20,1
"220",1,1,1,1,2,2,1,2,3,1000,1,2,26,1
"220",2,0,0,0,0,0,0,0,0,0,0,0,71,1
"220",1,1,1,2,1,2,2,4,2,0,0,0,68,2
"220",1,1,1,2,1,2,2,4,2,0,0,0,70,1
"220",1,1,1,2,2,2,1,3,2,0,2,4,43,2
"220",1,1,1,1,2,2,1,1,3,1200,1,1,37,1
"220",1,1,1,2,2,2,1,3,3,1800,2,3,47,2
"220",1,1,1,1,2,2,1,4,3,400,1,4,32,2
"220",1,1,1,1,2,2,1,2,3,500,2,1,45,2
"220",1,1,1,2,1,2,1,4,2,0,1,3,54,2
"220",1,1,1,2,1,2,2,4,2,0,0,0,73,1
"220",1,1,1,1,1,2,1,4,3,1000,2,3,41,2
"220",1,1,1,2,2,2,1,2,3,1500,1,2,19,1
"220",1,1,1,1,1,1,1,4,1,0,2,4,28,2
"220",1,1,1,2,1,2,1,2,1,0,1,2,45,1
"220",2,0,0,0,0,0,0,0,0,0,0,0,56,2
"220",1,2,2,2,2,2,2,0,0,0,0,0,81,1
"220",1,1,1,1,1,2,2,1,1,0,0,0,28,1
"220",1,1,1,2,2,2,1,4,2,0,1,4,36,1
"220",1,1,1,1,1,1,2,4,2,0,0,0,47,1
"220",2,0,0,0,0,0,0,0,0,0,0,0,60,2
"220",1,1,1,2,2,2,1,4,2,0,3,2,54,1
"220",1,1,2,2,1,2,1,0,0,0,1,3,26,2
"220",1,1,2,2,1,2,1,0,0,0,2,3,62,1
"220",1,1,2,2,2,2,1,0,0,0,2,3,38,2
"220",1,2,2,1,2,2,2,0,0,0,0,0,68,2
"220",1,1,1,2,1,1,1,4,3,280,1,3,29,1
"220",1,2,2,2,2,2,1,0,0,0,1,3,33,1
"220",1,1,1,2,2,2,1,2,2,0,2,2,21,1
"220",1,1,2,2,2,2,2,0,0,0,0,0,80,1
"220",1,1,1,1,1,2,2,4,3,300,0,0,36,1
"220",1,1,1,2,2,1,1,3,2,0,2,4,52,2
"220",1,1,1,1,2,2,1,3,3,700,3,4,38,2
"220",1,2,1,1,2,2,1,1,2,0,1,3,28,1
"220",1,1,1,2,2,2,1,5,3,40,5,3,44,2
"220",1,1,2,1,2,2,1,0,0,0,5,4,39,2
"220",1,1,1,1,1,2,1,4,1,0,2,3,33,2
"220",1,1,2,1,1,2,1,0,0,0,1,3,30,1
"220",1,2,2,1,2,2,1,0,0,0,5,3,18,2
"220",1,1,1,2,2,2,1,4,3,600,5,2,23,2
"220",1,1,2,1,1,1,1,0,0,0,2,3,42,1
"220",1,1,2,2,1,2,1,0,0,0,5,4,40,1
"220",1,1,2,1,2,1,2,0,0,0,0,0,39,2
"220",1,2,2,1,1,2,1,0,0,0,3,3,18,1
"220",1,1,2,2,1,2,1,0,0,0,5,3,70,1
"220",1,1,2,2,2,2,2,0,0,0,0,0,89,2
"220",1,1,2,1,1,2,2,0,0,0,0,0,78,1
"220",1,1,2,2,1,2,1,0,0,0,1,3,44,1
"220",1,1,1,2,2,2,2,4,2,0,0,0,29,2
"220",1,1,2,2,2,2,1,0,0,0,5,4,30,2
"220",1,1,2,2,2,2,2,0,0,0,0,0,85,2
"220",1,1,2,1,2,1,1,0,0,0,5,4,60,1
"220",1,1,1,2,2,2,1,2,2,0,5,4,23,2
"220",1,1,1,2,1,2,1,3,3,1000,1,3,58,1
"220",1,1,1,2,2,2,1,4,2,0,5,4,18,2
"220",1,2,2,1,2,2,1,0,0,0,1,4,77,1
"220",1,1,1,1,1,2,1,4,2,0,2,1,45,2
"220",1,1,1,2,1,2,2,5,3,700,0,0,56,1
"220",1,1,1,2,1,1,1,4,2,0,2,3,37,2
"220",1,1,1,2,1,2,2,4,2,0,0,0,56,1
"220",1,1,2,2,1,2,2,0,0,0,0,0,45,2
"220",1,1,1,2,2,1,2,3,2,0,0,0,40,2
"220",1,2,2,2,1,2,2,0,0,0,0,0,39,2
"220",1,2,2,1,1,2,1,0,0,0,5,3,31,2
"220",1,1,1,1,1,1,1,4,2,0,1,4,44,2
"220",1,1,1,1,2,2,1,2,3,700,2,2,21,2
"220",1,1,1,1,1,2,2,4,3,3000,0,0,61,1
"220",1,2,2,2,1,1,2,0,0,0,0,0,61,2
"220",1,1,1,1,2,1,1,2,3,4000,1,2,26,1
"220",1,1,2,2,2,2,2,0,0,0,0,0,31,1
"220",1,1,2,2,2,2,1,0,0,0,5,4,54,2
"220",1,2,2,2,2,2,1,0,0,0,1,3,25,2
"220",1,1,1,1,2,2,1,3,1,0,2,2,25,1
"220",1,1,1,1,2,2,2,3,3,400,0,0,60,1
"220",1,1,1,1,1,1,1,3,3,900,1,3,31,1
"220",1,1,1,2,2,2,1,3,2,0,5,3,37,1
"220",1,1,2,1,1,2,2,0,0,0,0,0,39,1
"220",1,1,1,1,2,2,2,4,3,30,0,0,62,1
"220",1,1,1,2,2,2,2,5,3,150,0,0,70,2
"220",1,1,1,1,2,2,1,1,2,0,1,3,51,2
"220",1,2,2,1,2,1,1,0,0,0,1,3,23,1
"220",1,1,1,1,2,2,1,2,1,0,2,2,21,2
"220",1,1,2,2,2,2,1,0,0,0,4,3,24,2
"220",1,1,1,1,2,2,1,2,2,0,2,2,36,2
"220",1,1,1,1,2,2,1,3,1,0,1,2,22,1
"220",1,2,1,1,2,2,2,4,2,0,0,0,41,2
"220",1,2,1,2,2,2,2,2,2,0,0,0,33,2
"220",1,2,2,2,2,2,1,0,0,0,3,2,30,2
"220",1,1,1,2,2,2,1,4,3,400,2,3,34,2
"220",1,1,1,2,2,2,1,1,3,2400,1,3,52,2
"220",1,1,1,2,2,2,2,1,2,0,0,0,32,2
"220",1,1,1,1,1,1,1,3,3,1000,1,3,38,2
"220",1,2,2,2,1,2,1,0,0,0,2,3,43,2
"220",1,1,1,2,1,2,1,4,2,0,1,3,28,2
"220",1,2,2,2,1,2,2,0,0,0,0,0,26,2
"221",1,2,2,2,2,2,1,0,0,0,5,4,40,2
"221",1,2,2,2,2,2,2,0,0,0,0,0,43,1
"221",1,2,2,2,2,2,1,0,0,0,5,4,27,2
"221",1,1,2,2,1,2,2,0,0,0,0,0,68,1
"221",1,2,2,2,2,2,2,0,0,0,0,0,56,2
"221",1,2,2,2,2,2,2,0,0,0,0,0,44,1
"221",1,2,2,2,2,2,2,0,0,0,0,0,46,1
"221",1,2,2,2,2,2,2,0,0,0,0,0,49,1
"221",1,1,1,1,2,2,1,4,3,280,5,3,22,2
"221",1,1,1,1,2,2,1,2,3,750,1,2,19,2
"221",1,1,1,2,2,2,1,4,2,0,5,4,46,2
"221",1,1,1,2,1,2,1,4,2,0,1,3,44,1
"221",1,1,1,1,1,2,1,3,2,0,1,1,69,1
"221",1,2,2,2,2,2,1,0,0,0,1,4,41,2
"221",1,1,2,2,1,2,1,0,0,0,5,4,38,1
"221",1,1,2,1,2,2,1,0,0,0,1,4,39,1
"221",1,2,2,2,2,2,2,0,0,0,0,0,61,2
"221",1,1,1,2,2,2,1,4,1,0,5,4,56,1
"221",1,2,2,2,2,2,2,0,0,0,0,0,62,2
"221",1,2,2,2,2,2,2,0,0,0,0,0,55,2
"221",1,2,2,1,2,2,1,0,0,0,5,4,25,2
"221",1,2,2,2,2,2,1,0,0,0,5,4,32,2
"221",1,1,1,2,2,2,1,2,3,650,2,2,20,1
"221",1,1,1,2,2,2,1,3,2,0,2,3,39,1
"221",1,1,1,1,2,2,1,4,1,0,2,4,50,1
"221",1,2,2,2,2,2,1,0,0,0,5,4,41,2
"221",1,1,2,1,2,2,1,0,0,0,2,4,31,2
"221",1,2,2,2,2,2,2,0,0,0,0,0,48,1
"221",1,2,2,2,1,2,2,0,0,0,0,0,31,1
"221",1,2,2,2,2,2,2,0,0,0,0,0,46,2
"221",1,1,1,2,2,2,1,4,2,0,2,1,43,2
"221",1,2,2,2,2,2,2,0,0,0,0,0,71,2
"221",1,2,2,2,2,2,2,0,0,0,0,0,47,2
"221",1,2,2,2,2,2,2,0,0,0,0,0,42,2
"221",1,1,1,2,2,2,1,2,2,0,2,2,20,2
"221",1,2,2,2,2,2,2,0,0,0,0,0,31,1
"221",1,1,1,2,2,2,1,4,2,0,2,4,23,1
"221",1,2,2,2,1,2,2,0,0,0,0,0,51,1
"221",1,1,1,2,2,2,2,5,2,0,0,0,50,1
"221",1,2,2,2,2,2,1,0,0,0,5,4,34,2
"221",1,2,2,2,2,2,2,0,0,0,0,0,54,1
"221",1,2,2,2,2,2,2,0,0,0,0,0,36,1
"221",1,2,2,2,2,2,2,0,0,0,0,0,47,1
"221",1,1,1,2,2,2,1,4,2,0,2,3,19,2
"221",1,2,2,2,2,2,2,0,0,0,0,0,28,2
"221",1,1,2,2,1,2,2,0,0,0,0,0,50,1
"221",1,2,2,2,2,2,2,0,0,0,0,0,40,2
"221",1,1,2,2,2,2,1,0,0,0,1,4,26,1
"221",1,1,2,1,1,2,1,0,0,0,3,4,25,1
"221",1,1,1,2,2,2,2,4,3,500,0,0,31,1
"221",1,1,1,2,2,2,2,3,3,800,0,0,45,2
"221",1,2,2,2,2,2,2,0,0,0,0,0,44,2
"221",1,2,2,1,2,2,2,0,0,0,0,0,34,2
"221",1,1,1,1,2,2,2,2,1,0,0,0,41,2
"221",1,2,2,1,2,2,2,0,0,0,0,0,26,2
"221",1,2,2,2,2,2,2,0,0,0,0,0,40,1
"221",1,1,1,2,2,2,2,4,2,0,0,0,92,2
"221",1,2,2,2,2,1,2,0,0,0,0,0,44,2
"221",1,2,2,2,2,2,2,0,0,0,0,0,32,2
"221",1,2,2,2,2,2,2,0,0,0,0,0,45,1
"221",1,1,1,2,2,2,2,4,3,100,0,0,20,2
"221",1,2,2,2,2,2,2,0,0,0,0,0,24,1
"221",1,1,2,2,2,2,2,0,0,0,0,0,67,2
"221",1,1,2,1,1,2,2,0,0,0,0,0,41,1
"221",2,0,0,0,0,0,0,0,0,0,0,0,50,1
"221",1,1,2,2,1,2,2,0,0,0,0,0,52,1
"221",1,2,2,2,1,2,1,0,0,0,1,3,64,1
"221",1,1,2,1,1,2,2,0,0,0,0,0,69,2
"221",1,1,1,1,1,2,1,4,2,0,1,3,73,1
"221",1,1,1,2,2,2,2,3,3,800,0,0,33,1
"221",1,1,1,2,2,2,1,4,1,0,2,4,22,2
"221",2,0,0,0,0,0,0,0,0,0,0,0,36,2
"221",1,1,1,2,2,2,2,4,2,0,0,0,59,1
"221",1,2,2,2,2,2,2,0,0,0,0,0,59,2
"221",1,2,2,2,1,2,2,0,0,0,0,0,50,2
"221",1,1,1,2,2,1,2,2,3,80,0,0,35,2
"221",1,2,1,1,2,2,2,1,1,0,0,0,35,2
"221",1,1,2,2,2,2,2,0,0,0,0,0,27,1
"221",1,2,2,2,2,2,2,0,0,0,0,0,25,2
"221",1,1,1,1,1,2,2,2,2,0,0,0,33,2
"221",1,1,2,2,1,2,2,0,0,0,0,0,67,1
"221",1,1,1,1,2,2,1,3,1,0,2,3,39,2
"221",1,2,2,2,2,2,2,0,0,0,0,0,70,2
"221",1,1,1,1,2,2,2,3,2,0,0,0,68,2
"221",1,2,2,2,2,2,2,0,0,0,0,0,31,2
"221",1,1,1,1,2,2,1,3,1,0,2,3,40,1
"221",1,1,2,2,1,2,2,0,0,0,0,0,51,1
"221",1,1,2,2,2,2,1,0,0,0,5,4,31,2
"221",1,1,2,2,2,2,1,0,0,0,5,4,29,1
"221",1,1,2,2,2,2,1,0,0,0,2,3,32,2
"221",1,1,2,1,2,2,1,0,0,0,5,4,52,2
"221",1,2,2,2,2,2,2,0,0,0,0,0,75,1
"221",1,2,2,2,2,2,2,0,0,0,0,0,29,2
"221",2,0,0,0,0,0,0,0,0,0,0,0,73,1
"221",1,1,2,2,2,2,1,0,0,0,3,4,26,2
"221",1,1,1,2,2,2,1,2,1,0,1,2,24,1
"221",1,1,2,2,2,2,1,0,0,0,1,4,36,1
"221",1,1,1,2,2,2,2,3,2,0,0,0,73,1
"221",1,1,2,1,2,2,1,0,0,0,2,1,24,2
"221",1,1,2,2,1,2,2,0,0,0,0,0,72,2
"221",1,1,1,1,2,2,1,1,1,0,2,3,29,1
"221",1,2,2,2,2,2,2,0,0,0,0,0,51,2
"221",1,2,2,2,2,2,2,0,0,0,0,0,65,2
"221",1,1,1,2,2,2,2,4,1,0,0,0,51,2
"221",1,2,2,2,2,2,2,0,0,0,0,0,35,1
"221",1,1,1,2,2,2,2,3,2,0,0,0,52,2
"221",1,1,2,2,2,2,1,0,0,0,2,4,45,1
"221",1,1,2,2,2,2,1,0,0,0,2,4,28,1
"221",1,1,1,1,2,2,1,3,2,0,2,3,33,1
"221",1,1,1,1,2,2,1,1,2,0,5,4,61,2
"221",1,2,2,2,2,2,2,0,0,0,0,0,67,1
"221",1,1,1,1,2,2,1,1,2,0,2,1,47,2
"221",1,1,1,2,2,2,1,2,1,0,3,3,24,2
"221",1,1,2,1,2,2,1,0,0,0,2,3,40,2
"221",1,1,2,1,1,2,2,0,0,0,0,0,70,1
"221",1,1,2,2,2,2,1,0,0,0,2,2,28,2
"221",1,1,2,2,2,2,1,0,0,0,2,3,35,2
"221",1,1,2,1,2,2,1,0,0,0,5,3,37,1
"221",1,2,2,2,1,2,2,0,0,0,0,0,30,2
"221",1,2,2,2,2,2,1,0,0,0,1,1,51,1
"221",1,1,2,1,1,2,1,0,0,0,5,3,31,1
"221",1,1,1,1,1,2,2,3,3,185,0,0,78,2
"221",1,1,2,2,1,2,1,0,0,0,2,3,61,1
"221",1,2,2,2,2,2,2,0,0,0,0,0,45,2
"221",1,1,1,1,1,1,1,5,3,1200,2,3,69,2
"221",1,1,2,1,1,2,1,0,0,0,1,3,68,2
"221",1,1,1,1,2,1,2,4,2,0,0,0,36,1
"221",1,1,2,2,1,2,1,0,0,0,1,3,38,1
"221",1,1,1,2,2,2,2,5,3,150,0,0,36,2
"221",1,1,2,1,1,2,1,0,0,0,3,4,41,1
"221",1,1,1,1,2,2,1,4,2,0,3,3,26,1
"221",1,2,1,2,2,2,2,6,2,0,0,0,32,2
"221",1,1,1,2,2,1,1,4,3,125,2,4,26,1
"221",1,1,2,1,2,2,1,0,0,0,1,3,48,1
"221",1,1,1,2,2,2,1,2,1,0,5,4,35,1
"221",2,0,0,0,0,0,0,0,0,0,0,0,87,2
"221",1,1,1,1,2,1,1,4,3,1200,5,4,22,1
"221",1,1,1,2,1,2,2,1,2,0,0,0,60,2
"221",1,1,1,2,2,2,1,5,3,200,5,3,64,1
"221",1,1,1,2,2,2,1,4,1,0,5,6,39,2
"221",1,1,1,2,1,2,1,2,1,0,2,2,18,1
"221",1,2,2,2,2,2,1,0,0,0,1,1,31,1
"221",1,1,1,2,2,2,2,4,2,0,0,0,48,1
"221",1,1,1,2,2,2,1,6,1,0,5,4,21,2
"221",2,0,0,0,0,0,0,0,0,0,0,0,55,2
"221",1,1,1,2,1,2,2,4,2,0,0,0,37,1
"221",1,1,1,1,1,2,1,4,3,500,5,4,24,1
"221",1,1,1,1,1,1,1,4,3,300,2,2,27,1
"221",2,0,0,0,0,0,0,0,0,0,0,0,24,1
"221",1,2,2,2,1,2,2,0,0,0,0,0,54,1
"221",1,1,1,2,1,2,2,4,2,0,0,0,22,1
"221",1,1,2,2,1,2,2,0,0,0,0,0,59,2
"221",1,1,2,2,2,2,1,0,0,0,2,3,25,1
"221",1,1,1,2,1,2,2,5,2,0,0,0,53,1
"221",2,0,0,0,0,0,0,0,0,0,0,0,64,1
"221",1,1,1,2,2,2,2,4,3,150,0,0,45,2
"221",1,1,1,2,2,1,2,4,2,0,0,0,19,2
"221",1,1,2,2,2,2,2,0,0,0,0,0,20,1
"221",1,1,1,1,1,1,1,4,2,0,5,4,47,1
"221",1,1,2,1,1,2,2,0,0,0,0,0,35,2
"221",1,2,2,2,2,2,1,0,0,0,5,4,24,2
"221",1,1,1,2,2,2,1,3,2,0,2,3,27,2
"221",1,1,1,1,1,2,2,4,2,0,0,0,55,1
"221",1,1,1,2,2,2,1,4,2,0,5,4,22,2
"221",1,2,2,2,2,2,1,0,0,0,5,3,45,1
"221",1,1,2,2,1,2,2,0,0,0,0,0,67,2
"221",1,2,2,2,2,2,1,0,0,0,2,3,42,2
"221",1,1,2,1,1,2,1,0,0,0,5,4,36,1
"221",1,1,1,1,1,2,1,1,1,0,5,3,46,2
"221",1,2,1,2,2,2,1,5,2,0,1,3,20,1
"221",1,1,1,2,2,2,1,3,2,0,2,3,53,2
"221",1,2,1,2,2,2,2,5,2,0,0,0,85,2
"221",1,1,1,2,2,1,1,2,3,700,5,3,29,1
"221",1,2,2,2,2,2,1,0,0,0,5,6,20,2
"221",1,1,2,1,1,2,2,0,0,0,0,0,49,1
"221",1,1,2,2,1,2,1,0,0,0,5,5,32,2
"221",1,2,1,2,1,2,2,4,2,0,0,0,58,1
"221",1,1,2,1,1,2,1,0,0,0,1,4,20,1
"221",1,1,1,2,2,2,2,3,2,0,0,0,37,2
"221",1,2,2,2,2,2,2,0,0,0,0,0,37,2
"221",1,1,1,2,1,2,1,1,1,0,5,3,48,2
"221",1,1,1,2,2,1,1,4,2,0,2,1,28,2
"221",1,1,1,2,1,2,1,1,2,0,5,3,45,1
"221",1,1,1,2,2,2,1,4,3,280,5,4,44,1
"221",1,1,1,2,1,2,1,1,1,0,1,4,32,1
"221",1,1,1,1,1,2,1,4,2,0,2,3,63,1
"221",1,1,1,1,1,2,1,3,2,0,2,4,52,2
"221",1,1,1,2,2,2,1,4,2,0,5,4,30,1
"221",2,0,0,0,0,0,0,0,0,0,0,0,73,2
"221",2,0,0,0,0,0,0,0,0,0,0,0,60,2
"221",1,1,1,2,1,1,1,4,1,0,1,1,28,1
"221",1,1,2,2,1,2,1,0,0,0,1,3,35,2
"221",1,1,1,2,2,1,1,4,3,100,1,4,25,2
"221",1,2,2,2,2,2,2,0,0,0,0,0,38,2
"221",1,1,2,2,1,2,2,0,0,0,0,0,45,1
"221",1,2,2,2,2,2,2,0,0,0,0,0,26,1
"221",1,2,2,2,2,2,1,0,0,0,1,4,39,1
"221",1,1,1,1,2,2,1,1,3,5000,5,3,25,1
"221",1,1,2,2,2,2,2,0,0,0,0,0,55,1
"221",1,1,1,2,2,2,2,3,2,0,0,0,45,2
"221",1,1,1,1,2,2,1,1,3,1000,2,3,24,2
"221",1,1,1,2,2,2,2,4,2,0,0,0,58,2
"221",2,0,0,0,0,0,0,0,0,0,0,0,52,2
"221",1,2,2,2,1,2,2,0,0,0,0,0,62,1
"221",1,1,1,2,2,2,2,4,2,0,0,0,20,2
"221",1,2,2,2,2,2,2,0,0,0,0,0,72,2
"221",1,2,2,2,2,2,2,0,0,0,0,0,73,2
"221",1,1,1,1,2,2,2,3,2,0,0,0,51,2
"221",2,0,0,0,0,0,0,0,0,0,0,0,61,1
"221",1,1,1,2,1,2,1,3,1,0,3,4,40,2
"221",1,1,2,2,2,2,1,0,0,0,1,3,28,1
"221",1,2,2,2,2,2,2,0,0,0,0,0,70,1
"221",1,1,1,2,2,2,2,5,2,0,0,0,66,2
"221",1,1,1,2,2,2,1,3,3,2500,2,4,64,2
"221",1,1,2,1,2,2,1,0,0,0,2,4,34,1
"221",1,2,2,2,2,2,2,0,0,0,0,0,58,1
"221",1,1,1,2,2,2,2,4,3,3000,0,0,60,1
"221",1,2,2,2,2,2,2,0,0,0,0,0,53,1
"221",1,1,1,2,2,2,1,4,2,0,5,4,45,2
"221",1,1,2,2,1,2,2,0,0,0,0,0,62,1
"221",1,2,2,2,2,2,2,0,0,0,0,0,83,2
"221",1,2,2,2,2,2,2,0,0,0,0,0,69,2
"221",1,1,1,1,2,2,1,2,1,0,2,1,20,2
"221",1,1,1,2,2,2,2,4,2,0,0,0,78,2
"221",1,2,2,2,2,2,2,0,0,0,0,0,36,2
"221",1,1,2,1,2,2,1,0,0,0,1,4,33,1
"221",1,1,1,2,2,2,1,1,3,4000,1,3,49,1
"221",1,1,1,2,2,2,1,4,1,0,2,3,35,1
"221",1,2,2,2,2,2,2,0,0,0,0,0,64,2
"221",1,2,2,2,2,2,2,0,0,0,0,0,34,1
"221",1,2,2,2,2,1,1,0,0,0,1,4,28,1
"221",1,2,2,2,2,2,2,0,0,0,0,0,20,1
"221",1,2,2,1,1,2,2,0,0,0,0,0,51,2
"221",1,1,2,2,1,2,2,0,0,0,0,0,43,2
"221",1,1,1,2,1,2,1,1,1,0,5,1,61,1
"221",2,0,0,0,0,0,0,0,0,0,0,0,45,2
"221",1,2,2,1,1,2,2,0,0,0,0,0,35,2
"221",1,2,2,2,1,2,2,0,0,0,0,0,52,1
"221",1,1,2,2,2,2,2,0,0,0,0,0,56,2
"221",1,1,1,1,1,2,1,4,2,0,3,1,33,2
"221",1,1,1,2,2,2,2,4,3,80,0,0,41,1
"221",1,1,2,2,2,2,2,0,0,0,0,0,49,2
"221",1,1,1,2,2,2,2,3,2,0,0,0,49,2
"221",1,1,1,2,2,2,2,5,2,0,0,0,73,2
"221",1,1,1,2,2,1,1,1,2,0,2,1,25,2
"221",1,1,1,2,2,2,2,3,2,0,0,0,36,2
"221",1,2,1,2,2,2,1,4,1,0,5,4,25,2
"221",1,2,2,1,2,2,1,0,0,0,5,3,36,1
"221",1,2,2,2,2,2,2,0,0,0,0,0,43,2
"221",1,1,1,2,2,2,2,5,2,0,0,0,80,2
"221",1,1,1,2,2,2,2,5,2,0,0,0,33,1
"221",1,1,1,1,2,2,1,3,3,160,5,4,49,1
"221",1,1,1,1,2,2,1,4,3,100,2,3,26,2
"221",1,1,2,2,2,2,2,0,0,0,0,0,39,2
"221",1,1,1,2,2,2,2,5,2,0,0,0,82,2
"221",1,2,2,1,1,2,1,0,0,0,5,4,31,2
"221",1,2,2,2,2,2,1,0,0,0,5,3,31,2
"221",1,2,2,2,1,2,2,0,0,0,0,0,44,1
"221",1,1,1,2,2,2,1,1,3,700,5,3,43,2
"221",1,2,2,2,2,2,1,0,0,0,5,3,32,2
"221",1,1,1,1,2,1,1,4,2,0,2,4,36,2
"221",1,1,1,2,2,2,1,3,2,0,5,3,59,1
"221",1,1,1,1,2,2,1,5,2,0,5,4,33,2
"221",1,1,1,1,2,1,1,2,1,0,2,2,23,1
"221",1,1,1,1,1,2,1,3,1,0,2,3,31,2
"221",1,1,1,1,2,2,1,2,1,0,2,2,23,1
"221",1,1,2,2,2,2,1,0,0,0,5,4,35,1
"221",1,1,2,1,1,1,1,0,0,0,2,3,29,1
"221",1,2,2,2,2,2,2,0,0,0,0,0,51,1
"221",1,2,2,2,2,2,2,0,0,0,0,0,30,2
"221",1,1,1,1,1,2,2,2,2,0,0,0,27,1
"221",1,1,1,2,2,2,2,4,1,0,0,0,35,2
"221",1,1,1,2,2,2,2,3,2,0,0,0,59,2
"221",1,2,2,2,1,2,2,0,0,0,0,0,61,1
"221",1,1,1,2,2,2,2,3,2,0,0,0,30,2
"221",1,1,1,2,2,2,2,3,2,0,0,0,64,1
"221",1,1,1,2,2,2,2,5,2,0,0,0,76,1
"221",1,1,2,1,2,2,2,0,0,0,0,0,19,1
"221",1,1,2,2,1,2,2,0,0,0,0,0,63,1
"221",1,1,1,2,2,2,2,4,2,0,0,0,36,2
"221",1,1,1,2,2,2,2,4,3,300,0,0,78,2
"221",1,1,1,2,1,2,2,4,1,0,0,0,32,1
"221",1,1,1,2,2,2,2,4,3,250,0,0,58,2
"221",1,1,2,2,1,2,2,0,0,0,0,0,71,2
"221",1,1,2,2,2,2,2,0,0,0,0,0,52,2
"221",1,1,1,1,1,2,2,4,2,0,0,0,64,1
"221",1,1,1,2,2,2,2,5,3,300,0,0,69,2
"221",1,2,2,2,2,2,2,0,0,0,0,0,60,1
"221",1,2,1,2,2,2,2,3,3,250,0,0,51,2
"221",1,1,2,1,2,2,2,0,0,0,0,0,57,2
"221",1,2,2,1,2,2,2,0,0,0,0,0,22,2
"221",1,1,2,2,2,2,2,0,0,0,0,0,48,2
"221",1,1,1,2,2,2,2,4,2,0,0,0,29,2
"221",1,2,2,2,2,2,2,0,0,0,0,0,22,1
"221",1,1,2,1,2,2,2,0,0,0,0,0,42,2
"221",1,2,2,2,1,2,2,0,0,0,0,0,52,2
"221",1,1,1,2,2,2,2,5,3,100,0,0,63,2
"221",1,1,1,1,2,2,2,4,3,100,0,0,24,2
"221",1,2,2,1,1,2,2,0,0,0,0,0,26,2
"221",1,2,2,2,2,2,2,0,0,0,0,0,26,2
"221",1,2,2,2,2,2,2,0,0,0,0,0,39,2
"221",1,1,1,1,1,2,1,3,2,0,2,4,55,1
"221",1,2,2,2,2,2,2,0,0,0,0,0,32,1
"221",1,1,2,1,1,2,2,0,0,0,0,0,30,1
"221",1,1,1,1,2,2,1,3,1,0,2,4,42,2
"221",1,1,1,1,1,2,1,3,1,0,1,1,40,1
"221",1,2,2,2,2,2,1,0,0,0,2,3,46,1
"221",1,2,2,2,2,2,1,0,0,0,2,4,50,2
"221",1,1,1,2,2,2,1,2,3,600,1,2,19,2
"221",1,2,2,1,2,2,2,0,0,0,0,0,33,2
"221",1,1,2,2,2,2,2,0,0,0,0,0,26,1
"221",1,2,2,2,2,2,1,0,0,0,1,4,21,2
"221",1,2,2,2,2,2,2,0,0,0,0,0,59,1
"221",1,1,1,2,2,2,1,1,3,700,1,1,48,2
"221",1,2,2,2,2,2,2,0,0,0,0,0,68,2
"221",1,2,2,2,2,2,2,0,0,0,0,0,50,2
"221",1,2,1,2,2,2,2,3,2,0,0,0,38,2
"221",1,2,2,2,2,2,2,0,0,0,0,0,67,2
"221",1,1,1,2,1,2,2,1,3,150,0,0,55,2
"221",1,2,2,2,1,2,2,0,0,0,0,0,41,1
"221",1,2,2,2,2,2,2,0,0,0,0,0,35,2
"221",1,1,2,1,2,2,1,0,0,0,2,4,23,2
"221",2,0,0,0,0,0,0,0,0,0,0,0,71,2
"221",1,1,2,1,1,2,1,0,0,0,2,4,30,1
"221",1,1,2,1,2,2,1,0,0,0,2,4,54,2
"221",1,2,2,2,1,2,1,0,0,0,2,4,35,1
"221",1,1,1,1,1,2,1,1,3,500,1,1,30,1
"221",1,1,1,1,1,2,1,4,3,700,1,1,26,1
"221",1,2,2,2,1,2,1,0,0,0,1,3,28,1
"221",1,1,1,1,2,2,2,4,3,5000,0,0,25,1
"221",1,1,1,2,1,2,2,4,3,2000,0,0,67,1
"221",1,1,1,2,1,2,2,4,1,0,0,0,43,2
"221",1,1,1,2,1,2,2,4,3,2000,0,0,61,1
"221",1,1,1,1,1,2,2,3,2,0,0,0,43,2
"221",1,2,2,2,1,2,2,0,0,0,0,0,53,1
"221",1,2,2,2,2,2,2,0,0,0,0,0,75,2
"221",1,1,1,1,1,1,1,3,1,0,1,3,31,2
"221",1,1,1,1,2,2,2,5,2,0,0,0,69,2
"221",1,1,1,2,2,2,1,3,3,200,1,3,34,2
"221",1,2,2,2,2,2,2,0,0,0,0,0,58,2
"221",1,1,1,2,2,2,1,3,2,0,2,3,55,2
"221",1,1,1,2,2,2,1,2,3,400,1,2,20,1
"221",1,2,2,1,2,2,1,0,0,0,1,3,28,2
"221",1,2,2,2,2,2,1,0,0,0,1,4,33,1
"221",1,1,2,2,1,2,2,0,0,0,0,0,65,1
"221",1,1,2,1,1,2,2,0,0,0,0,0,51,1
"221",1,1,2,2,1,2,1,0,0,0,2,4,44,1
"221",1,1,2,1,1,2,1,0,0,0,2,4,32,1
"221",1,1,2,2,1,2,2,0,0,0,0,0,70,1
"221",1,2,2,2,1,2,2,0,0,0,0,0,36,1
"221",1,1,1,2,2,2,2,5,2,0,0,0,70,1
"221",1,2,2,2,2,2,2,0,0,0,0,0,87,2
"221",1,2,2,2,1,2,2,0,0,0,0,0,46,1
"221",1,1,1,1,1,2,1,3,2,0,2,3,31,1
"221",1,1,1,1,2,2,2,2,2,0,0,0,20,2
"221",1,2,2,2,2,2,2,0,0,0,0,0,63,2
"221",1,2,2,2,2,2,2,0,0,0,0,0,80,1
"221",1,1,2,2,1,2,2,0,0,0,0,0,34,1
"221",1,1,1,1,2,2,1,2,3,600,2,4,18,1
"221",1,1,2,2,1,2,2,0,0,0,0,0,78,1
"221",1,2,2,1,2,2,1,0,0,0,2,4,53,2
"221",1,2,2,2,2,2,2,0,0,0,0,0,37,1
"221",1,1,2,2,1,2,1,0,0,0,2,3,34,1
"221",1,1,2,2,1,2,1,0,0,0,2,4,28,1
"221",1,2,2,2,2,2,1,0,0,0,1,4,26,2
"221",1,2,2,2,1,2,2,0,0,0,0,0,67,1
"221",1,1,1,2,1,2,2,4,2,0,0,0,71,1
"221",1,1,2,1,1,2,2,0,0,0,0,0,71,2
"221",1,2,2,2,1,2,2,0,0,0,0,0,74,1
"221",1,1,1,1,2,2,1,1,1,0,3,4,52,2
"221",1,1,1,1,1,2,1,3,3,600,3,4,39,1
"221",1,1,1,1,2,2,1,2,1,0,2,4,22,1
"221",1,1,1,1,1,2,1,1,1,0,2,4,29,1
"221",1,1,1,2,1,2,2,4,1,0,0,0,36,1
"221",1,1,1,2,1,2,2,4,1,0,0,0,46,2
"221",1,1,1,2,1,2,2,4,1,0,0,0,38,2
"221",1,2,2,2,2,2,1,0,0,0,2,3,62,1
"221",1,2,2,2,2,2,1,0,0,0,1,6,42,2
"221",1,2,2,2,2,2,1,0,0,0,2,4,40,2
"221",1,2,2,1,2,2,2,0,0,0,0,0,67,2
"221",1,2,2,1,2,2,1,0,0,0,2,1,56,2
"221",1,2,1,2,2,2,1,5,2,0,2,4,58,2
"221",1,1,1,1,2,2,1,3,3,600,1,3,23,2
"221",1,2,2,2,2,2,1,0,0,0,2,3,49,2
"221",1,2,1,2,2,2,1,2,2,0,1,2,30,2
"221",1,1,1,2,2,2,2,5,2,0,0,0,70,2
"221",1,2,2,2,2,2,2,0,0,0,0,0,89,2
"221",1,1,2,2,2,2,2,0,0,0,0,0,37,2
"221",1,1,1,1,1,2,1,3,2,0,1,1,53,1
"221",1,1,1,1,2,2,1,2,3,1000,1,2,25,2
"221",1,2,2,2,2,2,2,0,0,0,0,0,82,2
"221",1,2,2,2,2,2,2,0,0,0,0,0,33,2
"221",1,2,2,2,2,2,2,0,0,0,0,0,84,1
"221",1,2,2,1,2,2,2,0,0,0,0,0,32,2
"221",1,1,2,2,1,2,2,0,0,0,0,0,64,1
"221",1,2,2,2,2,2,2,0,0,0,0,0,54,2
"221",1,2,2,2,1,2,1,0,0,0,1,3,32,1
"221",1,2,2,2,2,2,2,0,0,0,0,0,53,2
"221",1,1,1,2,1,2,1,3,2,0,2,1,24,1
"221",1,2,1,2,2,2,2,5,2,0,0,0,76,2
"221",1,2,2,1,2,2,2,0,0,0,0,0,58,2
"221",1,2,2,2,2,2,1,0,0,0,2,4,52,1
"221",1,1,1,2,2,2,1,3,3,300,2,4,65,1
"221",1,2,2,2,2,2,2,0,0,0,0,0,74,1
"221",1,1,1,2,1,2,1,4,2,0,1,4,23,2
"221",1,1,1,2,1,2,2,4,3,1500,0,0,54,1
"221",1,1,1,2,1,2,1,4,3,1200,2,3,41,2
"221",1,1,1,2,1,2,2,4,3,2500,0,0,51,1
"221",1,1,1,1,2,2,1,3,2,0,2,1,45,2
"221",1,2,2,2,2,2,2,0,0,0,0,0,27,2
"221",1,1,1,2,1,2,1,3,2,0,2,1,38,1
"221",1,2,2,2,1,2,2,0,0,0,0,0,60,1
"221",1,1,1,1,2,2,1,1,2,0,1,1,49,2
"221",1,2,2,1,1,2,2,0,0,0,0,0,44,1
"221",1,2,2,2,1,2,2,0,0,0,0,0,49,1
"221",1,2,2,2,1,2,2,0,0,0,0,0,26,1
"221",1,2,2,2,2,2,2,0,0,0,0,0,23,2
"221",1,1,2,2,1,2,2,0,0,0,0,0,41,1
"221",1,2,2,1,2,2,1,0,0,0,1,4,25,2
"221",1,2,2,2,2,2,2,0,0,0,0,0,21,2
"221",1,1,2,2,2,2,1,0,0,0,2,4,25,1
"221",1,1,2,2,1,2,2,0,0,0,0,0,56,1
"221",1,1,1,2,1,2,2,4,1,0,0,0,27,1
"221",1,1,2,2,2,2,2,0,0,0,0,0,43,1
"221",1,1,2,1,2,2,2,0,0,0,0,0,58,2
"221",1,1,1,1,2,2,2,4,2,0,0,0,65,2
"221",1,1,1,2,1,1,2,4,1,0,0,0,24,2
"221",1,1,1,2,2,2,2,4,3,240,0,0,44,2
"221",1,2,2,2,2,2,2,0,0,0,0,0,34,2
"221",1,1,2,2,2,2,1,0,0,0,1,3,56,2
"221",1,1,2,1,2,2,2,0,0,0,0,0,65,2
"221",1,2,2,2,2,2,2,0,0,0,0,0,73,1
"221",1,2,2,2,2,2,2,0,0,0,0,0,66,2
"221",1,1,1,1,2,2,1,1,2,0,2,1,28,2
"221",1,2,2,2,1,2,2,0,0,0,0,0,48,1
"221",1,1,1,2,2,2,2,2,2,0,0,0,19,1
"221",1,1,1,2,1,2,2,5,2,0,0,0,69,1
"221",1,2,2,2,2,2,2,0,0,0,0,0,77,1
"221",1,2,2,2,2,2,2,0,0,0,0,0,61,1
"221",1,1,2,2,1,2,2,0,0,0,0,0,55,1
"221",1,1,2,1,2,2,2,0,0,0,0,0,54,2
"221",1,1,2,2,1,2,2,0,0,0,0,0,49,1
"221",1,1,1,2,1,2,1,3,1,0,1,3,52,1
"221",1,1,1,1,2,2,1,4,3,800,1,3,39,2
"221",1,1,1,2,2,2,1,3,3,400,1,3,51,1
"221",1,1,1,2,1,2,1,4,3,500,2,3,75,1
"221",1,2,1,2,2,2,2,5,2,0,0,0,61,2
"221",1,1,1,2,1,2,1,3,2,0,2,2,21,1
"221",1,1,1,1,2,2,2,3,2,0,0,0,77,2
"221",1,1,1,1,2,2,1,1,3,600,1,1,44,1
"221",1,2,2,2,2,2,1,0,0,0,2,3,39,1
"221",1,1,1,2,2,2,1,3,2,0,2,4,75,1
"221",1,1,1,1,2,2,1,3,2,0,2,3,52,1
"221",1,2,2,2,2,2,1,0,0,0,2,4,39,2
"221",1,2,2,2,1,2,2,0,0,0,0,0,57,1
"221",1,2,2,2,2,2,2,0,0,0,0,0,60,2
"221",1,1,1,2,1,2,1,3,2,0,2,1,35,1
"221",1,1,2,1,2,2,2,0,0,0,0,0,59,2
"221",1,1,1,1,2,2,1,4,2,0,2,4,31,2
"221",1,1,2,1,2,2,2,0,0,0,0,0,48,2
"221",1,1,1,1,2,2,1,3,3,650,3,4,47,2
"221",1,1,2,1,2,2,1,0,0,0,2,4,40,1
"221",1,1,2,1,1,2,1,0,0,0,3,4,46,1
"221",1,2,2,2,2,2,1,0,0,0,2,4,53,1
"221",1,2,2,2,2,2,1,0,0,0,2,3,55,2
"221",1,2,2,2,2,2,1,0,0,0,2,3,30,1
"221",1,2,2,2,2,2,2,0,0,0,0,0,82,1
"221",1,1,2,1,2,2,1,0,0,0,2,4,41,1
"221",1,1,2,1,2,2,1,0,0,0,2,4,40,2
"221",1,1,1,2,2,2,1,4,2,0,2,4,27,2
"221",1,1,2,2,2,2,1,0,0,0,2,3,50,2
"221",1,1,1,2,2,2,1,2,2,0,1,2,26,1
"221",1,2,2,2,1,2,2,0,0,0,0,0,25,1
"221",1,2,2,2,2,2,1,0,0,0,1,3,42,2
"221",1,1,2,1,2,2,2,0,0,0,0,0,76,2
"221",1,1,2,2,2,2,1,0,0,0,1,3,22,2
"221",1,1,2,2,1,2,2,0,0,0,0,0,20,1
"221",1,2,2,1,1,2,1,0,0,0,1,4,26,1
"221",1,1,2,2,1,2,2,0,0,0,0,0,65,2
"221",1,2,2,2,2,2,2,0,0,0,0,0,19,1
"221",1,2,2,2,2,2,2,0,0,0,0,0,52,2
"221",1,2,2,2,2,2,2,0,0,0,0,0,90,2
"221",1,1,2,1,1,2,2,0,0,0,0,0,59,2
"221",1,2,2,2,2,2,1,0,0,0,2,1,30,1
"221",1,2,2,2,2,2,1,0,0,0,2,1,35,2
"221",1,2,2,2,1,2,2,0,0,0,0,0,21,1
"221",1,1,1,1,2,2,2,3,2,0,0,0,73,2
"221",1,1,1,2,2,2,2,4,2,0,0,0,40,2
"221",1,1,2,1,1,2,2,0,0,0,0,0,41,2
"221",1,1,2,1,1,2,1,0,0,0,2,1,46,1
"221",1,2,2,2,1,2,2,0,0,0,0,0,18,2
"221",1,1,2,1,1,2,1,0,0,0,2,1,40,1
"221",1,1,2,2,2,2,1,0,0,0,2,1,39,1
"221",1,1,2,2,2,2,2,0,0,0,0,0,41,1
"221",1,1,2,2,1,2,2,0,0,0,0,0,25,1
"221",1,1,2,2,2,2,1,0,0,0,2,1,33,2
"221",1,1,2,1,2,2,2,0,0,0,0,0,45,2
"221",1,2,2,2,1,2,2,0,0,0,0,0,31,2
"221",1,1,1,1,1,2,2,4,3,600,0,0,25,1
"221",1,2,2,2,2,2,2,0,0,0,0,0,62,1
"221",1,1,1,2,2,2,1,1,1,0,1,1,44,2
"221",1,1,1,2,1,2,1,3,3,600,1,1,53,1
"221",1,1,2,2,1,2,2,0,0,0,0,0,58,1
"221",1,1,1,2,2,2,1,1,2,0,2,1,43,1
"221",1,2,1,1,1,2,2,5,2,0,0,0,42,2
"221",1,1,1,2,2,2,2,5,2,0,0,0,48,1
"221",1,1,2,2,1,2,2,0,0,0,0,0,44,2
"221",1,1,2,1,2,2,2,0,0,0,0,0,32,1
"221",1,1,1,2,2,2,1,3,3,210,1,3,59,1
"221",1,1,1,1,2,2,2,3,2,0,0,0,52,2
"221",1,1,2,1,1,2,1,0,0,0,3,4,57,2
"221",1,1,2,2,2,2,1,0,0,0,2,3,48,2
"221",1,1,1,1,2,2,2,4,3,400,0,0,30,1
"221",1,1,2,1,2,2,1,0,0,0,1,1,22,1
"221",1,1,1,2,2,2,2,2,2,0,0,0,43,1
"221",1,2,2,2,2,2,2,0,0,0,0,0,38,1
"221",1,2,2,1,1,2,2,0,0,0,0,0,30,1
"221",1,1,1,2,2,1,2,3,2,0,0,0,27,1
"221",1,2,2,2,1,2,2,0,0,0,0,0,21,2
"221",1,1,1,2,1,2,2,3,3,155,0,0,51,1
"221",2,0,0,0,0,0,0,0,0,0,0,0,47,2
"221",1,1,1,2,2,2,2,4,2,0,0,0,61,2
"221",2,0,0,0,0,0,0,0,0,0,0,0,21,1
"221",1,1,1,2,2,2,1,6,2,0,2,3,38,1
"221",1,1,2,2,1,2,2,0,0,0,0,0,56,2
"221",1,1,1,1,2,2,1,1,2,0,2,1,32,2
"221",1,2,2,2,2,2,2,0,0,0,0,0,64,1
"221",1,1,1,1,2,2,2,4,3,280,0,0,38,1
"221",1,2,2,2,1,2,2,0,0,0,0,0,23,2
"221",1,2,2,2,1,2,2,0,0,0,0,0,33,2
"221",1,1,1,2,2,2,1,4,3,500,5,3,56,2
"221",1,2,2,2,2,2,2,0,0,0,0,0,33,1
"221",1,1,2,1,1,1,1,0,0,0,1,1,41,1
"221",1,2,2,2,1,2,1,0,0,0,2,3,39,2
"221",1,1,1,1,2,2,1,1,3,450,1,1,36,1
"221",1,1,1,2,1,2,2,1,3,300,0,0,34,2
"221",1,1,1,1,1,2,1,1,1,0,2,1,59,1
"221",1,1,1,1,1,1,1,1,3,2600,2,3,27,1
"221",1,2,2,2,2,2,2,0,0,0,0,0,42,1
"221",1,1,2,2,2,2,2,0,0,0,0,0,54,2
"221",1,1,1,1,1,2,1,4,2,0,2,3,29,2
"221",1,1,1,1,2,2,1,2,1,0,3,4,20,2
"221",1,2,2,2,2,2,1,0,0,0,2,4,26,2
"221",1,2,1,2,2,2,1,3,3,200,1,3,51,2
"221",1,1,1,2,1,2,2,4,1,0,0,0,32,2
"221",1,1,2,1,1,2,2,0,0,0,0,0,70,2
"221",1,1,2,2,1,2,2,0,0,0,0,0,46,1
"221",1,1,2,1,1,1,1,0,0,0,1,3,40,1
"221",1,2,1,2,2,2,2,2,2,0,0,0,21,1
"221",1,1,2,2,1,2,2,0,0,0,0,0,28,1
"221",1,1,2,2,2,2,2,0,0,0,0,0,73,1
"221",1,1,2,2,1,2,1,0,0,0,2,1,32,2
"221",1,1,1,2,1,2,2,6,2,0,0,0,49,2
"221",1,2,2,2,2,2,2,0,0,0,0,0,28,1
"221",1,1,2,2,2,2,1,0,0,0,1,3,62,1
"221",1,2,2,2,1,1,2,0,0,0,0,0,33,1
"221",1,2,2,2,1,2,2,0,0,0,0,0,46,2
"221",1,2,2,1,2,2,2,0,0,0,0,0,30,2
"221",1,1,1,2,2,2,1,1,2,0,2,1,24,2
"221",1,2,2,2,1,2,2,0,0,0,0,0,22,1
"221",1,1,1,2,2,2,2,1,2,0,0,0,58,2
"221",1,1,1,2,1,2,1,3,3,300,2,4,60,1
"221",1,1,2,2,2,2,1,0,0,0,3,3,76,2
"221",1,1,1,2,1,2,2,4,3,400,0,0,56,1
"221",1,2,2,2,2,2,2,0,0,0,0,0,52,1
"221",1,1,1,2,2,2,2,4,2,0,0,0,57,2
"221",1,2,2,1,2,2,2,0,0,0,0,0,31,2
"221",1,1,1,2,2,2,2,4,3,350,0,0,38,2
"221",1,2,2,2,1,2,2,0,0,0,0,0,59,1
"221",1,1,1,2,1,2,2,4,2,0,0,0,50,1
"221",1,1,1,1,2,2,2,4,2,0,0,0,57,2
"221",1,2,2,2,2,2,2,0,0,0,0,0,49,2
"221",1,1,1,2,2,2,2,2,3,500,0,0,22,1
"221",1,2,2,1,2,2,2,0,0,0,0,0,50,2
"221",1,2,2,1,1,2,2,0,0,0,0,0,43,2
"221",1,1,2,1,1,2,2,0,0,0,0,0,39,2
"221",1,2,2,1,2,2,2,0,0,0,0,0,38,2
"221",1,2,2,1,2,2,2,0,0,0,0,0,28,2
"221",1,2,2,2,1,2,2,0,0,0,0,0,29,1
"221",2,0,0,0,0,0,0,0,0,0,0,0,26,2
"221",1,1,2,1,2,2,2,0,0,0,0,0,63,2
"221",1,1,1,2,2,2,2,1,2,0,0,0,56,1
"221",1,1,1,2,1,2,2,4,3,350,0,0,57,1
"221",1,2,2,2,2,2,2,0,0,0,0,0,19,2
"221",1,1,1,2,2,2,1,4,2,0,1,3,38,1
"221",1,1,1,1,1,2,1,3,1,0,1,1,32,2
"221",1,1,1,1,1,1,2,2,1,0,0,0,30,1
"221",1,1,1,2,2,2,2,3,2,0,0,0,56,2
"221",1,1,1,1,1,2,1,4,1,0,2,4,53,1
"221",1,1,1,2,2,2,1,3,3,1000,1,3,65,2
"221",1,1,1,1,1,2,1,4,3,2000,2,3,22,2
"221",1,1,1,1,1,1,1,4,2,0,2,1,50,2
"221",1,1,1,2,1,2,1,4,1,0,2,3,40,2
"221",1,1,1,2,2,2,2,2,3,8000,0,0,22,1
"221",1,1,2,1,1,2,2,0,0,0,0,0,34,2
"221",1,1,2,2,1,2,2,0,0,0,0,0,30,2
"221",1,1,1,2,1,2,2,4,3,300,0,0,43,1
"221",1,1,1,2,2,2,1,4,1,0,1,4,73,2
"221",1,1,1,2,2,2,1,4,3,50,1,4,27,2
"221",1,1,1,2,1,2,1,2,1,0,5,2,23,2
"221",1,1,1,2,2,2,1,4,2,0,2,4,32,2
"221",1,1,1,1,2,1,1,4,1,0,3,2,23,2
"221",1,1,2,2,2,2,2,0,0,0,0,0,51,2
"221",1,1,1,1,1,1,1,1,3,10000,2,1,34,1
"221",1,1,1,1,2,2,1,2,1,0,1,4,21,2
"221",1,1,1,1,1,2,2,4,2,0,0,0,65,1
"221",1,1,1,2,1,2,2,4,2,0,0,0,35,1
"221",1,2,2,2,2,2,2,0,0,0,0,0,30,1
"221",1,1,1,2,1,2,1,1,3,400,1,4,52,1
"221",1,1,1,2,2,2,2,3,3,130,0,0,19,1
"221",1,1,1,1,1,2,1,4,2,0,2,3,26,2
"221",1,1,1,2,2,2,1,2,3,2000,1,3,51,1
"221",1,1,1,2,2,2,2,4,2,0,0,0,41,2
"221",1,2,2,2,2,2,2,0,0,0,0,0,25,1
"221",1,1,1,1,2,2,2,4,3,1200,0,0,63,2
"221",1,1,1,2,1,1,1,3,2,0,3,4,27,1
"221",1,1,1,2,2,2,2,4,3,300,0,0,42,1
"221",1,2,2,1,2,2,2,0,0,0,0,0,29,1
"221",1,1,2,1,2,2,1,0,0,0,1,4,22,1
"221",1,1,2,2,2,2,1,0,0,0,2,4,63,1
"221",1,1,2,2,2,2,1,0,0,0,1,1,68,1
"221",1,2,2,2,2,2,2,0,0,0,0,0,56,1
"221",1,1,2,2,2,2,1,0,0,0,2,3,27,2
"221",1,1,1,2,2,2,2,4,2,0,0,0,72,2
"221",1,1,2,1,2,2,2,0,0,0,0,0,73,2
"221",1,1,1,2,2,1,1,4,3,500,2,4,30,2
"221",1,2,2,1,1,2,1,0,0,0,1,3,29,1
"221",1,1,2,2,1,2,2,0,0,0,0,0,24,2
"221",1,1,1,2,2,2,2,5,1,0,0,0,56,1
"221",1,2,2,2,2,1,2,0,0,0,0,0,42,1
"221",1,1,1,2,2,2,1,2,2,0,2,2,19,2
"221",1,1,1,1,1,2,1,4,1,0,1,4,20,2
"221",1,1,2,1,1,2,1,0,0,0,3,3,47,1
"221",1,2,1,2,1,2,1,4,2,0,2,4,27,1
"221",1,1,1,2,1,2,2,4,3,200,0,0,36,1
"221",1,1,2,1,2,2,2,0,0,0,0,0,50,2
"221",1,2,2,2,1,2,1,0,0,0,5,4,25,2
"221",1,1,1,2,1,2,1,4,3,200,1,4,43,2
"221",1,1,1,2,2,1,2,3,3,200,0,0,28,2
"221",1,1,2,1,2,2,2,0,0,0,0,0,30,1
"221",1,2,1,2,2,2,1,4,3,300,2,3,26,1
"221",1,2,2,2,2,2,1,0,0,0,2,4,60,2
"221",1,1,1,1,2,2,1,2,1,0,2,2,45,2
"221",1,1,1,2,2,2,2,4,2,0,0,0,33,1
"221",1,2,2,2,2,2,2,0,0,0,0,0,94,2
"221",1,1,1,1,1,2,2,3,3,400,0,0,42,1
"221",1,1,2,2,2,2,1,0,0,0,1,3,31,1
"221",1,2,2,2,1,2,2,0,0,0,0,0,83,1
"221",1,1,1,2,2,2,2,5,2,0,0,0,58,2
"221",1,1,2,2,1,2,2,0,0,0,0,0,36,1
"221",1,2,2,2,2,2,1,0,0,0,5,4,38,2
"221",1,2,1,2,2,2,2,6,3,850,0,0,20,1
"221",1,1,1,2,1,2,1,3,3,450,2,3,46,1
"221",1,1,2,1,2,2,1,0,0,0,2,3,23,2
"221",1,1,2,2,1,2,1,0,0,0,2,3,60,1
"221",1,1,1,2,2,2,1,4,2,0,3,3,30,2
"221",1,1,1,2,2,1,1,4,3,1500,1,2,28,1
"221",1,2,2,2,2,2,2,0,0,0,0,0,57,1
"221",1,1,2,1,1,2,1,0,0,0,2,4,60,2
"221",1,2,2,2,2,2,2,0,0,0,0,0,77,2
"221",1,1,1,2,2,2,1,6,3,600,1,3,27,1
"221",1,1,1,1,2,2,2,3,1,0,0,0,36,2
"221",1,1,1,1,2,1,1,4,1,0,2,4,56,2
"221",1,1,2,2,1,2,2,0,0,0,0,0,31,2
"221",1,1,2,1,2,2,1,0,0,0,1,1,58,1
"221",1,1,1,2,2,2,1,4,3,10000,1,4,19,2
"221",1,2,2,1,2,2,2,0,0,0,0,0,40,1
"221",1,1,1,2,2,2,2,3,3,1000,0,0,31,2
"221",1,2,2,2,2,2,2,0,0,0,0,0,76,2
"221",1,2,2,1,2,2,2,0,0,0,0,0,29,2
"221",1,1,1,2,2,2,1,2,3,5000,1,2,22,2
"221",1,2,1,2,2,1,2,6,1,0,0,0,37,2
"221",1,1,2,1,2,1,2,0,0,0,0,0,52,2
"221",1,1,2,2,2,2,1,0,0,0,5,3,47,2
"221",1,1,2,2,1,2,2,0,0,0,0,0,40,1
"221",1,1,1,2,2,1,1,4,1,0,1,3,20,2
"221",1,1,2,1,2,2,2,0,0,0,0,0,56,2
"221",1,1,1,2,2,2,2,3,2,0,0,0,63,2
"221",1,1,2,2,1,2,2,0,0,0,0,0,57,1
"221",1,1,1,2,1,1,2,4,1,0,0,0,20,2
"221",1,1,2,1,2,2,2,0,0,0,0,0,77,1
"221",1,1,1,1,1,2,2,4,2,0,0,0,56,1
"221",1,2,2,2,2,2,2,0,0,0,0,0,21,1
"221",1,1,2,2,2,2,1,0,0,0,2,4,23,2
"221",1,1,2,1,2,2,2,0,0,0,0,0,53,2
"221",1,2,2,2,1,2,1,0,0,0,5,4,43,2
"221",1,2,2,1,2,2,2,0,0,0,0,0,42,2
"221",1,1,1,2,1,2,1,4,3,300,5,3,28,1
"221",1,2,2,1,2,2,1,0,0,0,1,4,33,1
"221",1,1,1,2,2,2,1,4,3,2000,2,4,50,1
"221",1,1,1,2,2,2,1,4,3,2000,2,4,32,1
"221",1,2,2,2,2,2,2,0,0,0,0,0,48,2
"221",1,1,2,2,1,2,1,0,0,0,2,3,55,1
"221",1,2,2,2,1,2,2,0,0,0,0,0,43,1
"221",1,1,2,2,2,2,2,0,0,0,0,0,46,1
"221",1,1,2,1,1,2,1,0,0,0,5,3,20,1
"221",1,1,1,1,2,1,1,4,1,0,2,4,30,1
"221",1,2,2,2,2,2,1,0,0,0,1,4,38,2
"221",1,1,1,2,1,1,1,4,3,1500,1,4,23,2
"221",1,2,2,2,2,2,2,0,0,0,0,0,78,1
"221",1,1,1,1,2,2,2,5,3,400,0,0,58,2
"221",1,1,2,2,2,2,1,0,0,0,1,3,39,1
"221",1,1,2,1,1,2,1,0,0,0,1,1,42,2
"221",1,1,1,2,2,2,1,3,3,650,2,3,23,1
"221",1,2,2,2,2,2,2,0,0,0,0,0,57,2
"221",1,1,1,2,2,2,1,1,2,0,2,1,53,2
"221",1,1,1,1,1,2,2,4,1,0,0,0,64,1
"221",1,2,2,2,2,2,1,0,0,0,5,4,43,2
"221",1,1,1,2,2,2,1,5,3,600,5,3,47,1
"221",1,1,1,2,1,2,1,1,3,800,2,3,31,1
"221",1,1,2,1,1,2,2,0,0,0,0,0,57,1
"221",1,1,1,1,2,2,1,4,2,0,2,3,28,2
"221",1,1,1,2,2,2,2,1,3,370,0,0,21,2
"221",1,2,2,1,2,2,2,0,0,0,0,0,74,2
"221",1,1,2,1,2,2,1,0,0,0,2,4,18,1
"221",1,1,1,1,2,2,2,4,3,100,0,0,47,1
"221",1,1,1,2,2,2,2,4,2,0,0,0,43,2
"221",1,2,2,1,2,1,1,0,0,0,5,3,37,2
"221",1,1,1,2,2,2,1,4,1,0,2,3,55,1
"221",2,0,0,0,0,0,0,0,0,0,0,0,27,2
"221",1,1,1,1,1,2,1,3,2,0,5,3,37,1
"221",1,2,2,2,2,2,2,0,0,0,0,0,23,1
"221",1,1,1,2,2,2,2,3,2,0,0,0,75,2
"221",1,1,1,2,2,2,2,3,3,3000,0,0,60,2
"221",1,1,1,2,2,2,1,3,1,0,1,3,66,1
"221",1,1,2,1,2,1,1,0,0,0,2,3,48,1
"221",1,1,1,1,1,2,1,3,2,0,1,3,38,2
"221",1,2,1,2,2,2,1,2,2,0,2,2,21,2
"221",1,1,1,1,2,2,1,4,2,0,5,3,69,2
"221",1,1,1,1,2,2,2,4,2,0,0,0,80,2
"221",1,2,2,1,2,2,2,0,0,0,0,0,73,2
"221",1,1,1,1,2,2,1,3,3,800,2,2,26,2
"221",1,2,2,2,2,1,1,0,0,0,1,4,19,1
"221",1,1,1,2,1,2,2,5,2,0,0,0,81,1
"221",1,1,1,1,2,2,2,3,1,0,0,0,56,2
"221",1,1,1,2,2,2,1,3,2,0,2,3,21,1
"221",1,1,1,1,2,2,1,4,1,0,2,3,48,1
"221",1,1,1,1,1,2,1,3,3,2000,2,4,48,2
"221",1,2,2,1,2,2,2,0,0,0,0,0,25,1
"221",1,2,2,2,2,2,2,0,0,0,0,0,41,1
"221",1,1,1,2,1,2,2,3,3,400,0,0,35,1
"221",1,2,2,1,2,2,2,0,0,0,0,0,62,2
"221",1,1,1,2,2,1,1,2,1,0,1,2,25,2
"221",1,1,1,2,2,2,1,3,3,1500,1,3,46,1
"221",1,1,1,2,2,2,1,4,3,600,2,4,22,1
"221",1,2,2,2,2,2,1,0,0,0,2,3,44,1
"221",1,1,1,2,2,2,1,4,3,2000,1,4,36,2
"221",1,1,2,2,1,2,2,0,0,0,0,0,40,2
"221",1,1,1,1,1,2,1,6,2,0,1,1,30,1
"221",1,2,2,2,2,2,2,0,0,0,0,0,76,1
"221",1,1,2,2,2,2,1,0,0,0,2,4,28,2
"221",1,2,2,2,2,2,1,0,0,0,2,4,38,1
"221",1,1,1,2,2,2,2,1,2,0,0,0,33,1
"221",1,1,1,2,1,2,2,4,2,0,0,0,25,1
"221",1,1,1,2,2,2,1,2,3,999999,4,2,21,1
"221",1,1,2,1,1,2,2,0,0,0,0,0,66,1
"221",1,1,1,2,2,2,2,4,2,0,0,0,45,2
"221",1,1,1,2,2,2,1,2,3,200,1,2,24,2
"221",1,1,1,1,1,2,2,5,2,0,0,0,55,2
"221",1,1,1,2,2,2,2,1,2,0,0,0,45,2
"221",1,1,2,1,1,2,1,0,0,0,1,4,21,1
"221",1,1,1,2,2,2,2,5,2,0,0,0,72,2
"221",1,1,1,1,1,1,1,4,2,0,2,3,31,2
"221",1,1,1,2,2,2,1,4,2,0,1,4,50,2
"221",1,1,1,2,2,2,1,2,3,1200,1,2,30,1
"221",1,1,2,2,2,2,1,0,0,0,1,3,50,2
"221",1,1,1,2,2,2,2,4,2,0,0,0,47,1
"221",1,1,2,2,2,2,1,0,0,0,2,4,29,1
"221",1,1,2,2,2,2,1,0,0,0,1,3,20,2
"221",1,1,1,2,2,2,2,2,2,0,0,0,58,2
"221",1,1,1,2,2,2,1,3,1,0,1,3,34,1
"221",1,1,1,2,2,2,1,4,2,0,2,4,37,2
"221",1,2,2,2,2,2,2,0,0,0,0,0,66,1
"221",1,2,2,2,2,2,2,0,0,0,0,0,39,1
"221",1,1,1,2,2,2,2,4,3,999999,0,0,33,1
"221",2,0,0,0,0,0,0,0,0,0,0,0,55,1
"221",1,1,1,2,2,2,1,4,1,0,3,3,21,2
"221",1,1,2,1,2,2,2,0,0,0,0,0,46,2
"221",1,1,1,2,2,2,1,2,1,0,1,2,18,1
"221",1,1,1,1,1,2,2,3,2,0,0,0,64,1
"221",1,1,2,2,2,2,1,0,0,0,2,3,38,2
"221",1,2,2,2,2,2,2,0,0,0,0,0,41,2
"221",1,1,1,1,2,2,1,4,3,100,3,3,44,2
"221",1,1,2,1,2,2,2,0,0,0,0,0,79,1
"221",1,1,1,2,2,2,2,3,2,0,0,0,43,2
"221",1,1,1,2,2,2,2,3,3,140,0,0,22,1
"221",1,1,1,1,1,2,2,4,3,1000,0,0,46,1
"221",1,1,1,2,2,2,1,3,3,350,3,2,45,2
"221",1,1,1,2,2,2,2,5,1,0,0,0,59,1
"221",1,1,1,2,1,2,2,4,3,550,0,0,50,2
"221",1,1,1,2,2,2,2,4,2,0,0,0,22,2
"221",1,1,1,1,2,2,1,2,2,0,1,2,18,2
"221",1,1,1,2,2,2,2,1,2,0,0,0,67,1
"221",1,1,1,2,2,2,2,5,3,160,0,0,70,2
"221",1,1,2,2,1,1,1,0,0,0,2,4,22,1
"221",1,1,1,2,2,2,1,4,2,0,2,4,34,2
"221",1,1,2,2,1,2,1,0,0,0,2,4,49,2
"221",1,1,1,1,2,2,1,4,3,2000,2,1,58,2
"221",1,1,1,1,1,2,2,5,3,250,0,0,56,1
"221",1,2,2,2,2,2,2,0,0,0,0,0,50,1
"221",1,1,2,2,2,2,1,0,0,0,1,4,21,2
"221",1,1,1,2,2,2,2,5,3,300,0,0,32,1
"221",1,1,1,2,2,2,1,4,3,300,3,1,27,2
"221",1,1,1,1,1,2,2,4,3,999999,0,0,52,2
"221",1,1,2,1,2,2,2,0,0,0,0,0,31,2
"221",1,1,2,1,2,2,1,0,0,0,1,3,26,2
"221",1,1,1,2,2,2,2,4,1,0,0,0,65,1
"221",1,1,1,1,2,2,2,4,2,0,0,0,49,2
"221",1,1,1,1,2,2,2,4,2,0,0,0,26,2
"221",2,0,0,0,0,0,0,0,0,0,0,0,80,2
"221",1,1,1,2,1,2,1,1,3,999999,1,3,69,2
"221",1,1,1,2,1,2,1,4,2,0,2,3,50,2
"221",1,1,1,2,2,2,2,4,3,20,0,0,72,1
"221",1,1,2,1,2,2,2,0,0,0,0,0,40,1
"221",1,1,1,1,1,1,2,4,3,300,0,0,53,2
"221",1,1,1,2,2,2,1,3,3,300,2,3,38,1
"221",1,1,1,1,1,1,1,4,1,0,3,4,33,1
"221",1,1,1,2,2,2,1,3,3,300,1,2,58,2
"221",1,1,1,2,2,2,1,1,3,700,2,1,36,2
"221",1,1,2,2,2,2,1,0,0,0,2,3,28,1
"221",1,1,2,2,1,2,1,0,0,0,1,4,43,1
"221",1,1,1,2,2,2,2,5,3,100,0,0,51,2
"221",1,1,2,1,2,2,2,0,0,0,0,0,31,1
"221",1,2,2,2,2,2,2,0,0,0,0,0,74,2
"221",1,1,2,2,2,2,1,0,0,0,1,6,47,2
"221",1,2,2,2,2,2,2,0,0,0,0,0,27,1
"221",1,1,1,1,2,2,2,4,3,400,0,0,56,1
"221",1,1,1,2,2,2,1,1,3,1000,2,1,39,1
"221",1,1,1,2,2,2,2,4,2,0,0,0,52,2
"221",1,1,1,2,2,2,1,2,1,0,3,2,18,1
"221",1,1,2,1,2,1,1,0,0,0,5,4,61,1
"221",1,1,1,2,2,2,1,2,1,0,1,2,26,1
"221",1,1,1,2,2,2,1,5,2,0,1,5,35,2
"221",1,1,1,2,1,2,1,3,1,0,3,3,28,2
"221",1,1,1,2,2,2,1,4,1,0,2,4,41,2
"221",1,1,1,2,2,2,2,4,2,0,0,0,76,2
"221",1,2,1,1,2,2,2,4,2,0,0,0,71,1
"221",1,1,1,2,2,2,2,4,2,0,0,0,39,2
"221",1,1,2,2,2,2,2,0,0,0,0,0,73,2
"221",1,1,2,2,2,2,2,0,0,0,0,0,26,2
"221",1,1,1,1,2,2,1,1,3,1200,2,4,39,2
"221",1,1,1,2,2,2,1,1,2,0,1,1,61,1
"221",1,1,1,2,2,2,1,2,3,2000,1,3,22,2
"221",1,1,1,2,1,2,2,4,1,0,0,0,61,2
"221",1,1,1,2,2,2,2,4,3,100,0,0,24,2
"221",1,1,1,1,1,2,2,4,2,0,0,0,71,1
"221",1,2,1,2,2,2,1,3,1,0,2,3,28,1
"221",1,1,1,1,2,2,1,3,3,1800,2,1,43,1
"221",1,1,1,2,2,2,1,4,1,0,1,1,44,2
"221",1,1,1,1,2,2,1,4,2,0,1,1,32,2
"221",1,1,1,2,2,2,1,4,3,1500,2,3,27,2
"221",1,1,1,2,2,2,1,4,3,620,2,3,35,1
"221",1,1,1,2,2,2,2,5,2,0,0,0,71,2
"221",1,1,1,2,2,2,2,5,2,0,0,0,26,1
"221",1,2,2,2,2,2,2,0,0,0,0,0,85,1
"221",1,2,2,2,2,2,2,0,0,0,0,0,93,2
"221",1,1,1,1,1,1,2,4,3,1200,0,0,59,1
"221",1,1,1,2,2,2,2,5,2,0,0,0,46,2
"221",1,1,1,1,2,2,1,4,1,0,3,4,37,2
"221",1,1,2,2,2,1,2,0,0,0,0,0,30,2
"221",1,1,1,2,2,2,1,2,3,800,2,3,26,1
"221",1,1,1,2,2,2,2,5,2,0,0,0,63,2
"221",1,2,1,2,2,2,2,5,2,0,0,0,67,2
"221",1,1,1,2,2,2,1,2,2,0,2,4,35,2
"221",1,1,1,2,2,2,1,4,2,0,3,5,70,2
"221",1,1,1,1,1,2,1,3,1,0,2,3,37,2
"221",1,1,1,2,2,2,2,4,2,0,0,0,81,2
"221",1,1,1,2,1,2,1,3,1,0,2,3,79,1
"221",1,1,1,2,1,2,2,5,3,200,0,0,68,1
"221",1,1,1,2,2,2,1,2,2,0,2,2,23,2
"221",1,1,2,2,2,2,1,0,0,0,3,3,42,1
"221",1,1,2,1,2,2,2,0,0,0,0,0,35,2
"221",2,0,0,0,0,0,0,0,0,0,0,0,65,2
"221",1,1,1,2,1,2,1,4,3,100,2,4,22,2
"221",1,1,1,2,2,2,1,5,2,0,1,3,58,2
"221",1,1,1,2,2,2,1,1,3,1000,3,4,34,1
"221",2,0,0,0,0,0,0,0,0,0,0,0,41,2
"221",1,1,1,2,2,2,2,6,2,0,0,0,41,2
"221",1,1,1,1,2,2,1,5,1,0,2,5,30,1
"221",1,1,1,2,2,2,1,3,2,0,5,3,31,2
"221",1,1,2,2,2,2,2,0,0,0,0,0,33,2
"221",1,1,1,2,2,1,1,4,1,0,5,3,26,1
"221",1,1,2,2,1,2,1,0,0,0,1,4,29,1
"221",1,1,1,1,2,2,1,3,3,600,5,4,37,2
"221",1,1,1,2,2,2,1,3,3,300,1,3,71,2
"221",1,2,2,1,2,2,1,0,0,0,5,3,32,2
"221",1,1,1,2,2,2,1,4,3,60,5,4,28,1
"221",1,1,1,1,2,1,1,4,2,0,5,4,35,1
"221",1,1,1,1,1,2,1,4,2,0,5,4,84,2
"221",1,1,1,1,1,2,2,4,2,0,0,0,75,1
"221",1,1,2,2,2,2,1,0,0,0,2,3,36,1
"221",1,1,1,2,2,2,1,1,1,0,5,1,30,2
"221",1,1,1,1,2,1,2,4,3,180,0,0,35,2
"221",1,2,1,2,2,2,2,3,2,0,0,0,56,1
"221",1,1,2,1,2,1,2,0,0,0,0,0,22,1
"221",1,1,2,2,2,2,1,0,0,0,1,3,32,2
"221",1,1,1,2,2,2,2,3,3,200,0,0,20,1
"221",1,1,2,2,2,2,2,0,0,0,0,0,76,2
"221",1,1,1,2,1,2,1,5,2,0,5,4,45,1
"221",1,1,1,2,2,2,2,4,2,0,0,0,34,1
"221",1,1,2,1,1,2,1,0,0,0,2,2,38,2
"221",1,1,1,2,2,2,1,4,2,0,5,4,26,2
"221",1,1,1,1,1,2,2,6,3,800,0,0,80,2
"221",1,2,2,2,2,2,2,0,0,0,0,0,29,1
"221",1,1,1,2,2,2,1,4,3,200,2,4,47,2
"221",1,1,2,1,2,2,1,0,0,0,1,2,31,2
"221",1,1,1,2,2,2,1,3,3,900,1,3,56,1
"221",2,0,0,0,0,0,0,0,0,0,0,0,56,1
"221",1,1,1,2,2,2,2,5,2,0,0,0,64,2
"221",1,1,2,1,2,2,1,0,0,0,5,3,36,1
"221",1,1,1,2,2,2,2,5,3,600,0,0,56,2
"221",1,1,1,2,2,2,1,5,3,850,5,3,35,2
"221",1,1,2,2,2,2,1,0,0,0,2,4,49,2
"221",1,1,2,2,1,2,1,0,0,0,3,4,35,2
"221",1,1,2,1,1,2,2,0,0,0,0,0,31,1
"221",1,1,1,2,2,2,1,2,2,0,2,4,23,1
"221",1,1,2,1,2,2,1,0,0,0,2,4,49,1
"221",1,1,1,2,2,2,1,4,3,400,2,2,21,1
"221",1,1,1,2,2,2,2,5,3,850,0,0,50,2
"221",2,0,0,0,0,0,0,0,0,0,0,0,74,2
"221",1,1,1,2,2,2,2,3,3,400,0,0,49,1
"221",1,1,1,2,1,2,2,4,1,0,0,0,62,1
"221",1,1,1,2,2,2,1,4,3,150,1,1,36,1
"221",1,1,1,2,2,2,1,4,3,5000,3,6,29,1
"221",1,1,1,2,1,1,1,4,3,1300,5,4,39,1
"221",1,1,2,2,1,2,1,0,0,0,1,3,41,1
"221",1,1,2,2,2,2,1,0,0,0,5,4,55,1
"221",1,1,2,1,2,2,1,0,0,0,2,4,21,2
"221",1,1,1,1,2,2,1,4,2,0,5,4,26,2
"221",1,1,2,2,2,2,1,0,0,0,5,4,51,2
"221",1,1,2,2,2,2,1,0,0,0,5,4,47,1
"221",1,1,2,1,2,2,1,0,0,0,5,4,31,2
"221",1,1,2,2,1,2,2,0,0,0,0,0,30,1
"221",1,1,2,2,2,2,2,0,0,0,0,0,71,2
"221",1,2,2,2,1,2,2,0,0,0,0,0,28,1
"221",1,2,2,1,2,2,2,0,0,0,0,0,58,1
"221",1,1,1,2,2,2,1,3,2,0,2,4,20,2
"221",1,1,1,2,2,2,2,1,2,0,0,0,31,2
"221",1,1,1,2,1,2,1,3,3,7500,2,3,58,1
"221",1,1,1,2,2,2,2,4,3,800,0,0,33,2
"221",1,1,1,1,1,1,1,4,3,400,2,4,68,1
"221",1,1,2,2,2,2,1,0,0,0,1,3,33,1
"221",1,2,1,2,2,2,1,4,1,0,4,3,42,2
"221",1,1,1,2,2,2,1,4,3,2700,1,3,45,1
"221",1,1,1,1,2,2,2,4,2,0,0,0,67,1
"221",1,2,2,2,2,2,1,0,0,0,5,4,58,1
"221",1,1,2,2,1,2,2,0,0,0,0,0,73,1
"221",1,1,1,1,1,2,1,4,3,300,5,4,81,1
"221",1,1,2,1,2,2,1,0,0,0,5,4,62,2
"221",1,1,1,2,1,2,1,4,3,380,2,1,35,2
"221",1,1,1,1,2,2,2,4,2,0,0,0,63,2
"221",1,1,1,1,2,1,1,4,1,0,1,4,21,1
"221",1,1,2,2,2,2,2,0,0,0,0,0,56,1
"221",1,1,1,2,1,2,1,3,1,0,2,1,49,1
"221",1,1,2,1,2,2,1,0,0,0,1,4,55,2
"221",1,1,1,1,1,2,1,4,2,0,2,1,45,2
"221",1,1,1,2,2,2,1,2,3,3000,2,3,20,1
"221",1,1,1,1,1,2,2,3,2,0,0,0,52,2
"221",1,1,1,1,2,1,1,4,2,0,5,3,39,1
"221",1,1,1,1,2,2,1,3,2,0,5,3,39,2
"221",1,1,1,1,2,2,1,4,2,0,1,4,59,2
"221",2,0,0,0,0,0,0,0,0,0,0,0,91,2
"221",1,1,1,2,2,2,2,5,2,0,0,0,51,2
"221",1,1,2,2,1,2,1,0,0,0,5,4,22,1
"221",1,1,1,2,2,2,2,5,2,0,0,0,84,1
"221",1,1,1,2,2,2,1,6,2,0,2,3,32,2
"221",1,1,1,2,2,1,2,6,1,0,0,0,41,2
"221",1,1,1,2,2,2,1,1,1,0,1,3,60,1
"221",1,1,1,1,2,2,1,3,3,700,2,4,26,1
"221",1,1,1,1,2,2,2,5,2,0,0,0,78,2
"221",1,1,1,1,1,2,1,2,1,0,2,1,53,2
"221",1,1,1,2,1,2,1,2,3,600,2,4,18,2
"221",1,1,1,2,1,2,1,2,3,2000,2,3,27,1
"221",1,1,2,2,1,2,1,0,0,0,2,3,31,1
"221",1,1,2,1,1,1,1,0,0,0,2,4,31,1
"221",1,1,2,1,1,1,1,0,0,0,2,1,46,1
"221",1,1,1,2,2,2,1,3,2,0,5,3,36,1
"221",1,2,2,2,2,2,1,0,0,0,2,4,31,2
"221",1,1,1,1,1,2,1,4,2,0,2,4,45,2
"221",1,1,2,2,1,2,2,0,0,0,0,0,75,1
"221",1,1,1,2,2,2,2,5,3,3000,0,0,38,2
"221",1,1,1,2,2,2,1,1,3,200,5,1,24,2
"221",1,1,1,2,2,2,1,3,1,0,5,3,37,1
"221",1,1,2,1,2,2,1,0,0,0,1,3,30,2
"221",1,1,1,1,1,2,1,3,3,1200,5,3,52,1
"221",1,1,1,2,1,2,2,5,2,0,0,0,64,2
"221",1,1,2,2,1,2,1,0,0,0,5,4,27,1
"221",1,1,2,1,2,2,1,0,0,0,1,4,58,2
"221",1,1,1,2,2,2,1,4,2,0,5,4,29,1
"221",1,1,2,2,2,2,1,0,0,0,3,3,49,1
"221",1,1,2,1,2,2,2,0,0,0,0,0,36,1
"221",1,1,2,2,1,1,1,0,0,0,5,4,25,1
"221",1,1,2,2,2,2,2,0,0,0,0,0,58,2
"221",1,1,2,1,2,2,1,0,0,0,3,2,21,2
"221",1,2,2,2,2,2,1,0,0,0,5,4,46,1
"221",1,1,1,1,2,2,2,4,1,0,0,0,36,1
"221",1,1,2,1,1,2,1,0,0,0,1,3,46,1
"221",1,1,2,1,2,2,1,0,0,0,2,3,32,2
"221",1,1,1,1,1,2,2,1,2,0,0,0,40,1
"221",1,1,1,1,2,2,2,2,2,0,0,0,25,1
"221",1,1,1,2,2,2,1,4,2,0,1,3,28,2
"221",1,1,2,1,1,2,2,0,0,0,0,0,43,2
"221",1,1,1,1,2,2,1,2,3,4000,2,2,19,2
"221",1,1,2,1,2,2,2,0,0,0,0,0,44,2
"221",1,2,2,2,2,2,1,0,0,0,5,4,21,2
"221",1,1,1,2,2,1,1,4,3,500,1,4,19,2
"221",1,1,1,2,1,2,1,4,2,0,1,3,60,1
"221",1,1,1,2,2,2,1,5,2,0,2,3,69,2
"221",1,1,1,1,1,2,1,2,3,2400,1,3,40,2
"221",1,1,1,2,1,2,1,4,2,0,2,4,21,1
"221",1,1,2,2,1,2,2,0,0,0,0,0,42,2
"221",1,1,2,2,1,2,2,0,0,0,0,0,59,1
"221",1,2,1,2,2,2,2,5,2,0,0,0,46,2
"221",1,1,1,2,2,2,2,5,2,0,0,0,60,2
"221",1,1,2,1,2,2,1,0,0,0,5,4,34,2
"221",1,1,1,1,1,2,1,1,2,0,2,1,41,1
"221",1,1,1,2,2,2,1,4,1,0,2,4,26,1
"221",1,1,2,1,2,2,2,0,0,0,0,0,43,2
"221",1,1,1,2,2,2,1,4,3,1000,1,3,26,1
"221",1,2,2,2,1,2,1,0,0,0,1,4,23,1
"221",1,2,2,2,1,2,2,0,0,0,0,0,43,2
"221",1,1,1,2,2,2,1,2,3,1500,1,2,45,1
"221",1,1,1,1,1,1,1,3,1,0,3,3,31,2
"221",1,1,1,2,2,2,1,2,1,0,5,3,28,2
"221",1,1,1,2,2,2,1,3,1,0,1,3,31,2
"221",1,1,1,2,2,1,2,4,2,0,0,0,29,1
"221",1,1,1,2,2,2,1,4,1,0,1,4,49,2
"221",1,2,2,2,2,2,1,0,0,0,1,4,46,2
"221",1,1,1,1,1,2,1,4,3,250,1,4,28,2
"221",1,1,1,1,1,2,1,1,3,480,2,4,54,1
"221",1,2,2,2,2,2,2,0,0,0,0,0,78,2
"221",2,0,0,0,0,0,0,0,0,0,0,0,70,2
"221",1,1,2,1,1,2,1,0,0,0,1,3,73,1
"221",1,1,1,2,2,2,2,5,3,400,0,0,78,2
"221",1,1,2,2,2,2,1,0,0,0,1,3,29,1
"221",1,2,2,2,1,2,2,0,0,0,0,0,73,2
"221",1,1,2,2,2,2,2,0,0,0,0,0,63,2
"221",1,2,1,2,2,2,2,4,2,0,0,0,62,1
"221",1,2,1,2,2,2,1,2,3,600,2,2,22,1
"221",1,2,2,2,2,2,1,0,0,0,5,1,43,1
"221",1,1,1,1,2,2,2,4,2,0,0,0,18,1
"221",1,2,2,2,2,2,2,0,0,0,0,0,20,2
"221",1,1,1,1,1,2,1,4,2,0,5,3,30,1
"221",1,1,1,1,1,2,1,3,3,300,5,4,52,2
"221",1,1,1,1,1,2,1,4,2,0,1,4,18,2
"221",1,2,1,2,1,1,2,4,2,0,0,0,20,1
"221",1,1,1,2,2,1,1,4,1,0,1,3,21,2
"221",1,1,1,2,2,2,2,3,2,0,0,0,39,1
"221",1,1,1,2,2,2,1,2,3,1000,2,3,41,2
"221",1,2,1,1,2,2,2,6,1,0,0,0,22,1
"221",1,1,1,1,1,2,2,4,3,1000,0,0,39,1
"221",1,1,2,2,1,2,1,0,0,0,5,3,62,1
"221",1,2,2,2,2,2,1,0,0,0,2,4,37,1
"221",1,1,1,1,2,2,1,4,2,0,5,4,33,2
"221",1,2,2,2,1,2,2,0,0,0,0,0,42,1
"221",1,2,2,2,2,2,1,0,0,0,5,4,29,2
"221",1,1,1,2,2,2,1,4,2,0,1,4,54,2
"221",1,1,2,1,1,2,2,0,0,0,0,0,58,1
"221",1,1,1,2,2,2,1,5,2,0,5,5,72,2
"221",1,2,2,1,2,2,1,0,0,0,5,4,48,2
"221",1,1,1,2,2,2,1,1,1,0,2,1,53,2
"221",1,1,1,2,2,1,2,4,3,600,0,0,22,1
"221",1,2,2,1,2,2,2,0,0,0,0,0,51,2
"221",1,1,2,1,1,2,2,0,0,0,0,0,47,1
"221",1,2,2,2,2,2,1,0,0,0,5,4,27,1
"221",1,2,2,1,1,2,2,0,0,0,0,0,20,1
"221",1,1,1,1,2,2,1,4,3,800,2,3,21,1
"221",1,1,1,1,2,2,1,4,2,0,2,2,22,2
"221",1,1,2,2,1,2,1,0,0,0,5,4,66,1
"221",1,1,1,2,1,1,1,4,3,120,2,3,39,1
"221",1,2,2,1,2,2,1,0,0,0,1,4,20,2
"221",1,1,2,2,1,2,1,0,0,0,5,4,56,1
"221",1,1,1,2,2,2,1,2,1,0,1,4,21,2
"221",1,2,2,2,1,2,2,0,0,0,0,0,25,2
"221",1,1,1,2,1,2,1,4,3,240,2,4,19,1
"221",1,1,1,1,2,2,2,4,2,0,0,0,86,2
"221",1,1,1,1,1,2,1,1,2,0,1,3,58,1
"221",1,1,2,1,1,2,1,0,0,0,2,4,38,2
"221",1,2,2,2,1,2,2,0,0,0,0,0,62,2
"221",1,1,2,1,2,2,1,0,0,0,4,2,37,1
"221",1,1,1,2,2,2,1,5,3,500,1,3,53,2
"221",1,1,2,2,2,2,2,0,0,0,0,0,59,2
"221",1,1,1,2,1,2,2,4,3,1200,0,0,28,1
"221",1,1,1,2,2,2,1,1,2,0,2,3,52,1
"221",1,1,1,1,1,2,1,4,2,0,1,1,28,2
"221",1,1,1,2,2,1,2,3,2,0,0,0,25,2
"221",1,1,2,1,2,2,1,0,0,0,2,4,67,2
"221",1,2,2,2,2,2,1,0,0,0,2,2,19,1
"221",1,1,1,2,2,2,2,5,3,300,0,0,50,2
"221",1,1,1,2,2,2,2,4,2,0,0,0,42,1
"221",1,1,1,2,2,2,1,4,2,0,5,1,54,2
"221",1,1,1,1,2,1,1,1,1,0,2,1,62,2
"221",1,1,1,2,2,1,1,5,2,0,2,5,35,2
"221",1,1,1,2,2,2,1,4,1,0,5,1,30,2
"221",1,2,2,2,2,2,1,0,0,0,2,1,55,1
"221",1,1,1,2,2,2,1,4,3,900,2,1,27,1
"221",1,1,1,2,2,2,2,3,3,800,0,0,49,1
"221",1,1,1,2,2,2,2,5,2,0,0,0,41,1
"221",1,1,1,1,2,2,2,4,2,0,0,0,51,2
"221",1,1,1,2,2,2,2,2,3,2000,0,0,22,1
"221",1,1,1,1,1,2,1,4,3,2500,1,3,75,2
"221",1,1,1,1,2,2,1,4,3,95,2,6,41,2
"221",1,1,2,2,2,2,2,0,0,0,0,0,61,1
"221",1,1,1,1,2,2,2,3,2,0,0,0,27,2
"221",1,1,1,2,1,2,1,1,1,0,1,1,53,2
"221",1,1,1,1,1,2,1,3,2,0,5,4,44,2
"221",1,1,2,2,2,2,1,0,0,0,3,1,46,2
"221",1,1,1,2,2,2,2,6,3,400,0,0,71,1
"221",1,1,2,1,2,2,2,0,0,0,0,0,62,1
"221",1,1,1,2,2,2,1,5,3,400,1,3,55,1
"221",1,1,1,2,2,2,1,4,1,0,2,4,20,2
"221",1,1,2,2,2,2,1,0,0,0,5,3,65,2
"221",1,1,1,1,1,2,1,4,3,600,1,1,52,2
"221",1,1,2,1,2,2,2,0,0,0,0,0,45,1
"221",1,1,2,2,2,2,2,0,0,0,0,0,57,2
"221",1,1,2,1,1,2,2,0,0,0,0,0,48,1
"221",1,1,2,1,2,2,1,0,0,0,2,1,19,1
"221",1,1,1,2,1,2,1,4,3,500,1,4,67,1
"221",1,1,2,2,2,2,2,0,0,0,0,0,31,2
"221",1,1,2,2,2,2,1,0,0,0,1,4,40,2
"221",1,1,1,2,2,2,2,4,2,0,0,0,53,2
"221",1,2,2,1,1,2,1,0,0,0,2,4,36,2
"221",1,1,1,1,2,2,2,4,3,250,0,0,57,1
"221",1,2,1,1,2,2,1,2,1,0,2,4,20,1
"221",1,1,1,1,2,2,1,4,2,0,5,3,37,2
"221",1,1,1,2,2,2,1,4,2,0,1,4,28,2
"221",1,1,1,2,2,2,1,2,1,0,2,2,23,1
"221",1,1,1,2,1,2,1,3,3,1800,1,3,39,1
"221",1,1,1,2,2,2,1,3,2,0,2,3,30,2
"221",1,2,2,2,2,2,1,0,0,0,1,3,49,2
"221",1,1,1,2,2,2,2,3,2,0,0,0,46,2
"221",1,1,1,2,2,2,1,3,2,0,1,3,42,2
"221",1,1,1,2,2,2,2,3,2,0,0,0,73,2
"221",1,1,2,2,2,1,2,0,0,0,0,0,27,2
"221",1,1,1,2,2,2,2,3,1,0,0,0,25,2
"221",1,1,1,1,2,2,1,2,2,0,1,3,20,1
"221",1,2,1,2,2,2,2,3,2,0,0,0,49,2
"221",1,1,2,2,1,2,2,0,0,0,0,0,81,1
"221",2,0,0,0,0,0,0,0,0,0,0,0,68,1
"221",1,2,2,1,2,2,1,0,0,0,2,1,39,1
"221",1,1,1,2,2,2,1,3,2,0,2,4,63,1
"221",1,1,2,1,2,2,2,0,0,0,0,0,52,2
"221",1,1,2,1,2,2,1,0,0,0,2,4,24,2
"221",1,1,1,2,2,2,2,3,2,0,0,0,39,2
"221",1,1,1,2,2,2,2,5,2,0,0,0,43,1
"221",1,1,1,2,2,2,1,3,3,300,2,3,35,2
"221",1,1,1,2,2,2,2,4,2,0,0,0,63,2
"221",1,1,1,2,2,2,2,2,3,220,0,0,20,1
"221",1,1,1,2,2,2,2,3,2,0,0,0,70,2
"221",1,1,1,1,1,2,1,1,2,0,2,3,69,1
"221",1,2,1,2,1,2,2,1,2,0,0,0,27,1
"221",1,1,1,1,1,2,2,3,2,0,0,0,33,1
"221",1,1,1,1,2,2,2,3,3,1500,0,0,25,2
"221",1,1,2,2,1,2,2,0,0,0,0,0,54,2
"221",1,1,1,2,2,2,2,1,2,0,0,0,27,2
"221",1,1,1,2,2,2,2,4,1,0,0,0,40,2
"221",1,1,1,2,2,2,2,3,2,0,0,0,60,2
"221",1,1,1,1,1,2,1,4,2,0,2,2,41,1
"221",1,1,1,2,2,2,2,3,1,0,0,0,60,2
"221",1,1,2,2,2,2,1,0,0,0,2,3,35,1
"221",1,1,1,2,1,2,2,1,3,400,0,0,47,1
"221",1,1,1,2,2,2,2,3,2,0,0,0,74,2
"221",1,2,1,2,2,2,2,5,2,0,0,0,53,2
"221",1,2,2,2,1,2,2,0,0,0,0,0,78,1
"221",1,2,2,1,2,2,2,0,0,0,0,0,41,2
"221",1,2,2,2,2,2,1,0,0,0,2,3,52,1
"221",1,1,1,2,2,2,2,4,3,500,0,0,43,2
"221",1,1,1,1,2,2,2,3,1,0,0,0,52,2
"221",1,1,2,2,2,2,2,0,0,0,0,0,62,1
"221",1,2,2,2,1,2,2,0,0,0,0,0,32,1
"221",1,2,2,2,2,2,2,0,0,0,0,0,72,1
"221",1,2,2,1,2,2,2,0,0,0,0,0,35,2
"221",1,1,1,2,2,1,2,3,2,0,0,0,44,1
"221",1,1,2,2,1,2,2,0,0,0,0,0,35,1
"221",1,1,2,2,2,2,2,0,0,0,0,0,68,1
"221",1,1,2,2,2,2,2,0,0,0,0,0,45,2
"221",1,1,2,2,1,2,2,0,0,0,0,0,19,1
"221",1,1,1,1,2,1,1,4,3,2500,2,3,49,1
"221",1,1,2,1,1,1,1,0,0,0,5,4,43,1
"221",1,2,2,1,1,2,1,0,0,0,1,3,47,1
"221",1,2,2,2,1,2,1,0,0,0,5,3,57,1
"221",1,2,1,2,2,2,1,2,3,1300,5,3,22,2
"221",1,2,1,2,1,2,1,4,3,750,1,1,31,2
"221",1,2,2,2,2,2,1,0,0,0,5,3,46,2
"221",1,1,1,2,2,1,2,4,2,0,0,0,44,2
"221",1,1,1,2,2,2,2,5,3,175,0,0,37,2
"221",1,2,2,2,2,2,1,0,0,0,5,1,30,2
"221",1,1,1,2,2,1,1,4,2,0,1,3,52,2
"221",1,1,1,2,1,2,1,4,2,0,1,4,51,2
"221",1,1,2,1,2,1,1,0,0,0,5,2,22,1
"221",1,1,2,2,1,2,2,0,0,0,0,0,42,1
"221",1,1,1,2,2,2,1,5,2,0,5,4,44,1
"221",1,1,1,2,1,1,1,4,2,0,1,4,53,2
"221",1,1,1,2,2,2,2,4,1,0,0,0,37,2
"221",1,1,1,1,2,1,1,4,2,0,5,4,34,2
"221",1,1,1,2,2,2,2,4,2,0,0,0,36,1
"221",1,1,1,1,1,1,2,5,3,200,0,0,76,1
"221",1,1,2,1,2,2,1,0,0,0,5,5,54,2
"221",1,1,1,2,1,2,2,4,2,0,0,0,43,1
"221",1,1,2,2,2,1,2,0,0,0,0,0,33,2
"221",1,1,1,1,1,1,2,4,3,200,0,0,43,1
"221",1,1,2,2,1,2,2,0,0,0,0,0,32,2
"221",1,2,2,2,1,1,2,0,0,0,0,0,38,2
"221",2,0,0,0,0,0,0,0,0,0,0,0,35,1
"221",1,1,1,2,1,2,2,4,2,0,0,0,51,1
"221",1,1,1,2,1,2,2,4,3,350,0,0,57,2
"221",1,1,1,2,2,2,1,6,3,7500,1,1,37,2
"221",1,1,1,2,2,2,2,4,1,0,0,0,19,2
"221",1,1,1,1,1,2,1,4,1,0,3,4,38,2
"221",1,1,1,2,2,2,2,4,3,700,0,0,26,2
"221",1,2,2,2,2,2,1,0,0,0,5,4,30,1
"221",1,1,1,1,2,2,2,4,3,800,0,0,70,1
"221",1,1,2,1,2,2,2,0,0,0,0,0,72,2
"221",1,1,1,1,1,2,1,3,3,150,2,4,31,2
"221",1,1,1,1,1,2,2,2,2,0,0,0,39,2
"221",1,1,1,1,1,2,1,4,3,250,1,3,22,1
"221",1,1,1,2,1,2,2,3,2,0,0,0,47,1
"221",1,2,2,2,2,2,1,0,0,0,1,3,27,1
"221",1,1,1,1,2,2,2,3,1,0,0,0,81,1
"221",1,1,1,1,1,2,2,3,3,3000,0,0,53,1
"221",1,1,1,1,2,2,2,3,2,0,0,0,66,2
"221",1,1,1,1,1,2,2,3,3,2000,0,0,83,1
"221",1,1,1,2,2,2,2,3,2,0,0,0,80,2
"221",1,1,1,2,2,2,2,3,3,24000,0,0,59,2
"221",1,1,2,1,2,2,1,0,0,0,5,4,33,2
"221",1,2,1,2,2,2,1,2,1,0,2,4,23,1
"221",1,1,1,2,2,2,2,4,3,400,0,0,42,2
"221",1,1,1,2,1,2,2,3,3,320,0,0,53,1
"221",1,1,2,1,2,2,2,0,0,0,0,0,24,2
"221",1,1,2,1,2,2,2,0,0,0,0,0,67,1
"221",1,2,2,2,2,2,2,0,0,0,0,0,68,1
"221",1,2,2,2,2,2,1,0,0,0,1,4,22,1
"221",1,1,1,2,2,2,2,3,3,1300,0,0,44,1
"221",2,0,0,0,0,0,0,0,0,0,0,0,82,2
"221",1,1,1,1,1,2,2,3,2,0,0,0,69,1
"221",1,1,1,2,2,2,2,3,1,0,0,0,58,1
"221",1,2,2,2,1,2,2,0,0,0,0,0,49,2
"221",1,1,1,1,2,2,1,2,3,3000,1,2,21,1
"221",1,2,2,2,2,2,1,0,0,0,2,4,75,2
"221",1,2,2,2,2,2,1,0,0,0,1,4,28,2
"221",1,1,1,2,1,2,1,4,2,0,2,4,33,1
"221",1,2,2,2,2,2,1,0,0,0,1,4,29,2
"221",1,1,1,2,2,2,1,4,1,0,2,3,21,2
"221",1,1,1,2,1,2,1,1,3,50,1,3,34,1
"221",1,1,2,2,2,2,1,0,0,0,2,3,30,2
"221",1,1,1,2,1,2,1,2,1,0,2,4,24,1
"221",1,1,1,2,2,2,2,3,2,0,0,0,37,1
"221",1,1,2,1,2,2,1,0,0,0,2,3,29,2
"221",1,1,1,1,2,2,1,2,1,0,1,1,57,2
"221",1,1,1,1,2,2,1,2,2,0,2,2,58,2
"221",1,1,1,1,2,2,2,4,3,350,0,0,55,2
"221",1,2,2,2,2,2,1,0,0,0,1,4,34,2
"221",2,0,0,0,0,0,0,0,0,0,0,0,62,2
"221",1,1,1,1,1,1,1,4,3,200,2,2,25,1
"221",1,2,2,1,2,1,2,0,0,0,0,0,29,1
"221",1,1,2,2,1,2,1,0,0,0,2,4,35,1
"221",1,1,2,1,2,2,1,0,0,0,2,4,66,2
"221",1,1,1,2,2,2,2,1,2,0,0,0,29,1
"221",1,1,1,2,2,2,1,4,1,0,2,4,60,2
"221",1,2,2,2,2,2,1,0,0,0,2,4,20,1
"221",1,1,1,2,1,2,2,4,2,0,0,0,76,2
"221",1,1,1,2,1,2,1,4,2,0,1,4,39,1
"221",1,1,1,2,2,2,1,4,1,0,1,4,22,2
"221",2,0,0,0,0,0,0,0,0,0,0,0,74,1
"221",1,1,2,2,2,2,1,0,0,0,2,4,60,2
"221",1,2,2,2,1,2,1,0,0,0,2,4,23,2
"221",1,1,1,1,2,2,1,4,2,0,2,4,32,2
"221",1,2,2,2,2,2,2,0,0,0,0,0,18,1
"221",1,1,1,1,1,2,1,4,1,0,2,4,28,2
"221",1,1,1,2,2,2,2,3,2,0,0,0,43,1
"221",1,1,1,2,2,2,2,4,2,0,0,0,66,1
"221",1,1,2,1,2,2,1,0,0,0,2,4,34,2
"221",1,1,1,1,2,2,2,6,2,0,0,0,47,2
"221",1,1,1,2,2,2,2,2,2,0,0,0,42,2
"221",1,2,2,2,1,2,2,0,0,0,0,0,39,1
"221",1,2,1,2,2,2,2,2,2,0,0,0,60,2
"221",1,1,1,2,1,1,2,4,1,0,0,0,19,1
"221",1,1,1,2,1,2,2,4,2,0,0,0,34,2
"221",1,1,1,1,1,2,1,4,3,2000,5,3,42,2
"221",1,1,1,2,2,2,1,6,1,0,5,1,32,2
"221",1,1,1,2,2,2,2,3,3,200,0,0,30,2
"221",1,1,1,2,2,2,2,5,3,500,0,0,81,2
"221",1,1,2,2,1,2,1,0,0,0,1,3,57,1
"221",1,1,1,1,1,2,2,4,3,1200,0,0,53,2
"221",1,1,1,2,2,2,1,4,3,230,2,3,45,2
"221",1,1,1,2,1,1,1,3,3,800,1,1,28,1
"221",1,1,1,1,1,1,1,3,3,200,5,3,26,1
"221",1,1,1,1,1,2,2,4,2,0,0,0,69,2
"221",1,1,1,2,2,2,1,3,3,79,3,3,26,2
"221",1,1,2,2,2,2,2,0,0,0,0,0,60,1
"221",1,1,1,1,2,1,1,3,3,1400,2,3,25,1
"221",1,1,1,2,1,2,1,4,3,80,1,3,41,2
"221",1,1,1,2,2,2,2,2,3,400,0,0,48,1
"221",2,0,0,0,0,0,0,0,0,0,0,0,66,2
"221",1,1,1,1,1,2,2,4,2,0,0,0,53,2
"221",1,1,1,1,2,2,2,6,2,0,0,0,45,2
"221",2,0,0,0,0,0,0,0,0,0,0,0,49,1
"221",1,2,2,1,2,2,2,0,0,0,0,0,50,1
"221",1,1,2,1,2,2,1,0,0,0,3,3,32,2
"221",1,1,1,2,1,2,1,1,1,0,2,1,41,2
"221",1,1,2,1,2,2,1,0,0,0,3,3,36,1
"221",1,2,2,2,2,1,2,0,0,0,0,0,30,1
"221",1,1,2,1,1,2,2,0,0,0,0,0,46,1
"221",1,1,1,2,2,2,1,4,1,0,5,3,30,2
"221",1,1,1,1,1,2,2,5,2,0,0,0,60,2
"221",1,2,2,2,1,2,1,0,0,0,5,4,34,1
"221",1,1,1,2,2,2,2,5,3,1800,0,0,61,2
"221",1,1,1,1,1,2,1,2,1,0,1,2,38,2
"221",1,1,1,1,2,2,1,1,3,800,3,3,31,2
"221",1,1,1,2,2,1,1,2,3,490,2,2,45,2
"221",1,1,1,2,1,2,2,5,2,0,0,0,54,1
"221",1,1,2,1,1,2,2,0,0,0,0,0,63,1
"221",1,1,1,1,2,2,2,5,2,0,0,0,61,2
"221",1,1,2,2,1,2,2,0,0,0,0,0,28,2
"221",1,1,1,2,2,2,1,1,1,0,5,1,60,1
"221",1,1,1,1,1,2,1,1,1,0,1,3,38,2
"221",1,2,1,1,1,2,1,4,2,0,5,3,34,2
"221",1,1,1,2,2,2,1,1,2,0,2,6,24,1
"221",1,1,1,2,2,2,2,5,2,0,0,0,55,1
"221",1,1,1,2,1,1,1,3,1,0,1,4,25,2
"221",2,0,0,0,0,0,0,0,0,0,0,0,83,2
"221",1,1,1,2,2,2,1,4,1,0,5,4,48,2
"221",1,2,1,2,2,2,2,5,3,250,0,0,65,1
"221",1,1,1,1,2,2,2,5,3,200,0,0,55,2
"221",1,1,1,1,2,2,1,3,3,600,1,4,58,1
"221",1,1,1,2,2,2,1,4,1,0,2,2,36,1
"221",1,1,1,2,2,2,1,4,2,0,2,4,46,2
"221",1,1,1,1,1,2,1,4,2,0,3,4,25,2
"221",1,1,2,2,1,2,1,0,0,0,1,4,55,1
"221",2,0,0,0,0,0,0,0,0,0,0,0,22,1
"221",1,1,1,2,2,2,2,4,1,0,0,0,20,1
"221",1,1,2,2,2,2,2,0,0,0,0,0,50,2
"221",2,0,0,0,0,0,0,0,0,0,0,0,35,2
"221",1,1,1,2,2,2,1,5,1,0,1,3,62,2
"221",1,2,2,1,2,2,1,0,0,0,5,2,19,2
"221",1,1,1,1,2,2,1,4,2,0,5,3,37,1
"221",1,1,1,2,2,1,2,1,3,300,0,0,34,1
"221",1,1,2,2,2,1,1,0,0,0,5,4,36,2
"221",1,2,2,1,1,2,1,0,0,0,5,4,32,2
"221",1,1,1,2,2,2,1,4,3,250,5,3,29,1
"221",1,1,1,1,2,2,2,1,1,0,0,0,41,1
"221",1,1,2,1,2,2,1,0,0,0,1,1,31,1
"221",1,1,1,2,2,2,2,4,2,0,0,0,55,2
"221",1,1,1,2,1,2,1,2,1,0,1,2,42,2
"221",2,0,0,0,0,0,0,0,0,0,0,0,69,1
"221",1,2,2,2,1,2,1,0,0,0,1,3,52,2
"221",1,1,2,1,2,2,1,0,0,0,2,4,23,1
"221",1,1,1,1,2,2,2,3,2,0,0,0,35,1
"221",2,0,0,0,0,0,0,0,0,0,0,0,83,1
"221",1,1,1,2,2,2,1,4,3,500,2,3,27,2
"221",1,2,1,2,2,2,2,4,2,0,0,0,72,1
"221",1,1,1,1,1,2,1,2,3,700,1,2,27,2
"221",1,1,2,1,2,2,1,0,0,0,1,2,22,2
"221",1,1,2,2,2,2,1,0,0,0,2,4,38,2
"221",1,1,1,2,2,1,1,1,2,0,5,1,59,2
"221",1,1,2,1,2,1,2,0,0,0,0,0,50,2
"221",1,1,2,2,2,2,1,0,0,0,1,4,35,1
"221",1,1,1,1,2,2,1,2,1,0,5,3,23,2
"221",1,1,1,2,2,2,2,5,2,0,0,0,63,1
"221",1,1,1,2,2,1,1,2,1,0,3,2,20,2
"221",1,1,2,2,2,1,2,0,0,0,0,0,45,2
"221",1,1,1,1,2,1,1,4,2,0,5,3,34,2
"221",2,0,0,0,0,0,0,0,0,0,0,0,72,2
"221",1,1,2,2,2,2,1,0,0,0,5,4,36,1
"221",1,2,2,2,2,2,1,0,0,0,2,4,37,2
"221",1,2,2,2,1,2,2,0,0,0,0,0,58,1
"221",1,1,2,1,2,2,1,0,0,0,5,4,53,2
"221",1,1,2,1,1,2,1,0,0,0,1,3,60,1
"221",1,1,1,1,1,2,1,1,1,0,5,3,46,1
"221",1,1,1,2,1,2,1,4,3,900,5,3,42,1
"221",1,1,2,1,2,2,1,0,0,0,5,3,25,2
"221",2,0,0,0,0,0,0,0,0,0,0,0,51,2
"221",1,1,1,1,1,2,1,4,2,0,1,1,36,1
"221",1,1,1,2,1,2,2,4,2,0,0,0,49,2
"221",1,1,1,2,2,2,2,5,3,300,0,0,72,2
"221",1,1,2,2,2,2,2,0,0,0,0,0,49,1
"221",1,1,1,2,2,2,1,2,2,0,5,2,32,2
"221",1,2,2,2,2,2,1,0,0,0,2,4,23,2
"221",1,1,1,2,2,2,1,5,3,600,2,5,57,1
"221",1,2,2,2,2,2,1,0,0,0,2,4,22,1
"221",1,1,1,2,1,2,2,5,2,0,0,0,42,2
"221",1,1,2,1,1,2,2,0,0,0,0,0,85,1
"221",1,1,1,2,2,2,1,4,2,0,2,4,24,2
"221",1,1,1,1,1,2,1,5,2,0,5,5,58,2
"221",1,1,1,1,1,2,1,3,3,200,5,3,47,2
"221",1,1,1,2,1,2,1,3,2,0,2,1,51,2
"221",1,1,1,2,2,2,1,4,3,300,2,3,39,1
"221",1,1,1,1,2,2,1,2,1,0,1,3,26,1
"221",1,1,1,2,1,2,1,4,1,0,1,4,68,2
"221",1,1,2,1,2,2,1,0,0,0,2,3,49,2
"221",1,1,2,1,2,1,1,0,0,0,2,3,23,1
"221",1,2,2,2,1,2,2,0,0,0,0,0,47,1
"221",1,1,1,1,2,2,1,2,3,700,2,2,22,2
"221",1,1,1,2,2,2,1,3,1,0,2,4,33,2
"221",1,1,1,2,1,2,2,4,2,0,0,0,61,2
"221",1,1,1,1,1,2,2,4,2,0,0,0,73,2
"221",1,1,1,2,1,2,1,4,2,0,2,4,37,1
"221",1,1,1,2,2,2,2,3,3,300,0,0,28,2
"221",1,1,2,2,1,2,2,0,0,0,0,0,72,1
"221",1,1,1,2,2,2,1,2,3,400,1,3,27,1
"221",1,1,1,1,2,2,2,4,2,0,0,0,69,2
"221",1,1,1,2,1,2,2,3,2,0,0,0,55,2
"221",1,1,2,1,2,2,1,0,0,0,3,3,53,2
"221",1,1,1,2,1,2,1,1,2,0,2,1,46,2
"221",1,1,1,2,1,2,1,4,3,1500,2,4,33,2
"221",1,1,2,2,1,2,2,0,0,0,0,0,57,2
"221",1,1,1,2,2,2,1,4,2,0,2,4,29,2
"221",1,1,1,2,1,2,1,2,1,0,2,2,46,1
"221",1,1,2,2,1,2,2,0,0,0,0,0,48,2
"221",1,1,2,2,2,2,2,0,0,0,0,0,61,2
"221",1,1,1,2,1,2,2,4,2,0,0,0,74,1
"221",1,2,2,2,2,2,2,0,0,0,0,0,88,1
"221",1,2,1,1,2,1,2,4,2,0,0,0,18,1
"221",1,1,1,2,2,2,2,2,3,700,0,0,24,2
"221",1,1,2,2,2,2,1,0,0,0,1,1,26,1
"221",1,1,1,2,2,2,1,4,2,0,5,5,69,2
"221",1,1,1,2,2,2,2,5,2,0,0,0,69,2
"221",1,1,1,2,2,2,2,4,1,0,0,0,56,2
"221",1,1,2,2,2,2,1,0,0,0,1,3,27,1
"221",1,1,2,1,2,2,1,0,0,0,2,4,37,2
"221",1,1,2,1,1,2,1,0,0,0,2,4,34,1
"221",1,1,1,2,2,1,1,4,3,1000,3,3,19,2
"221",1,1,2,1,1,1,1,0,0,0,2,4,45,2
"221",1,1,1,2,2,2,2,3,2,0,0,0,81,1
"221",1,2,2,2,2,2,1,0,0,0,2,4,67,2
"221",1,1,2,2,1,2,2,0,0,0,0,0,27,1
"221",1,1,2,2,1,2,2,0,0,0,0,0,74,1
"221",1,1,1,2,1,1,1,4,2,0,5,4,29,1
"221",1,1,2,2,1,1,2,0,0,0,0,0,20,1
"221",1,1,1,2,2,2,2,5,2,0,0,0,81,2
"221",1,1,1,1,1,1,1,3,3,800,5,3,42,2
"221",1,2,2,2,1,2,1,0,0,0,5,4,29,2
"221",1,1,1,2,1,2,1,4,3,200,5,4,38,1
"221",1,1,2,2,2,2,1,0,0,0,5,3,27,2
"221",1,1,1,1,1,1,1,4,2,0,1,3,43,1
"221",1,2,2,1,2,2,1,0,0,0,1,4,19,2
"221",1,1,1,2,2,2,1,3,2,0,5,3,24,2
"221",1,1,1,1,1,1,1,4,2,0,5,4,41,1
"221",1,1,2,2,1,2,2,0,0,0,0,0,71,1
"221",1,1,2,1,1,1,1,0,0,0,5,3,40,2
"221",1,2,1,1,1,1,1,4,3,20,1,4,19,1
"221",1,1,1,1,2,2,1,4,3,450,1,4,59,1
"221",1,1,1,1,2,2,2,2,3,1000,0,0,24,2
"221",1,1,1,1,1,1,1,4,3,500,1,4,25,1
"221",1,1,2,1,1,2,1,0,0,0,5,4,50,1
"221",1,1,1,1,2,2,2,5,1,0,0,0,26,2
"221",1,1,1,2,2,1,1,4,3,750,5,1,24,2
"221",1,1,1,1,2,2,1,4,2,0,5,3,63,2
"221",1,1,1,2,2,2,1,1,3,2000,1,1,27,1
"221",1,1,1,2,1,2,2,4,2,0,0,0,57,1
"221",1,1,1,1,2,2,1,3,2,0,1,3,57,1
"221",1,1,2,2,1,1,1,0,0,0,5,3,38,2
"221",2,0,0,0,0,0,0,0,0,0,0,0,65,1
"221",1,1,1,1,1,2,2,5,2,0,0,0,41,2
"221",1,1,1,1,1,2,2,3,2,0,0,0,46,2
"221",1,1,1,2,1,2,2,4,1,0,0,0,45,2
"221",1,1,2,1,2,2,1,0,0,0,1,4,42,1
"221",1,1,1,2,2,2,1,2,1,0,2,2,21,2
"221",1,1,1,2,2,2,2,5,2,0,0,0,35,2
"221",1,1,1,1,2,2,2,5,2,0,0,0,67,2
"221",1,1,2,2,1,2,2,0,0,0,0,0,46,2
"221",1,2,2,2,2,2,2,0,0,0,0,0,65,1
"221",1,1,1,1,2,2,1,1,1,0,2,1,67,1
"221",1,1,1,1,1,2,1,1,3,500,1,2,43,1
"221",1,2,1,2,2,2,2,4,1,0,0,0,55,2
"221",1,1,2,2,2,2,1,0,0,0,2,3,38,1
"221",1,1,2,2,2,2,1,0,0,0,2,1,32,1
"221",1,1,1,2,2,2,2,5,3,100,0,0,63,1
"221",1,1,1,2,2,1,2,1,1,0,0,0,40,1
"221",1,2,2,2,2,2,1,0,0,0,2,1,48,2
"221",1,1,2,2,2,2,1,0,0,0,2,1,27,1
"221",1,1,2,1,1,1,1,0,0,0,1,1,50,2
"221",1,2,1,2,2,2,1,4,1,0,2,4,34,2
"221",1,2,1,2,2,2,1,4,2,0,3,4,19,2
"221",1,1,1,2,2,2,1,3,3,1200,2,3,35,2
"221",1,1,1,2,2,2,1,2,1,0,2,2,18,2
"221",1,1,2,2,1,2,1,0,0,0,1,4,24,1
"221",1,1,2,2,1,2,2,0,0,0,0,0,53,1
"221",1,1,1,1,1,1,1,3,2,0,1,3,52,2
"221",1,1,2,2,2,2,1,0,0,0,2,4,44,2
"221",1,1,1,2,2,2,1,4,2,0,1,4,29,2
"221",1,2,2,2,2,2,1,0,0,0,2,3,27,2
"0222",1,2,2,2,2,2,1,0,0,0,5,4,51,1
"0222",1,2,2,2,2,2,2,0,0,0,0,0,73,2
"0222",1,2,2,2,2,2,1,0,0,0,5,4,52,1
"0222",1,2,2,2,2,2,1,0,0,0,2,2,35,2
"0222",1,2,2,2,2,2,1,0,0,0,5,2,28,2
"0222",1,1,2,2,2,2,2,0,0,0,0,0,41,2
"0222",1,2,2,2,2,2,2,0,0,0,0,0,44,1
"0222",1,2,2,2,2,2,2,0,0,0,0,0,69,1
"0222",1,1,1,1,1,2,1,4,3,600,1,4,45,1
"0222",1,1,2,2,2,2,1,0,0,0,1,4,23,2
"0222",1,1,1,2,2,2,1,4,2,0,1,3,47,2
"0222",1,1,1,2,2,2,1,2,2,0,1,2,20,2
"0222",1,1,2,2,1,2,1,0,0,0,1,3,45,1
"0222",1,2,2,2,2,2,2,0,0,0,0,0,42,2
"0222",1,1,2,2,1,2,1,0,0,0,5,1,39,1
"0222",1,1,1,1,2,2,1,1,3,500,1,3,70,1
"0222",1,2,2,2,2,2,1,0,0,0,2,4,29,2
"0222",1,2,2,2,2,2,2,0,0,0,0,0,54,2
"0222",1,2,2,2,2,2,1,0,0,0,5,4,37,2
"0222",1,1,1,2,2,2,1,4,2,0,5,4,53,2
"0222",1,2,2,2,2,2,1,0,0,0,5,4,55,1
"0222",1,2,2,2,2,2,2,0,0,0,0,0,46,1
"0222",1,2,2,2,2,2,2,0,0,0,0,0,32,1
"0222",1,2,2,2,2,2,1,0,0,0,5,4,38,1
"0222",1,1,1,2,2,2,1,3,3,360,2,3,40,1
"0222",1,1,1,2,2,2,1,4,2,0,2,4,21,1
"0222",1,1,1,2,2,2,1,4,2,0,2,4,51,1
"0222",1,1,1,2,2,2,1,4,2,0,2,4,26,2
"0222",1,2,2,2,2,2,2,0,0,0,0,0,55,2
"0222",1,2,2,2,2,2,2,0,0,0,0,0,76,2
"0222",1,2,2,2,2,2,1,0,0,0,5,4,29,1
"0222",1,1,2,2,1,2,2,0,0,0,0,0,44,2
"0222",1,1,1,2,2,2,1,4,2,0,5,4,42,2
"0222",1,1,1,2,2,2,2,4,2,0,0,0,59,1
"0222",1,2,2,2,2,2,1,0,0,0,2,4,36,2
"0222",1,2,2,2,2,2,1,0,0,0,5,4,42,2
"0222",1,1,2,1,1,2,1,0,0,0,2,2,32,2
"0222",1,2,2,2,2,2,1,0,0,0,5,4,32,1
"0222",1,2,2,2,1,2,2,0,0,0,0,0,49,1
"0222",1,2,2,2,2,2,2,0,0,0,0,0,49,2
"0222",1,2,2,2,2,2,2,0,0,0,0,0,50,2
"0222",1,2,2,2,1,2,1,0,0,0,5,4,34,1
"0222",1,2,2,2,2,2,1,0,0,0,2,2,37,2
"0222",1,2,2,2,1,2,1,0,0,0,5,4,52,1
"0222",1,2,2,2,2,2,2,0,0,0,0,0,51,1
"0222",1,2,2,2,2,2,1,0,0,0,5,4,35,2
"0222",1,2,2,2,2,2,2,0,0,0,0,0,55,1
"0222",2,0,0,0,0,0,0,0,0,0,0,0,48,2
"0222",1,1,2,1,1,2,1,0,0,0,1,4,34,1
"0222",1,2,1,2,1,2,1,4,1,0,2,4,35,2
"0222",1,1,1,2,1,1,1,4,1,0,1,3,22,2
"0222",1,2,2,2,2,2,1,0,0,0,2,4,51,2
"0222",1,1,2,1,1,2,1,0,0,0,1,3,25,1
"0222",1,1,2,2,2,1,2,0,0,0,0,0,21,1
"0222",1,1,1,1,2,2,1,4,1,0,2,4,27,1
"0222",1,1,1,2,2,2,1,4,1,0,5,4,28,1
"0222",1,1,1,1,2,2,2,4,2,0,0,0,23,1
"0222",1,1,1,2,2,2,1,4,1,0,3,4,49,1
"0222",1,1,2,2,2,2,2,0,0,0,0,0,57,1
"0222",1,2,2,2,2,2,2,0,0,0,0,0,36,1
"0222",1,2,2,2,2,2,1,0,0,0,2,3,24,1
"0222",1,1,2,2,2,2,2,0,0,0,0,0,45,1
"0222",1,1,1,2,2,2,1,2,1,0,2,2,38,2
"0222",1,1,1,1,2,1,1,4,3,600,5,4,37,1
"0222",1,1,1,1,2,2,1,3,1,0,1,3,69,1
"0222",1,1,1,1,1,2,1,3,3,600,3,3,27,2
"0222",1,1,1,1,1,2,2,4,3,120,0,0,45,1
"0222",1,2,2,2,2,2,2,0,0,0,0,0,72,1
"0222",1,2,2,1,2,2,1,0,0,0,5,3,37,1
"0222",1,1,1,1,2,2,1,2,2,0,2,4,34,2
"0222",1,1,1,2,2,2,1,6,1,0,1,4,22,2
"0222",1,1,1,1,2,2,2,1,2,0,0,0,29,2
"0222",1,1,2,1,2,2,1,0,0,0,3,1,22,1
"0222",1,1,2,1,2,2,2,0,0,0,0,0,42,1
"0222",1,1,1,2,2,2,1,1,2,0,2,3,68,2
"0222",1,1,1,2,2,1,1,4,2,0,5,4,28,2
"0222",1,2,2,1,2,2,2,0,0,0,0,0,26,2
"0222",1,2,2,2,2,2,2,0,0,0,0,0,88,1
"0222",1,1,1,2,2,1,1,1,2,0,1,3,24,1
"0222",1,2,2,1,2,2,2,0,0,0,0,0,42,2
"0222",1,2,2,2,2,2,2,0,0,0,0,0,25,2
"0222",1,2,2,2,2,2,1,0,0,0,2,4,34,2
"0222",1,1,2,2,2,2,1,0,0,0,1,3,60,1
"0222",1,1,1,1,2,2,1,4,3,160,3,4,36,2
"0222",1,1,1,2,2,2,1,1,2,0,1,3,28,1
"0222",1,2,2,2,2,2,2,0,0,0,0,0,81,2
"0222",1,1,1,2,2,2,1,3,2,0,3,3,43,2
"0222",1,1,1,2,2,2,2,5,2,0,0,0,57,1
"0222",1,1,1,1,2,2,2,3,2,0,0,0,53,2
"0222",1,2,2,1,2,2,2,0,0,0,0,0,71,2
"0222",1,1,1,2,2,2,1,3,3,100,1,3,40,2
"0222",1,1,1,1,2,2,2,3,2,0,0,0,69,2
"0222",1,2,2,2,2,2,1,0,0,0,1,4,36,2
"0222",1,2,1,2,2,2,2,3,3,400,0,0,50,1
"0222",1,2,2,2,2,2,2,0,0,0,0,0,76,1
"0222",1,1,1,2,2,2,1,2,2,0,1,4,21,1
"0222",1,1,1,2,2,2,1,3,2,0,1,3,21,2
"0222",1,2,2,2,2,2,2,0,0,0,0,0,56,1
"0222",1,1,2,1,2,2,2,0,0,0,0,0,53,2
"0222",1,2,2,2,2,2,2,0,0,0,0,0,30,1
"0222",1,1,1,2,2,2,1,3,3,500,1,4,22,1
"0222",1,2,2,2,2,2,2,0,0,0,0,0,33,2
"0222",1,1,1,2,2,2,1,2,1,0,2,2,25,1
"0222",1,1,1,2,2,2,2,3,2,0,0,0,74,1
"0222",1,1,1,2,2,2,2,4,3,500,0,0,25,2
"0222",1,2,2,2,2,2,1,0,0,0,2,4,31,2
"0222",1,1,2,1,2,2,1,0,0,0,2,2,26,2
"0222",1,1,2,1,1,2,1,0,0,0,1,3,30,2
"0222",1,1,1,1,1,2,1,3,3,600,2,3,38,2
"0222",1,1,2,2,2,2,1,0,0,0,2,2,41,1
"0222",1,1,2,1,2,2,2,0,0,0,0,0,36,1
"0222",1,1,1,1,1,2,2,3,3,500,0,0,53,2
"0222",1,1,2,1,2,2,2,0,0,0,0,0,52,2
"0222",1,1,1,1,2,2,1,4,1,0,2,4,46,1
"0222",1,1,1,1,2,2,2,3,2,0,0,0,36,2
"0222",1,1,1,1,2,2,2,2,2,0,0,0,29,2
"0222",1,1,2,2,1,2,2,0,0,0,0,0,71,1
"0222",1,1,1,2,2,2,2,3,3,350,0,0,45,1
"0222",1,1,1,2,2,2,1,1,2,0,1,1,27,2
"0222",1,2,2,2,2,2,2,0,0,0,0,0,44,2
"0222",1,1,2,1,1,2,2,0,0,0,0,0,18,2
"0222",1,1,1,2,2,2,2,2,2,0,0,0,35,1
"0222",1,1,2,1,2,2,2,0,0,0,0,0,31,2
"0222",1,2,2,2,2,2,2,0,0,0,0,0,43,1
"0222",1,2,2,2,2,2,1,0,0,0,2,4,24,1
"0222",1,1,1,1,1,2,1,4,2,0,1,1,51,2
"0222",1,1,1,2,2,2,2,1,2,0,0,0,62,1
"0222",1,1,2,2,1,2,1,0,0,0,1,3,54,2
"0222",1,1,1,1,1,2,2,4,3,150,0,0,79,2
"0222",1,1,1,2,1,2,1,4,1,0,2,4,40,2
"0222",1,2,2,2,2,2,1,0,0,0,2,3,38,1
"0222",1,1,1,1,1,1,1,1,3,5000,1,4,35,1
"0222",1,1,1,2,2,2,1,4,1,0,2,3,66,1
"0222",1,1,1,2,1,2,2,4,2,0,0,0,55,2
"0222",1,1,2,1,1,2,1,0,0,0,1,4,69,2
"0222",1,2,2,2,2,2,2,0,0,0,0,0,46,2
"0222",1,1,1,1,2,2,2,5,2,0,0,0,70,2
"0222",1,1,2,1,2,2,1,0,0,0,5,1,40,2
"0222",1,1,2,1,2,2,1,0,0,0,1,4,64,2
"0222",1,1,1,1,1,2,2,3,3,300,0,0,53,1
"0222",1,1,1,2,2,2,1,1,2,0,1,1,40,2
"0222",1,1,1,2,2,2,1,1,2,0,2,4,36,1
"0222",2,0,0,0,0,0,0,0,0,0,0,0,88,2
"0222",1,1,1,1,2,1,1,4,1,0,2,4,23,1
"0222",1,1,2,2,2,2,2,0,0,0,0,0,78,2
"0222",1,1,2,1,1,2,1,0,0,0,1,3,54,1
"0222",1,2,2,2,1,2,2,0,0,0,0,0,40,2
"0222",1,1,1,1,2,2,2,4,2,0,0,0,30,1
"0222",1,2,2,2,1,2,2,0,0,0,0,0,32,1
"0222",1,2,2,2,2,2,1,0,0,0,2,4,56,2
"0222",1,1,2,2,1,2,1,0,0,0,2,4,22,2
"0222",1,1,1,2,1,2,2,3,2,0,0,0,82,1
"0222",1,1,1,1,1,2,1,4,3,3000,2,3,54,1
"0222",1,1,1,1,2,2,2,4,3,3000,0,0,81,1
"0222",1,2,2,2,2,2,2,0,0,0,0,0,40,2
"0222",1,1,2,2,1,2,1,0,0,0,5,4,20,2
"0222",1,1,2,2,2,2,2,0,0,0,0,0,22,2
"0222",1,1,2,1,1,2,2,0,0,0,0,0,23,1
"0222",1,2,2,2,1,2,1,0,0,0,1,4,55,1
"0222",1,2,2,2,2,1,1,0,0,0,5,4,25,1
"0222",1,1,2,2,2,2,2,0,0,0,0,0,60,2
"0222",1,2,2,2,2,2,1,0,0,0,5,3,30,1
"0222",1,1,1,1,1,1,1,1,1,0,1,1,42,2
"0222",1,1,1,1,2,2,2,5,2,0,0,0,69,2
"0222",1,1,1,2,2,2,1,2,2,0,2,4,21,1
"0222",1,1,1,2,1,2,1,4,1,0,5,4,31,2
"0222",1,2,2,2,2,2,2,0,0,0,0,0,36,2
"0222",1,1,1,2,1,1,2,1,2,0,0,0,48,1
"0222",1,1,2,2,2,2,1,0,0,0,1,5,25,2
"0222",1,1,1,2,1,2,2,4,2,0,0,0,43,2
"0222",1,2,2,2,2,2,2,0,0,0,0,0,45,2
"0222",1,1,2,1,2,2,1,0,0,0,1,3,28,2
"0222",1,1,2,2,2,2,1,0,0,0,2,3,43,2
"0222",1,1,2,1,1,2,1,0,0,0,2,3,37,1
"0222",1,1,1,2,2,2,1,3,3,300,5,3,47,2
"0222",1,1,1,2,1,2,1,4,2,0,2,1,23,2
"0222",1,1,1,1,2,2,2,5,3,200,0,0,47,2
"0222",1,1,1,1,1,2,1,3,2,0,2,3,61,1
"0222",1,1,2,2,2,2,1,0,0,0,5,4,64,2
"0222",1,1,2,2,2,2,1,0,0,0,2,4,24,2
"0222",1,1,1,2,2,2,2,5,2,0,0,0,50,1
"0222",1,1,1,2,2,2,2,5,3,1560,0,0,48,1
"0222",1,1,1,2,2,2,1,4,1,0,2,4,37,2
"0222",1,2,2,2,2,2,2,0,0,0,0,0,62,2
"0222",1,1,1,2,2,2,2,4,2,0,0,0,70,2
"0222",1,2,2,2,1,2,1,0,0,0,1,3,40,2
"0222",1,1,1,1,1,1,1,4,2,0,1,4,21,1
"0222",1,1,2,1,1,2,1,0,0,0,5,1,59,1
"0222",1,1,2,2,1,2,2,0,0,0,0,0,38,2
"0222",1,1,1,2,2,2,2,4,3,250,0,0,73,1
"0222",1,1,1,2,2,2,1,3,2,0,1,2,35,1
"0222",1,2,2,2,2,2,2,0,0,0,0,0,38,2
"0222",1,1,1,2,2,2,1,3,2,0,5,1,46,1
"0222",1,1,1,1,2,1,1,4,3,300,4,4,49,2
"0222",1,1,2,2,2,2,1,0,0,0,1,1,66,2
"0222",1,1,1,2,1,2,1,3,1,0,1,3,29,1
"0222",1,1,1,2,1,2,1,4,1,0,3,4,21,2
"0222",1,1,2,2,2,2,1,0,0,0,2,4,55,2
"0222",1,1,2,2,1,2,2,0,0,0,0,0,46,1
"0222",2,0,0,0,0,0,0,0,0,0,0,0,64,2
"0222",1,1,2,1,2,2,2,0,0,0,0,0,67,1
"0222",1,2,2,2,2,2,2,0,0,0,0,0,66,1
"0222",1,2,2,2,2,2,2,0,0,0,0,0,30,2
"0222",1,1,1,2,1,2,2,3,2,0,0,0,35,1
"0222",1,1,1,1,2,2,1,1,1,0,1,1,25,2
"0222",1,1,1,2,2,2,2,4,3,1200,0,0,26,1
"0222",1,2,2,2,2,2,2,0,0,0,0,0,52,2
"0222",1,1,1,2,2,2,1,3,3,1000,2,1,36,2
"0222",1,1,1,1,2,2,2,1,2,0,0,0,40,2
"0222",1,2,2,2,2,2,2,0,0,0,0,0,53,2
"0222",1,1,1,2,2,2,2,4,2,0,0,0,74,2
"0222",1,2,2,2,2,2,2,0,0,0,0,0,59,2
"0222",1,2,2,2,2,2,2,0,0,0,0,0,57,2
"0222",1,2,2,2,2,2,2,0,0,0,0,0,21,2
"0222",1,2,2,2,2,2,2,0,0,0,0,0,56,2
"0222",1,2,2,2,2,2,2,0,0,0,0,0,63,1
"0222",1,2,2,2,2,2,2,0,0,0,0,0,19,2
"0222",1,2,2,2,2,2,2,0,0,0,0,0,19,1
"0222",1,2,2,2,2,2,2,0,0,0,0,0,75,2
"0222",1,1,2,2,1,2,2,0,0,0,0,0,44,1
"0222",1,1,2,2,1,2,2,0,0,0,0,0,64,1
"0222",1,2,2,2,2,2,2,0,0,0,0,0,48,2
"0222",1,2,2,2,2,2,2,0,0,0,0,0,26,2
"0222",1,1,1,2,2,2,2,3,2,0,0,0,65,2
"0222",1,2,2,2,2,2,2,0,0,0,0,0,35,1
"0222",1,2,2,2,1,2,2,0,0,0,0,0,67,2
"0222",1,2,2,2,2,2,2,0,0,0,0,0,71,1
"0222",1,1,1,2,2,2,2,4,3,700,0,0,61,1
"0222",1,2,2,2,2,2,2,0,0,0,0,0,54,1
"0222",1,2,2,2,2,2,2,0,0,0,0,0,59,1
"0222",1,1,1,2,2,2,1,3,3,1500,2,3,51,2
"0222",1,1,1,1,2,2,2,4,3,1200,0,0,68,2
"0222",1,1,2,2,2,2,2,0,0,0,0,0,50,1
"0222",1,2,2,2,2,2,2,0,0,0,0,0,37,2
"0222",1,1,1,1,2,2,1,1,3,1500,2,1,34,1
"0222",1,1,1,2,2,2,2,5,2,0,0,0,86,1
"0222",1,1,1,1,2,1,2,4,3,180,0,0,39,2
"0222",1,2,2,2,2,2,1,0,0,0,5,3,44,1
"0222",1,1,1,2,2,2,1,2,1,0,1,2,23,1
"0222",1,1,1,2,2,2,2,3,3,350,0,0,58,1
"0222",1,2,2,2,2,2,2,0,0,0,0,0,79,1
"0222",1,1,1,2,2,2,2,5,3,250,0,0,80,1
"0222",1,1,1,2,2,2,1,4,3,20,1,4,25,1
"0222",1,2,2,2,2,2,2,0,0,0,0,0,41,1
"0222",1,1,2,2,1,2,2,0,0,0,0,0,56,1
"0222",1,1,1,2,1,2,2,3,2,0,0,0,70,2
"0222",1,2,2,2,1,2,2,0,0,0,0,0,44,2
"0222",1,1,1,2,2,2,1,4,2,0,2,3,62,1
"0222",1,2,2,2,1,2,2,0,0,0,0,0,53,1
"0222",1,2,2,1,2,2,2,0,0,0,0,0,36,2
"0222",1,1,1,1,2,2,1,4,1,0,5,4,57,2
"0222",1,2,2,2,2,2,1,0,0,0,1,3,61,1
"0222",1,1,2,1,2,2,2,0,0,0,0,0,34,2
"0222",1,2,2,2,2,2,2,0,0,0,0,0,42,1
"0222",1,2,2,2,2,2,2,0,0,0,0,0,31,1
"0222",1,1,1,2,2,2,2,5,3,1000,0,0,76,1
"0222",1,1,1,1,2,2,1,1,3,500,2,1,50,1
"0222",1,1,1,1,2,1,1,1,1,0,1,3,56,2
"0222",1,1,1,1,2,1,1,4,3,200,1,4,25,1
"0222",1,1,1,2,2,2,1,3,3,200,2,3,29,2
"0222",1,2,1,2,2,2,1,1,3,300,3,4,21,1
"0222",1,2,2,1,2,2,2,0,0,0,0,0,63,1
"0222",1,2,2,2,2,2,2,0,0,0,0,0,34,1
"0222",1,1,2,1,2,2,2,0,0,0,0,0,28,1
"0222",1,2,2,2,2,2,2,0,0,0,0,0,32,2
"0222",1,1,1,2,2,2,2,5,2,0,0,0,83,2
"0222",1,2,2,1,1,2,2,0,0,0,0,0,32,2
"0222",1,1,1,2,2,2,2,3,2,0,0,0,38,2
"0222",1,1,2,2,2,2,1,0,0,0,2,3,46,2
"0222",1,1,1,1,2,2,1,3,2,0,1,4,50,1
"0222",1,1,1,2,2,2,1,2,3,750,2,2,47,2
"0222",1,2,2,2,2,2,2,0,0,0,0,0,65,2
"0222",1,1,1,2,2,2,1,3,1,0,2,3,60,1
"0222",1,1,1,1,2,1,1,2,1,0,2,2,24,1
"0222",1,1,1,1,1,2,1,2,1,0,1,2,24,1
"0222",1,2,2,2,2,2,1,0,0,0,1,3,32,2
"0222",1,1,1,2,1,1,1,1,1,0,2,3,30,1
"0222",1,1,1,2,2,2,1,4,3,700,2,4,33,1
"0222",1,1,2,2,1,2,2,0,0,0,0,0,74,1
"0222",1,2,2,2,2,2,2,0,0,0,0,0,78,2
"0222",1,2,2,2,2,2,2,0,0,0,0,0,28,1
"0222",1,2,2,2,2,2,2,0,0,0,0,0,62,1
"0222",1,1,1,2,2,2,2,5,2,0,0,0,60,2
"0222",1,1,2,2,2,2,1,0,0,0,1,4,31,2
"0222",1,1,1,2,2,2,2,4,3,500,0,0,41,2
"0222",1,1,2,1,1,2,2,0,0,0,0,0,34,1
"0222",1,1,1,2,2,2,2,4,1,0,0,0,41,2
"0222",1,1,2,2,2,2,1,0,0,0,1,3,76,1
"0222",1,1,2,2,1,2,2,0,0,0,0,0,67,1
"0222",1,2,2,2,2,2,2,0,0,0,0,0,65,1
"0222",1,2,2,2,2,2,2,0,0,0,0,0,83,2
"0222",1,2,2,2,2,2,2,0,0,0,0,0,67,1
"0222",1,1,2,1,2,2,2,0,0,0,0,0,30,1
"0222",1,1,1,2,2,2,1,4,1,0,1,4,31,2
"0222",1,1,1,2,2,2,2,3,2,0,0,0,58,2
"0222",1,2,2,2,2,2,2,0,0,0,0,0,70,2
"0222",1,2,2,2,2,2,2,0,0,0,0,0,23,2
"0222",1,2,2,2,2,2,2,0,0,0,0,0,72,2
"0222",1,2,2,2,2,2,2,0,0,0,0,0,43,2
"0222",1,1,1,2,2,2,2,5,3,150,0,0,64,2
"0222",1,2,2,2,2,2,2,0,0,0,0,0,67,2
"0222",2,0,0,0,0,0,0,0,0,0,0,0,60,1
"0222",1,1,1,2,2,2,2,4,3,1000,0,0,59,2
"0222",1,1,2,1,1,2,2,0,0,0,0,0,44,1
"0222",1,1,1,2,2,2,2,4,1,0,0,0,29,2
"0222",1,1,1,2,1,2,2,4,3,200,0,0,65,1
"0222",1,1,2,1,1,2,2,0,0,0,0,0,52,1
"0222",1,1,1,1,2,2,1,3,3,600,2,4,42,2
"0222",1,1,2,2,1,2,2,0,0,0,0,0,55,1
"0222",1,1,2,2,1,2,2,0,0,0,0,0,72,1
"0222",1,2,2,2,2,1,1,0,0,0,1,4,50,1
"0222",1,1,2,2,1,2,2,0,0,0,0,0,41,1
"0222",1,1,1,2,1,2,2,4,3,400,0,0,27,2
"0222",1,1,2,1,1,2,1,0,0,0,1,4,31,1
"0222",1,1,2,2,1,2,2,0,0,0,0,0,33,1
"0222",1,1,1,1,1,2,1,3,3,1200,3,3,64,2
"0222",1,1,1,2,1,2,1,3,1,0,2,4,56,1
"0222",1,1,1,1,2,2,1,2,1,0,2,4,31,1
"0222",1,1,2,1,1,2,1,0,0,0,3,4,33,1
"0222",1,1,1,1,2,2,2,2,2,0,0,0,20,2
"0222",1,1,2,2,1,2,2,0,0,0,0,0,51,2
"0222",1,1,2,2,1,2,2,0,0,0,0,0,47,1
"0222",1,1,1,2,1,2,2,4,2,0,0,0,41,1
"0222",1,2,1,2,1,2,2,2,2,0,0,0,27,1
"0222",1,1,1,2,2,2,2,2,2,0,0,0,33,2
"0222",1,2,2,2,2,2,2,0,0,0,0,0,39,2
"0222",1,2,2,2,2,2,2,0,0,0,0,0,60,2
"0222",1,1,1,2,1,2,2,4,3,1800,0,0,48,1
"0222",1,1,2,2,2,2,1,0,0,0,2,3,36,2
"0222",1,1,1,2,1,2,2,4,3,600,0,0,36,2
"0222",1,1,2,2,1,2,1,0,0,0,1,3,40,1
"0222",1,2,2,2,2,2,1,0,0,0,1,4,31,2
"0222",1,2,2,1,2,2,2,0,0,0,0,0,41,2
"0222",1,2,2,2,2,2,2,0,0,0,0,0,69,2
"0222",1,2,2,2,2,2,2,0,0,0,0,0,51,2
"0222",1,1,1,1,2,2,1,4,3,2000,2,4,73,2
"0222",1,1,2,2,2,2,1,0,0,0,2,3,44,2
"0222",1,1,2,2,2,2,1,0,0,0,1,1,46,2
"0222",1,2,2,1,2,2,1,0,0,0,2,4,19,1
"0222",1,1,1,2,2,2,2,5,2,0,0,0,56,2
"0222",1,1,1,2,1,2,1,3,2,0,2,1,42,1
"0222",1,2,2,2,2,2,2,0,0,0,0,0,68,2
"0222",1,1,2,1,2,2,1,0,0,0,2,4,24,2
"0222",1,1,2,1,2,2,2,0,0,0,0,0,72,2
"0222",1,1,2,2,2,2,1,0,0,0,1,4,55,2
"0222",1,1,1,2,2,2,2,4,2,0,0,0,31,1
"0222",1,2,2,2,2,2,2,0,0,0,0,0,29,1
"0222",1,1,1,1,2,2,1,3,2,0,1,4,27,1
"0222",1,1,2,1,1,2,1,0,0,0,1,1,31,1
"0222",1,2,2,2,2,2,1,0,0,0,2,4,36,1
"0222",1,1,2,1,1,2,1,0,0,0,1,3,34,1
"0222",1,1,1,2,1,2,2,4,3,300,0,0,48,1
"0222",1,2,2,2,2,2,2,0,0,0,0,0,85,2
"0222",1,1,1,2,2,2,1,4,3,300,1,3,27,1
"0222",1,1,2,1,1,2,1,0,0,0,1,4,32,1
"0222",1,1,1,1,2,2,1,3,2,0,1,4,31,1
"0222",1,1,1,2,2,2,1,4,3,800,2,4,26,1
"0222",1,1,1,2,1,2,1,4,1,0,3,1,62,1
"0222",1,1,1,1,2,2,2,3,2,0,0,0,30,2
"0222",1,2,2,2,1,2,2,0,0,0,0,0,54,1
"0222",1,1,1,1,2,2,2,3,2,0,0,0,39,2
"0222",1,1,1,2,2,2,2,2,2,0,0,0,18,1
"0222",1,2,2,2,1,2,2,0,0,0,0,0,35,1
"0222",1,1,2,2,2,2,1,0,0,0,1,3,30,2
"0222",1,1,2,1,1,2,2,0,0,0,0,0,43,2
"0222",1,2,2,2,2,2,2,0,0,0,0,0,58,2
"0222",1,1,1,2,1,2,2,4,1,0,0,0,33,1
"0222",1,1,2,1,2,2,1,0,0,0,1,4,56,2
"0222",1,2,2,2,2,2,2,0,0,0,0,0,64,1
"0222",1,2,2,2,2,2,1,0,0,0,1,4,34,1
"0222",1,1,1,1,2,2,1,4,2,0,2,4,29,2
"0222",1,1,1,2,1,2,1,2,2,0,3,2,72,2
"0222",1,1,1,2,2,2,1,2,2,0,3,2,37,1
"0222",1,2,2,2,2,2,1,0,0,0,2,4,53,2
"0222",1,2,2,2,2,2,2,0,0,0,0,0,61,2
"0222",1,1,1,2,2,2,1,4,2,0,1,4,23,1
"0222",1,2,2,2,2,2,1,0,0,0,2,4,47,2
"0222",1,2,2,2,2,2,2,0,0,0,0,0,74,2
"0222",1,1,2,1,2,2,1,0,0,0,2,3,39,2
"0222",1,2,2,1,2,2,2,0,0,0,0,0,82,2
"0222",1,2,2,2,1,2,1,0,0,0,2,4,59,2
"0222",1,1,2,2,1,2,1,0,0,0,1,4,52,2
"0222",1,1,1,2,2,2,1,1,1,0,1,4,36,1
"0222",1,1,1,1,2,2,1,2,2,0,1,2,32,1
"0222",1,1,1,2,2,2,2,4,3,450,0,0,79,1
"0222",1,1,2,2,1,2,2,0,0,0,0,0,53,1
"0222",1,1,2,1,2,2,2,0,0,0,0,0,35,1
"0222",1,1,1,1,2,2,2,3,3,1200,0,0,81,1
"0222",1,1,1,2,2,2,1,2,1,0,2,4,19,1
"0222",1,2,2,2,2,2,2,0,0,0,0,0,41,2
"0222",1,2,2,2,2,2,2,0,0,0,0,0,24,2
"0222",1,2,2,2,2,2,2,0,0,0,0,0,58,1
"0222",1,1,2,1,1,2,1,0,0,0,1,4,50,1
"0222",1,1,1,1,2,2,1,3,2,0,1,4,32,2
"0222",1,1,2,1,1,2,1,0,0,0,1,1,56,1
"0222",1,1,1,1,2,2,1,3,1,0,1,4,50,1
"0222",1,2,2,1,1,2,2,0,0,0,0,0,34,2
"0222",1,2,2,2,2,2,2,0,0,0,0,0,85,1
"0222",1,2,2,2,1,2,2,0,0,0,0,0,52,1
"0222",1,1,2,2,1,2,2,0,0,0,0,0,33,2
"0222",1,2,2,2,1,2,2,0,0,0,0,0,31,1
"0222",1,2,2,2,1,2,2,0,0,0,0,0,57,1
"0222",1,1,2,2,2,2,1,0,0,0,1,3,31,2
"0222",1,1,2,2,2,2,1,0,0,0,2,3,23,1
"0222",1,2,2,2,2,2,2,0,0,0,0,0,61,1
"0222",1,1,1,2,2,2,2,4,2,0,0,0,55,1
"0222",1,1,1,1,2,2,1,2,1,0,4,4,18,2
"0222",1,1,1,1,1,2,1,3,3,1300,3,4,31,2
"0222",1,1,2,1,2,2,2,0,0,0,0,0,80,2
"0222",1,1,2,2,1,2,2,0,0,0,0,0,65,1
"0222",1,2,2,2,2,2,2,0,0,0,0,0,45,1
"0222",1,1,1,1,2,2,1,4,2,0,2,1,36,2
"0222",1,2,2,2,1,2,2,0,0,0,0,0,59,1
"0222",1,2,2,1,1,2,2,0,0,0,0,0,24,2
"0222",1,2,2,2,2,2,1,0,0,0,2,3,46,2
"0222",1,1,1,1,1,2,1,4,3,1200,1,3,66,1
"0222",1,2,1,2,2,2,2,4,1,0,0,0,77,2
"0222",1,1,1,2,2,2,2,4,3,400,0,0,54,2
"0222",1,1,1,2,2,2,1,2,3,2000,3,2,25,1
"0222",1,2,2,2,2,2,2,0,0,0,0,0,53,1
"0222",1,1,1,1,2,2,1,4,3,150,2,3,66,1
"0222",1,1,2,1,2,2,1,0,0,0,1,4,53,1
"0222",1,1,1,1,2,2,1,2,3,600,3,2,26,2
"0222",1,2,2,2,2,2,2,0,0,0,0,0,39,1
"0222",1,1,2,2,1,2,2,0,0,0,0,0,61,1
"0222",1,1,2,1,2,2,1,0,0,0,2,4,21,2
"0222",1,1,2,1,2,2,2,0,0,0,0,0,36,2
"0222",1,1,1,2,1,2,2,3,2,0,0,0,61,1
"0222",1,2,2,2,1,2,2,0,0,0,0,0,39,1
"0222",1,2,2,2,2,2,2,0,0,0,0,0,28,2
"0222",1,2,2,1,1,2,2,0,0,0,0,0,46,2
"0222",1,1,1,2,1,2,2,3,2,0,0,0,45,1
"0222",2,0,0,0,0,0,0,0,0,0,0,0,74,2
"0222",1,2,2,1,2,2,2,0,0,0,0,0,50,2
"0222",1,1,1,1,2,2,2,3,3,600,0,0,49,2
"0222",1,1,2,1,1,2,1,0,0,0,3,4,51,1
"0222",1,1,2,2,1,2,1,0,0,0,2,4,40,1
"0222",1,1,2,1,2,2,1,0,0,0,2,4,28,2
"0222",1,2,2,2,2,2,2,0,0,0,0,0,27,1
"0222",1,2,2,2,2,2,2,0,0,0,0,0,35,2
"0222",1,1,2,1,2,2,1,0,0,0,2,4,29,1
"0222",1,1,1,1,1,2,1,3,2,0,1,1,40,1
"0222",1,1,2,1,2,2,1,0,0,0,1,3,32,1
"0222",1,2,2,2,2,2,2,0,0,0,0,0,49,1
"0222",1,1,2,1,2,2,1,0,0,0,1,1,35,1
"0222",1,1,1,1,2,2,1,4,2,0,1,4,66,2
"0222",1,1,1,1,1,2,1,4,3,250,1,3,60,1
"0222",1,1,2,1,2,2,1,0,0,0,2,3,48,2
"0222",1,1,1,2,2,2,1,4,2,0,1,3,58,2
"0222",1,1,2,1,2,2,1,0,0,0,1,3,55,2
"0222",1,2,2,2,2,2,2,0,0,0,0,0,64,2
"0222",1,1,1,1,2,2,1,6,3,200,1,4,52,2
"0222",1,1,2,1,2,2,1,0,0,0,2,4,35,2
"0222",1,1,2,2,1,2,2,0,0,0,0,0,43,1
"0222",1,1,2,2,1,2,1,0,0,0,2,4,35,1
"0222",1,1,1,1,1,2,2,1,1,0,0,0,36,1
"0222",1,1,1,2,1,2,1,2,2,0,2,2,22,1
"0222",1,1,2,1,1,2,2,0,0,0,0,0,56,2
"0222",1,1,2,2,1,2,2,0,0,0,0,0,37,1
"0222",1,1,2,1,2,2,1,0,0,0,2,4,27,1
"0222",1,2,2,2,1,2,2,0,0,0,0,0,58,1
"0222",1,2,2,2,1,2,2,0,0,0,0,0,60,1
"0222",1,2,2,2,1,2,2,0,0,0,0,0,37,1
"0222",1,1,1,2,2,2,1,4,2,0,1,3,60,2
"0222",1,1,1,2,1,2,1,4,1,0,1,3,56,1
"0222",1,1,1,2,2,2,2,3,1,0,0,0,32,2
"0222",1,1,2,1,2,2,1,0,0,0,2,4,47,1
"0222",1,1,2,1,2,2,1,0,0,0,2,4,48,2
"0222",1,1,2,1,2,2,1,0,0,0,2,4,41,1
"0222",1,2,2,2,2,2,1,0,0,0,2,4,54,1
"0222",1,2,2,2,2,2,1,0,0,0,2,4,41,2
"0222",1,2,2,2,1,2,1,0,0,0,2,4,31,1
"0222",1,1,2,1,1,1,1,0,0,0,1,4,63,2
"0222",1,2,2,2,2,2,1,0,0,0,1,4,20,2
"0222",1,2,2,2,2,2,1,0,0,0,2,4,50,1
"0222",1,1,2,1,1,2,2,0,0,0,0,0,47,1
"0222",1,2,2,2,2,2,2,0,0,0,0,0,18,2
"0222",1,1,2,2,1,2,2,0,0,0,0,0,24,1
"0222",1,1,1,2,2,2,2,5,2,0,0,0,77,2
"0222",1,2,2,2,2,2,1,0,0,0,3,1,57,2
"0222",1,1,1,2,1,2,2,4,2,0,0,0,66,2
"0222",1,1,1,2,2,2,1,1,3,1500,2,1,43,2
"0222",1,1,2,2,1,2,1,0,0,0,2,1,27,1
"0222",1,2,2,2,1,2,2,0,0,0,0,0,50,2
"0222",1,2,2,2,2,2,2,0,0,0,0,0,21,1
"0222",1,2,2,2,2,2,2,0,0,0,0,0,66,2
"0222",1,2,2,2,2,2,1,0,0,0,2,4,32,1
"0222",1,1,1,1,1,2,1,1,1,0,1,1,48,2
"0222",1,1,2,1,1,2,2,0,0,0,0,0,61,2
"0222",1,1,1,2,2,2,2,1,2,0,0,0,32,1
"0222",1,2,2,2,2,2,2,0,0,0,0,0,50,1
"0222",1,2,2,2,2,2,1,0,0,0,3,1,33,2
"0222",1,1,2,1,1,2,2,0,0,0,0,0,22,1
"0222",1,1,1,1,2,2,2,4,2,0,0,0,74,2
"0222",1,1,1,1,1,2,2,4,2,0,0,0,33,1
"0222",1,2,2,1,2,2,2,0,0,0,0,0,20,2
"0222",1,1,1,1,2,2,2,5,2,0,0,0,63,2
"0222",1,1,2,2,1,2,2,0,0,0,0,0,60,2
"0222",1,2,2,2,1,2,2,0,0,0,0,0,68,1
"0222",1,1,1,2,2,2,2,4,2,0,0,0,51,1
"0222",1,2,2,2,1,2,2,0,0,0,0,0,19,2
"0222",1,1,1,2,2,2,1,2,3,900,2,2,18,1
"0222",1,1,1,1,2,2,1,1,3,1000,1,1,40,1
"0222",1,2,2,2,1,2,2,0,0,0,0,0,26,1
"0222",1,1,1,2,1,2,1,1,1,0,3,4,54,1
"0222",1,1,1,1,1,2,1,1,2,0,2,1,44,1
"0222",1,1,2,2,2,2,1,0,0,0,1,4,58,1
"0222",1,2,2,1,2,2,2,0,0,0,0,0,43,2
"0222",2,0,0,0,0,0,0,0,0,0,0,0,63,1
"0222",1,1,2,2,2,2,1,0,0,0,2,4,27,1
"0222",1,1,2,1,2,2,1,0,0,0,3,3,22,1
"0222",1,1,2,2,2,2,2,0,0,0,0,0,47,1
"0222",1,1,1,2,2,1,2,4,3,300,0,0,21,2
"0222",1,1,1,1,1,2,2,4,2,0,0,0,43,1
"0222",1,1,1,2,2,2,2,4,3,900,0,0,23,2
"0222",1,1,1,2,2,2,1,4,3,600,2,3,48,2
"0222",1,1,2,2,1,2,1,0,0,0,2,4,58,2
"0222",1,1,2,1,1,2,2,0,0,0,0,0,60,1
"0222",1,1,2,2,2,2,1,0,0,0,1,3,49,2
"0222",1,1,1,2,2,2,2,4,2,0,0,0,53,2
"0222",1,2,2,2,2,2,2,0,0,0,0,0,23,1
"0222",1,1,2,1,1,2,2,0,0,0,0,0,68,1
"0222",1,2,2,2,2,2,2,0,0,0,0,0,91,2
"0222",1,1,1,2,1,2,2,4,2,0,0,0,68,1
"0222",1,1,1,2,1,2,1,1,2,0,3,1,52,1
"0222",1,2,2,2,1,2,2,0,0,0,0,0,64,1
"0222",1,1,1,2,2,2,1,2,2,0,2,2,18,2
"0222",1,1,1,2,1,2,2,4,3,200,0,0,39,1
"0222",1,2,2,2,1,2,2,0,0,0,0,0,38,1
"0222",1,1,2,2,1,2,2,0,0,0,0,0,38,1
"0222",1,2,2,2,2,2,2,0,0,0,0,0,34,2
"0222",1,1,2,2,2,2,2,0,0,0,0,0,63,2
"0222",1,1,1,2,2,2,1,1,2,0,1,3,31,2
"0222",1,1,1,2,2,2,1,4,3,600,1,4,55,2
"0222",1,1,2,2,1,2,1,0,0,0,1,3,37,1
"0222",1,1,2,2,2,2,1,0,0,0,1,3,40,2
"0222",1,1,2,2,2,2,1,0,0,0,1,1,42,1
"0222",1,1,1,1,2,2,1,3,1,0,2,3,39,2
"0222",1,1,2,2,2,2,1,0,0,0,1,3,37,1
"0222",1,1,2,1,1,2,2,0,0,0,0,0,44,2
"0222",1,1,1,2,2,1,2,4,2,0,0,0,38,1
"0222",1,1,1,2,2,2,1,4,3,200,2,3,56,2
"0222",1,1,2,2,2,2,2,0,0,0,0,0,55,2
"0222",1,1,2,2,2,2,1,0,0,0,1,1,62,1
"0222",1,1,1,2,2,2,2,4,1,0,0,0,18,2
"0222",1,1,1,1,1,1,1,1,1,0,2,1,58,1
"0222",1,1,1,2,1,2,1,4,2,0,2,3,32,2
"0222",1,1,2,2,1,2,2,0,0,0,0,0,71,2
"0222",1,1,1,2,2,2,2,1,1,0,0,0,33,2
"0222",1,2,2,2,2,2,2,0,0,0,0,0,47,1
"0222",1,1,2,2,1,2,1,0,0,0,1,3,41,1
"0222",1,1,2,2,2,2,2,0,0,0,0,0,22,1
"0222",1,1,2,2,2,2,1,0,0,0,2,4,34,2
"0222",1,2,2,2,2,2,2,0,0,0,0,0,47,2
"0222",1,1,1,2,2,2,1,2,1,0,2,2,18,1
"0222",1,1,1,1,2,2,1,2,3,250,2,2,19,2
"0222",1,1,2,1,1,2,2,0,0,0,0,0,81,1
"0222",1,1,1,2,1,2,1,4,2,0,2,4,46,2
"0222",1,2,2,2,2,2,2,0,0,0,0,0,31,2
"0222",1,1,1,2,1,2,2,1,2,0,0,0,56,1
"0222",1,1,1,2,2,2,2,1,2,0,0,0,25,2
"0222",1,1,1,2,2,2,2,2,3,2300,0,0,39,2
"0222",1,2,2,2,2,2,2,0,0,0,0,0,68,1
"0222",1,1,2,1,1,2,2,0,0,0,0,0,21,2
"0222",1,1,1,2,2,2,2,4,3,300,0,0,31,1
"0222",1,1,2,1,2,1,2,0,0,0,0,0,18,2
"0222",1,1,1,2,1,2,2,2,1,0,0,0,26,2
"0222",1,1,1,2,2,2,2,4,2,0,0,0,59,2
"0222",1,1,1,2,2,2,2,4,2,0,0,0,92,2
"0222",1,1,2,1,1,2,2,0,0,0,0,0,77,2
"0222",1,1,1,2,2,2,2,4,2,0,0,0,55,2
"0222",1,1,1,2,2,2,2,4,3,500,0,0,57,1
"0222",1,1,1,2,2,2,2,1,2,0,0,0,38,2
"0222",1,1,1,2,2,2,2,2,1,0,0,0,23,2
"0222",1,2,2,2,2,2,2,0,0,0,0,0,70,1
"0222",1,1,1,2,2,2,2,4,2,0,0,0,42,2
"0222",1,2,2,2,1,2,2,0,0,0,0,0,46,1
"0222",1,1,2,2,2,2,2,0,0,0,0,0,40,2
"0222",1,1,2,2,2,2,2,0,0,0,0,0,51,2
"0222",1,1,1,2,2,2,2,3,1,0,0,0,23,1
"0222",1,2,2,2,2,2,2,0,0,0,0,0,29,2
"0222",1,2,2,2,2,2,2,0,0,0,0,0,78,1
"0222",2,0,0,0,0,0,0,0,0,0,0,0,76,2
"0222",1,1,1,2,2,2,2,4,2,0,0,0,47,2
"0222",1,1,2,1,2,2,2,0,0,0,0,0,30,2
"0222",1,2,2,2,2,2,2,0,0,0,0,0,81,1
"0222",1,2,2,1,2,2,2,0,0,0,0,0,39,2
"0222",1,1,1,2,2,2,2,1,2,0,0,0,58,1
"0222",1,1,1,2,2,2,2,5,2,0,0,0,66,1
"0222",1,1,2,2,1,2,2,0,0,0,0,0,69,2
"0222",1,1,1,1,1,1,1,2,1,0,1,3,31,1
"0222",1,1,1,1,1,2,1,4,1,0,2,1,33,2
"0222",1,1,2,2,2,1,1,0,0,0,2,2,23,1
"0222",1,1,2,2,2,2,2,0,0,0,0,0,19,1
"0222",1,1,1,1,2,2,1,4,1,0,5,3,29,1
"0222",1,1,1,1,2,2,1,3,1,0,1,3,66,2
"0222",1,1,1,1,2,2,2,5,2,0,0,0,57,2
"0222",2,0,0,0,0,0,0,0,0,0,0,0,56,2
"0222",1,1,1,1,1,2,1,3,3,1500,2,3,54,1
"0222",2,0,0,0,0,0,0,0,0,0,0,0,51,2
"0222",1,1,1,1,1,1,1,4,2,0,2,1,51,2
"0222",1,1,1,2,1,2,1,4,1,0,2,3,41,2
"0222",1,2,2,2,2,2,1,0,0,0,1,3,53,2
"0222",1,1,1,2,2,2,1,3,3,900,1,3,62,2
"0222",1,1,1,2,2,1,2,4,2,0,0,0,57,2
"0222",2,0,0,0,0,0,0,0,0,0,0,0,71,1
"0222",1,2,2,2,2,2,1,0,0,0,2,2,18,1
"0222",1,1,2,1,2,2,2,0,0,0,0,0,34,1
"0222",1,1,1,2,2,2,2,4,2,0,0,0,65,2
"0222",1,1,1,1,2,2,2,4,2,0,0,0,73,1
"0222",1,1,1,2,2,2,1,3,2,0,2,6,70,1
"0222",1,2,1,1,2,2,1,1,2,0,2,1,27,1
"0222",1,1,1,2,2,1,2,4,3,89,0,0,50,2
"0222",1,1,1,2,2,2,2,3,3,400,0,0,51,1
"0222",1,1,1,1,1,1,1,1,3,8000,3,1,35,1
"0222",1,1,1,2,2,2,1,2,1,0,5,3,22,2
"0222",1,1,1,1,2,2,1,3,3,1200,5,3,53,1
"0222",1,1,1,2,2,1,2,4,2,0,0,0,36,1
"0222",1,1,1,2,2,2,1,2,3,800,1,2,52,1
"0222",1,1,2,2,2,2,1,0,0,0,5,4,39,1
"0222",1,1,2,2,1,2,2,0,0,0,0,0,54,2
"0222",1,1,1,1,2,2,2,4,3,600,0,0,40,1
"0222",1,1,1,1,2,2,1,4,2,0,3,4,36,2
"0222",1,2,2,2,2,2,2,0,0,0,0,0,48,1
"0222",1,1,1,2,2,2,1,1,3,4000,1,1,68,1
"0222",1,2,2,2,2,2,1,0,0,0,2,1,40,1
"0222",1,1,1,1,2,2,2,4,3,1000,0,0,64,2
"0222",1,2,2,2,2,2,1,0,0,0,2,1,28,1
"0222",1,1,1,2,2,2,1,3,2,0,1,4,43,1
"0222",1,1,1,2,2,2,1,4,1,0,3,2,22,2
"0222",1,1,1,1,2,2,2,3,3,200,0,0,69,1
"0222",1,1,1,2,2,2,2,4,3,800,0,0,64,1
"0222",1,1,1,2,2,2,2,3,3,5000,0,0,76,1
"0222",1,1,1,2,2,2,2,5,3,100,0,0,57,2
"0222",1,1,1,2,2,2,2,3,2,0,0,0,49,2
"0222",1,1,2,2,2,2,2,0,0,0,0,0,52,2
"0222",1,2,2,2,2,2,1,0,0,0,1,1,43,1
"0222",1,2,1,2,2,2,2,5,2,0,0,0,57,1
"0222",1,1,2,2,1,2,2,0,0,0,0,0,25,2
"0222",1,1,2,1,2,1,1,0,0,0,2,3,30,1
"0222",1,1,1,1,2,2,2,4,1,0,0,0,20,2
"0222",1,1,1,2,2,2,2,4,2,0,0,0,63,2
"0222",1,1,2,1,2,1,1,0,0,0,1,2,21,2
"0222",1,1,1,2,1,2,1,4,2,0,2,3,28,1
"0222",1,1,2,1,2,2,2,0,0,0,0,0,58,2
"0222",1,1,1,1,1,2,2,4,3,1200,0,0,34,1
"0222",1,2,2,2,2,2,1,0,0,0,1,4,26,2
"0222",1,1,1,2,2,2,1,4,3,300,5,2,29,2
"0222",1,1,1,2,1,2,1,4,3,1500,3,2,44,2
"0222",1,1,1,1,2,2,2,3,2,0,0,0,32,2
"0222",1,1,1,1,2,2,1,3,2,0,3,3,54,1
"0222",1,1,2,2,2,2,1,0,0,0,1,3,64,2
"0222",1,1,1,2,2,2,1,6,3,600,3,3,30,2
"0222",1,2,2,2,2,2,1,0,0,0,2,3,27,1
"0222",1,1,1,1,2,2,1,3,3,600,2,3,55,2
"0222",1,1,2,1,1,2,2,0,0,0,0,0,71,2
"0222",1,1,2,1,2,2,1,0,0,0,1,1,32,1
"0222",1,1,1,2,2,2,1,2,1,0,2,3,21,1
"0222",1,2,2,2,1,2,2,0,0,0,0,0,84,1
"0222",1,2,2,1,1,2,1,0,0,0,2,3,30,1
"0222",1,1,1,1,2,2,1,3,3,2000,1,3,72,1
"0222",1,2,2,2,2,2,2,0,0,0,0,0,37,1
"0222",1,1,1,1,2,1,1,4,3,300,1,4,25,2
"0222",1,1,1,1,2,2,1,3,3,400,2,3,47,1
"0222",1,1,2,1,2,2,2,0,0,0,0,0,61,1
"0222",1,2,2,1,2,2,1,0,0,0,3,3,21,1
"0222",1,1,1,2,2,2,2,4,3,300,0,0,31,2
"0222",1,1,1,2,2,1,1,4,3,1000,1,3,29,1
"0222",1,1,1,2,2,2,1,3,2,0,2,3,33,1
"0222",1,2,1,2,2,2,1,3,2,0,5,3,26,1
"0222",1,1,1,1,2,2,1,3,2,0,5,4,22,2
"0222",1,2,1,2,1,2,1,4,2,0,2,4,66,1
"0222",1,1,1,2,1,2,1,3,1,0,2,3,21,2
"0222",1,1,1,1,1,1,1,1,1,0,1,1,41,1
"0222",1,1,2,2,2,2,2,0,0,0,0,0,48,2
"0222",1,1,1,2,2,2,1,3,2,0,1,5,41,1
"0222",1,1,1,1,2,2,1,1,1,0,1,1,59,1
"0222",1,1,1,2,1,2,1,4,3,10000,2,3,20,2
"0222",1,2,2,2,2,2,1,0,0,0,3,3,28,2
"0222",1,1,1,2,2,2,1,4,2,0,2,4,23,1
"0222",1,2,2,2,2,2,1,0,0,0,2,6,45,2
"0222",1,1,1,1,2,2,1,3,3,1200,2,3,38,2
"0222",1,1,1,2,2,2,1,3,3,4000,1,3,44,1
"0222",1,1,1,1,2,2,1,4,1,0,4,3,22,2
"0222",1,1,2,2,1,2,2,0,0,0,0,0,50,2
"0222",1,2,2,2,2,2,2,0,0,0,0,0,77,2
"0222",1,1,1,1,2,2,1,4,3,300,1,1,32,2
"0222",1,1,2,1,1,2,2,0,0,0,0,0,86,2
"0222",1,1,2,1,2,2,1,0,0,0,2,4,58,2
"0222",1,2,2,2,1,2,2,0,0,0,0,0,48,1
"0222",1,2,2,2,2,2,1,0,0,0,1,3,70,1
"0222",1,2,2,1,2,2,2,0,0,0,0,0,47,1
"0222",1,2,2,2,2,2,2,0,0,0,0,0,27,2
"0222",1,1,1,2,2,2,2,1,1,0,0,0,61,1
"0222",1,1,1,1,2,1,1,4,1,0,1,3,27,1
"0222",1,1,2,2,2,2,1,0,0,0,2,1,35,2
"0222",1,1,1,1,2,2,2,3,2,0,0,0,55,2
"0222",1,1,2,2,1,1,1,0,0,0,2,3,25,1
"0222",1,1,1,2,2,2,2,5,2,0,0,0,71,2
"0222",1,1,1,1,2,1,1,4,3,500,2,3,19,1
"0222",1,2,2,2,2,2,1,0,0,0,1,4,24,2
"0222",1,1,1,2,2,2,1,2,3,6000,1,3,33,1
"0222",1,1,1,2,2,2,2,4,2,0,0,0,44,2
"0222",1,1,1,2,1,2,1,4,2,0,1,4,41,1
"0222",1,2,2,1,2,2,2,0,0,0,0,0,52,2
"0222",1,1,1,1,2,2,1,3,2,0,1,3,24,1
"0222",1,1,1,2,1,2,1,3,2,0,2,3,36,2
"0222",1,2,1,2,2,2,1,3,2,0,2,3,43,1
"0222",1,1,1,2,2,2,1,4,3,200,5,3,49,2
"0222",1,1,1,2,2,2,2,4,2,0,0,0,34,1
"0222",1,1,1,2,1,2,2,4,1,0,0,0,46,2
"0222",1,2,2,1,2,2,2,0,0,0,0,0,44,1
"0222",1,1,2,1,2,2,2,0,0,0,0,0,65,2
"0222",1,1,1,2,2,2,1,6,2,0,1,6,37,2
"0222",1,1,2,1,2,2,1,0,0,0,5,4,26,2
"0222",1,1,2,2,2,2,1,0,0,0,2,6,46,2
"0222",1,1,1,2,2,2,2,5,2,0,0,0,42,2
"0222",1,1,2,1,1,2,2,0,0,0,0,0,21,1
"0222",1,2,2,2,2,2,1,0,0,0,2,4,54,2
"0222",1,1,2,1,2,2,2,0,0,0,0,0,51,2
"0222",1,2,2,2,2,2,1,0,0,0,3,3,39,2
"0222",1,1,1,1,2,2,2,3,2,0,0,0,64,2
"0222",1,1,1,2,2,2,1,3,3,1000,1,3,33,2
"0222",1,1,1,2,2,1,1,4,3,600,3,3,20,2
"0222",1,1,1,2,2,1,1,4,2,0,3,1,45,2
"0222",1,1,1,2,2,2,1,4,3,500,5,4,25,1
"0222",1,1,1,2,2,2,2,4,2,0,0,0,56,2
"0222",1,1,1,2,2,2,2,4,2,0,0,0,69,2
"0222",1,1,2,2,1,2,1,0,0,0,5,3,49,1
"0222",1,1,1,2,2,2,2,4,2,0,0,0,43,2
"0222",1,1,1,1,2,2,1,6,2,0,1,4,38,2
"0222",1,2,1,2,2,2,2,4,3,45,0,0,48,2
"0222",1,1,2,1,1,2,1,0,0,0,2,1,24,1
"0222",1,1,1,1,2,2,2,4,2,0,0,0,30,2
"0222",1,1,1,2,2,2,1,4,2,0,1,1,36,2
"0222",1,2,2,2,2,2,2,0,0,0,0,0,24,1
"0222",1,1,2,1,1,2,1,0,0,0,2,3,36,1
"0222",1,1,1,2,2,1,1,4,3,1600,5,2,44,2
"0222",1,1,1,2,2,1,1,2,3,550,2,2,20,2
"0222",1,1,1,2,2,2,2,4,3,800,0,0,25,2
"0222",1,1,1,2,1,2,2,3,3,20,0,0,67,2
"0222",1,1,1,1,2,2,1,5,3,200,2,5,38,2
"0222",1,1,1,1,1,2,1,3,2,0,4,1,38,1
"0222",1,1,1,2,2,2,2,4,2,0,0,0,61,2
"0222",1,2,2,2,1,2,2,0,0,0,0,0,24,1
"0222",1,1,1,2,2,2,2,5,2,0,0,0,76,2
"0222",1,1,1,2,2,2,1,4,1,0,1,4,67,1
"0222",1,1,1,2,2,2,1,2,2,0,2,3,22,2
"0222",1,1,2,1,2,2,1,0,0,0,1,3,39,2
"0222",1,1,1,2,2,2,2,4,2,0,0,0,85,1
"0222",1,1,1,2,2,2,1,3,2,0,1,3,70,2
"0222",1,1,1,2,2,2,2,5,2,0,0,0,65,2
"0222",1,1,2,2,2,2,1,0,0,0,1,4,29,2
"0222",1,1,1,2,2,2,2,5,3,300,0,0,49,1
"0222",1,2,1,2,2,2,1,3,3,150,2,3,31,2
"0222",1,1,2,2,2,2,1,0,0,0,2,3,56,1
"0222",1,1,2,2,2,2,1,0,0,0,2,3,72,1
"0222",1,1,1,2,2,2,1,5,2,0,1,3,43,2
"0222",1,1,1,2,2,1,1,2,1,0,2,2,20,1
"0222",1,1,1,1,2,2,1,2,1,0,1,2,24,2
"0222",1,1,1,1,1,2,1,3,3,450,5,3,82,1
"0222",1,1,1,1,2,2,1,4,2,0,5,4,49,1
"0222",1,1,1,2,2,2,2,5,2,0,0,0,32,2
"0222",1,1,1,2,2,2,2,4,2,0,0,0,43,1
"0222",1,1,1,2,1,2,1,4,2,0,2,4,42,1
"0222",1,1,1,1,2,2,1,3,2,0,5,3,36,1
"0222",1,1,1,1,1,2,1,1,1,0,1,3,63,2
"0222",1,1,2,2,2,2,1,0,0,0,1,4,40,2
"0222",1,2,1,2,2,2,1,4,3,10,1,4,25,2
"0222",1,1,2,1,1,2,2,0,0,0,0,0,30,2
"0222",1,1,2,2,2,1,2,0,0,0,0,0,38,2
"0222",2,0,0,0,0,0,0,0,0,0,0,0,75,1
"0222",1,1,1,2,2,2,2,4,2,0,0,0,62,2
"0222",1,1,1,2,2,2,1,3,2,0,5,4,67,2
"0222",1,1,1,1,2,2,1,4,3,500,1,4,43,2
"0222",1,1,2,2,2,2,1,0,0,0,1,4,34,1
"0222",1,1,1,2,2,2,2,4,2,0,0,0,22,1
"0222",1,1,2,2,2,2,1,0,0,0,1,3,23,1
"0222",1,1,1,1,1,2,1,4,3,1000,1,3,46,2
"0222",1,1,1,2,2,2,1,4,2,0,1,3,67,1
"0222",1,1,1,2,2,2,1,2,3,300,1,4,25,2
"0222",1,1,1,2,2,2,1,3,3,500,2,3,43,2
"0222",1,1,1,2,2,2,2,3,2,0,0,0,64,2
"0222",1,1,1,1,2,2,1,3,3,800,2,3,35,1
"0222",1,1,1,2,2,2,1,4,3,600,2,3,31,1
"0222",1,1,2,2,2,2,1,0,0,0,5,6,51,2
"0222",1,1,2,2,2,2,1,0,0,0,1,4,36,1
"0222",1,1,2,2,2,2,1,0,0,0,1,4,35,1
"0222",1,1,2,2,2,2,1,0,0,0,2,4,46,1
"0222",1,1,1,2,2,2,1,4,3,100,1,4,25,2
"0222",1,1,1,1,2,2,1,4,2,0,1,4,28,2
"0222",1,1,1,2,2,2,1,2,3,200,2,4,40,2
"0222",1,2,2,1,2,2,2,0,0,0,0,0,37,1
"0222",1,1,2,1,2,2,2,0,0,0,0,0,54,2
"0222",1,1,1,2,2,2,2,4,2,0,0,0,30,1
"0222",1,1,1,1,1,2,2,3,2,0,0,0,48,1
"0222",1,1,1,2,2,2,1,4,1,0,1,3,35,1
"0222",1,2,1,1,2,2,2,2,2,0,0,0,64,2
"0222",1,1,1,2,2,2,1,4,1,0,2,3,59,2
"0222",1,1,1,1,2,2,2,5,2,0,0,0,37,1
"0222",2,0,0,0,0,0,0,0,0,0,0,0,86,2
"0222",1,1,2,2,1,2,2,0,0,0,0,0,27,1
"0222",1,1,1,2,2,2,2,4,2,0,0,0,38,2
"0222",1,1,1,2,2,2,2,6,2,0,0,0,33,1
"0222",1,1,1,2,2,2,2,4,2,0,0,0,64,1
"0222",1,1,1,1,1,2,2,4,3,250,0,0,63,1
"0222",1,1,1,2,2,2,1,3,1,0,2,5,31,2
"0222",1,1,1,2,2,2,1,4,3,100,2,4,59,2
"0222",1,1,2,1,2,2,1,0,0,0,2,4,56,1
"0222",1,1,1,2,2,2,1,4,3,70,2,2,35,2
"0222",1,1,1,2,2,2,2,4,2,0,0,0,65,1
"0222",1,1,1,2,1,2,1,4,1,0,1,4,39,2
"0222",1,1,1,2,2,2,2,3,2,0,0,0,58,1
"0222",1,1,1,2,2,2,1,5,2,0,2,5,60,1
"0222",1,1,2,2,2,2,1,0,0,0,1,3,35,2
"0222",1,1,1,1,2,2,1,1,3,180,2,4,55,2
"0222",1,1,1,1,2,2,1,4,3,600,2,4,30,2
"0222",1,1,1,2,2,1,2,2,3,300,0,0,18,1
"0222",1,1,1,2,1,2,1,1,3,3000,1,3,38,2
"0222",1,1,1,2,2,2,2,4,3,50,0,0,65,2
"0222",1,1,2,2,2,2,1,0,0,0,1,3,43,2
"0222",1,1,1,2,2,2,1,4,2,0,2,4,42,1
"0222",1,1,1,2,2,2,1,3,2,0,2,3,37,2
"0222",1,1,1,2,2,2,1,4,2,0,1,4,19,2
"0222",1,1,1,2,2,2,2,3,2,0,0,0,68,1
"0222",1,1,1,2,2,2,2,4,1,0,0,0,23,2
"0222",1,2,2,2,2,2,2,0,0,0,0,0,71,2
"0222",1,1,2,2,2,2,1,0,0,0,1,4,26,1
"0222",1,1,1,2,1,2,2,5,2,0,0,0,42,1
"0222",1,1,2,2,1,2,1,0,0,0,3,4,66,2
"0222",1,1,1,1,1,2,1,4,3,150,5,3,50,1
"0222",1,1,1,1,1,2,2,4,3,100,0,0,56,1
"0222",1,1,1,2,2,2,2,4,3,500,0,0,43,1
"0222",1,1,1,2,1,2,1,4,2,0,5,3,44,2
"0222",1,1,1,2,1,2,2,3,2,0,0,0,72,1
"0222",1,1,2,2,2,2,1,0,0,0,1,2,36,2
"0222",1,1,1,2,2,2,1,5,2,0,2,4,52,1
"0222",2,0,0,0,0,0,0,0,0,0,0,0,68,2
"0222",1,1,1,2,2,2,2,4,1,0,0,0,64,2
"0222",1,1,2,1,2,1,1,0,0,0,2,4,24,1
"0222",1,1,1,1,1,2,1,3,3,999999,2,1,57,2
"0222",1,1,2,2,2,2,1,0,0,0,2,6,64,1
"0222",1,1,1,1,2,2,1,3,3,600,1,3,59,1
"0222",1,1,1,2,2,2,1,4,3,300,2,1,33,1
"0222",1,1,2,2,1,2,2,0,0,0,0,0,40,1
"0222",1,1,1,2,2,2,1,3,2,0,5,3,42,2
"0222",1,1,1,2,1,2,2,4,2,0,0,0,59,2
"0222",1,1,1,1,2,2,1,4,3,500,1,4,20,1
"0222",2,0,0,0,0,0,0,0,0,0,0,0,81,2
"0222",1,1,1,2,2,2,1,2,1,0,1,4,20,2
"0222",2,0,0,0,0,0,0,0,0,0,0,0,53,2
"0222",1,1,1,2,2,2,2,5,2,0,0,0,68,2
"0222",1,1,2,2,2,2,1,0,0,0,1,3,36,1
"0222",1,1,2,1,2,2,2,0,0,0,0,0,47,2
"0222",1,2,2,1,2,2,2,0,0,0,0,0,57,1
"0222",1,1,1,1,1,2,1,2,3,2500,2,2,28,2
"0222",1,1,1,2,2,2,1,4,3,300,2,3,38,1
"0222",1,1,1,1,2,2,2,4,2,0,0,0,59,2
"0222",1,1,1,2,2,2,1,1,3,1700,2,1,37,2
"0222",2,0,0,0,0,0,0,0,0,0,0,0,54,1
"0222",1,1,1,2,2,2,2,4,2,0,0,0,68,1
"0222",1,1,1,2,2,2,2,4,3,300,0,0,18,2
"0222",1,2,2,2,2,2,2,0,0,0,0,0,33,1
"0222",1,1,1,2,2,2,2,4,2,0,0,0,29,1
"0222",1,1,1,2,2,2,2,2,1,0,0,0,33,2
"0222",1,1,1,1,2,2,2,1,1,0,0,0,29,1
"0222",1,1,1,1,1,1,1,2,3,999999,1,1,39,1
"0222",1,1,2,2,1,2,2,0,0,0,0,0,51,1
"0222",1,1,1,2,2,2,2,4,3,1200,0,0,29,2
"0222",1,2,1,2,2,2,2,6,2,0,0,0,43,2
"0222",1,2,2,2,2,2,2,0,0,0,0,0,22,2
"0222",1,1,1,1,2,2,2,3,2,0,0,0,41,1
"0222",1,1,1,2,1,2,2,3,1,0,0,0,62,1
"0222",1,1,1,2,2,2,1,3,3,350,2,1,20,1
"0222",1,1,1,1,2,2,1,3,1,0,2,1,34,1
"0222",1,1,1,2,1,2,1,4,3,400,5,4,38,2
"0222",1,1,1,2,2,2,2,3,3,390,0,0,57,1
"0222",1,1,1,2,2,2,1,2,3,780,2,2,19,1
"0222",1,1,1,1,2,2,1,3,2,0,2,2,34,2
"0222",1,1,1,2,2,2,2,3,2,0,0,0,35,2
"0222",2,0,0,0,0,0,0,0,0,0,0,0,85,2
"0222",1,1,1,2,2,2,2,3,1,0,0,0,43,1
"0222",1,1,1,2,2,2,2,4,1,0,0,0,30,1
"0222",1,1,1,2,2,2,2,4,2,0,0,0,68,2
"0222",1,1,1,2,2,2,1,3,3,1500,1,3,29,1
"0222",1,2,2,2,1,2,1,0,0,0,2,4,45,1
"0222",1,1,2,1,2,2,2,0,0,0,0,0,68,2
"0222",1,1,1,1,2,2,2,4,2,0,0,0,72,1
"0222",1,1,1,2,2,2,2,5,2,0,0,0,74,2
"0222",1,1,2,2,2,2,1,0,0,0,2,4,54,2
"0222",1,1,2,1,2,2,1,0,0,0,2,3,61,1
"0222",1,1,2,1,1,2,2,0,0,0,0,0,55,2
"0222",1,1,1,1,1,2,1,3,2,0,1,4,62,2
"0222",1,1,2,2,2,2,2,0,0,0,0,0,25,2
"0222",1,1,1,2,1,2,2,4,3,120000,0,0,29,1
"0222",1,1,2,1,2,2,1,0,0,0,2,3,39,1
"0222",1,1,1,1,2,2,1,1,1,0,3,1,44,1
"0222",1,1,1,2,2,2,1,3,2,0,1,3,51,2
"0222",1,1,2,2,2,2,1,0,0,0,3,1,56,1
"0222",1,1,1,1,2,2,1,4,2,0,3,2,22,2
"0222",1,1,2,2,2,2,1,0,0,0,1,1,33,2
"0222",1,1,1,2,2,2,1,2,1,0,2,3,22,2
"0222",1,1,1,2,1,2,1,1,3,900,2,2,25,1
"0222",1,1,1,1,2,2,2,4,3,120,0,0,48,2
"0222",1,1,2,1,2,2,2,0,0,0,0,0,48,2
"0222",1,1,2,2,2,2,2,0,0,0,0,0,47,2
"0222",1,1,2,2,2,2,2,0,0,0,0,0,18,2
"0222",1,1,1,1,1,2,1,1,2,0,2,1,43,2
"0222",1,1,2,1,1,2,2,0,0,0,0,0,53,1
"0222",1,1,1,2,2,2,1,1,3,999999,2,1,61,2
"0222",1,1,1,2,2,1,1,4,3,299,2,4,21,1
"0222",1,2,2,2,2,2,2,0,0,0,0,0,26,1
"0222",1,1,1,2,2,1,1,4,1,0,1,4,39,2
"0222",1,2,2,2,2,2,1,0,0,0,2,3,67,1
"0222",1,2,2,1,2,2,1,0,0,0,2,4,38,2
"0222",1,1,1,2,1,2,1,4,1,0,1,3,27,1
"0222",1,1,1,2,2,2,2,4,3,450,0,0,56,1
"0222",1,1,1,1,1,2,2,3,1,0,0,0,38,2
"0222",1,1,1,2,2,2,1,3,3,600,2,3,71,2
"0222",1,1,1,2,2,2,1,4,2,0,2,2,36,2
"0222",1,1,1,2,2,2,2,1,2,0,0,0,29,2
"0222",1,1,2,1,2,2,2,0,0,0,0,0,43,1
"0222",1,1,1,1,2,2,2,5,3,999999,0,0,44,1
"0222",1,1,2,2,2,2,1,0,0,0,1,2,24,2
"0222",1,2,2,2,2,2,1,0,0,0,2,4,28,1
"0222",1,1,1,2,2,2,1,3,1,0,2,3,31,1
"0222",1,1,2,1,1,2,2,0,0,0,0,0,33,1
"0222",2,0,0,0,0,0,0,0,0,0,0,0,65,2
"0222",1,1,1,2,2,2,2,4,1,0,0,0,44,2
"0222",1,1,1,1,2,2,1,4,3,300,5,1,36,2
"0222",1,1,2,2,2,2,2,0,0,0,0,0,53,1
"0222",1,1,2,2,2,2,1,0,0,0,2,4,68,1
"0222",1,1,1,2,2,2,2,4,3,300,0,0,65,2
"0222",1,1,1,2,1,2,1,4,2,0,2,4,24,2
"0222",1,1,1,1,1,2,2,4,2,0,0,0,34,2
"0222",1,1,1,1,1,1,1,4,2,0,2,3,27,1
"0222",1,2,2,2,2,1,1,0,0,0,2,1,37,1
"0222",1,1,2,1,2,2,1,0,0,0,2,4,31,2
"0222",1,1,1,1,2,2,1,3,3,60,5,3,36,2
"0222",1,2,2,1,1,2,2,0,0,0,0,0,40,1
"0222",1,1,2,1,1,2,1,0,0,0,5,4,49,1
"0222",1,1,1,2,2,2,2,3,3,2500,0,0,29,2
"0222",1,1,1,2,2,2,2,4,1,0,0,0,57,1
"0222",1,1,1,2,2,2,2,5,2,0,0,0,54,2
"0222",1,1,1,2,2,2,2,4,3,650,0,0,21,1
"0222",1,1,1,2,2,2,2,4,3,500,0,0,33,2
"0222",1,1,2,2,2,2,2,0,0,0,0,0,53,2
"0222",1,2,1,2,2,2,2,4,2,0,0,0,35,1
"0222",1,1,1,2,1,2,2,5,3,960,0,0,46,1
"0222",1,1,1,1,2,2,2,4,1,0,0,0,23,2
"0222",1,1,1,2,2,2,2,4,3,400,0,0,24,1
"0222",1,1,1,1,1,2,1,3,3,3500,2,4,31,1
"0222",2,0,0,0,0,0,0,0,0,0,0,0,50,1
"0222",1,2,1,1,2,1,1,2,3,50000,3,3,28,1
"0222",1,1,2,1,1,2,1,0,0,0,4,3,38,1
"0222",1,1,1,2,2,2,2,4,2,0,0,0,58,2
"0222",1,1,1,2,2,2,2,3,3,400,0,0,59,2
"0222",1,1,1,2,2,2,2,2,2,0,0,0,36,1
"0222",1,1,1,2,2,2,2,5,3,400,0,0,57,2
"0222",1,1,1,2,2,2,1,5,3,650,5,4,36,2
"0222",1,1,1,2,2,2,2,3,3,1100,0,0,35,2
"0222",1,1,1,1,2,2,1,4,3,500,2,2,27,1
"0222",1,1,1,1,2,2,2,4,3,1900,0,0,30,1
"0222",1,1,1,1,1,2,2,4,3,500,0,0,37,1
"0222",1,1,1,2,1,2,2,3,3,200,0,0,72,2
"0222",1,2,2,2,1,2,1,0,0,0,1,4,40,1
"0222",1,1,1,1,1,2,2,4,2,0,0,0,64,2
"0222",1,1,1,2,1,2,2,4,2,0,0,0,59,1
"0222",1,1,1,2,2,2,2,4,2,0,0,0,27,2
"0222",1,2,2,2,1,2,2,0,0,0,0,0,52,2
"0222",1,1,2,1,1,2,2,0,0,0,0,0,56,1
"0222",1,1,2,2,1,2,2,0,0,0,0,0,32,2
"0222",1,1,1,2,2,2,1,3,3,500,2,3,48,1
"0222",1,1,2,2,2,2,1,0,0,0,5,4,31,1
"0222",1,1,2,2,1,2,2,0,0,0,0,0,29,1
"0222",1,1,2,2,1,2,2,0,0,0,0,0,72,2
"0222",1,1,2,2,2,2,2,0,0,0,0,0,72,2
"0222",1,1,1,2,1,2,2,4,2,0,0,0,49,2
"0222",1,1,1,2,2,2,2,5,2,0,0,0,49,2
"0222",1,1,2,2,1,2,2,0,0,0,0,0,26,1
"0222",1,1,2,1,1,2,2,0,0,0,0,0,65,2
"0222",1,1,1,2,2,2,1,3,1,0,1,3,29,1
"0222",1,1,1,2,2,2,2,3,2,0,0,0,45,2
"0222",1,1,2,1,1,2,2,0,0,0,0,0,59,2
"0222",1,1,1,1,1,2,1,3,3,200,2,3,53,2
"0222",1,1,1,1,1,2,1,4,3,300,2,3,59,1
"0222",1,1,1,1,1,2,2,4,2,0,0,0,68,1
"0222",1,1,1,1,1,2,1,1,2,0,2,1,37,1
"0222",1,1,2,2,2,2,1,0,0,0,2,1,36,1
"0222",1,1,1,2,2,2,1,2,2,0,2,3,25,2
"0222",1,1,1,2,2,2,1,3,3,1600,2,2,20,1
"0222",1,1,1,1,1,2,2,4,2,0,0,0,85,2
"0222",1,1,2,2,2,2,2,0,0,0,0,0,67,1
"0222",1,1,2,1,1,2,2,0,0,0,0,0,75,2
"0222",1,1,1,2,2,2,1,1,1,0,1,1,22,1
"0222",1,2,1,2,2,1,1,3,2,0,1,4,24,1
"0222",1,1,1,2,2,2,1,4,2,0,2,1,28,2
"0222",1,1,2,1,2,2,1,0,0,0,5,3,54,2
"0222",1,1,1,2,2,2,1,3,3,700,2,2,33,2
"0222",1,1,1,2,2,2,1,1,2,0,2,3,57,2
"0222",1,2,2,2,2,2,1,0,0,0,2,3,20,1
"0222",1,2,2,2,2,2,1,0,0,0,1,3,55,1
"0222",1,1,1,1,1,1,1,5,3,350,3,3,38,2
"0222",1,1,2,2,2,2,1,0,0,0,5,4,46,2
"0222",1,1,2,2,2,2,2,0,0,0,0,0,27,1
"0222",1,1,1,1,2,1,1,1,2,0,1,3,50,2
"0222",1,2,2,2,2,2,2,0,0,0,0,0,25,1
"0222",1,1,1,1,1,1,2,3,2,0,0,0,82,1
"0222",1,1,2,1,1,2,1,0,0,0,1,3,74,1
"0222",1,1,1,1,2,1,1,5,2,0,5,3,63,2
"0222",1,1,1,2,2,2,2,4,3,200,0,0,36,2
"0222",1,1,2,2,2,2,1,0,0,0,1,1,44,1
"0222",1,1,2,2,2,2,2,0,0,0,0,0,37,2
"0222",1,1,1,2,2,2,2,2,2,0,0,0,22,1
"0222",1,2,2,1,2,2,1,0,0,0,1,4,30,1
"0222",1,1,1,2,2,2,1,3,1,0,2,1,50,1
"0222",1,1,1,1,1,2,1,1,3,500,2,1,49,1
"0222",1,1,1,2,2,2,2,3,2,0,0,0,32,1
"0222",1,1,2,2,1,2,2,0,0,0,0,0,57,1
"0222",1,1,2,1,2,2,2,0,0,0,0,0,56,1
"0222",1,1,1,2,2,2,1,3,2,0,1,3,30,2
"0222",1,1,1,2,2,2,2,4,2,0,0,0,40,2
"0222",1,1,1,2,2,2,1,4,2,0,1,2,39,2
"0222",1,1,1,2,2,2,1,3,3,250,5,1,61,1
"0222",1,1,1,1,1,1,1,3,2,0,2,4,40,1
"0222",1,1,1,1,2,2,1,2,2,0,2,3,40,2
"0222",1,1,1,1,1,1,1,1,1,0,3,1,43,2
"0222",1,1,2,1,2,2,1,0,0,0,2,4,30,2
"0222",1,1,1,2,2,2,1,4,3,370,2,1,26,1
"0222",1,1,1,2,1,2,1,4,2,0,5,4,49,1
"0222",2,0,0,0,0,0,0,0,0,0,0,0,52,2
"0222",1,2,2,2,2,2,2,0,0,0,0,0,20,1
"0222",1,1,1,2,1,2,2,3,2,0,0,0,34,1
"0222",1,1,1,2,2,2,1,3,2,0,5,3,71,2
"0222",1,1,1,2,2,2,1,4,3,500,2,4,58,2
"0222",1,1,2,2,1,2,1,0,0,0,5,4,27,2
"0222",1,1,1,1,1,2,2,5,2,0,0,0,48,1
"0222",1,1,2,2,2,1,1,0,0,0,2,4,43,1
"0222",1,2,2,2,2,2,1,0,0,0,5,1,21,1
"0222",1,2,1,1,2,1,2,1,3,350,0,0,22,1
"0222",1,1,1,1,2,2,2,3,3,20,0,0,48,2
"0222",1,2,1,2,2,2,2,5,2,0,0,0,63,2
"0222",1,1,2,1,2,2,1,0,0,0,1,4,37,1
"0222",1,1,1,2,1,2,1,2,2,0,5,4,55,1
"0222",1,1,1,2,1,2,2,4,1,0,0,0,21,1
"0222",1,1,1,2,2,2,1,2,3,2000,2,2,21,2
"0222",1,1,1,2,1,2,2,2,1,0,0,0,32,2
"0222",1,1,1,2,2,2,1,1,1,0,1,1,25,2
"0222",1,2,2,2,2,2,1,0,0,0,5,3,39,2
"0222",1,1,2,1,1,2,2,0,0,0,0,0,54,2
"0222",1,1,2,1,2,2,1,0,0,0,5,3,27,2
"0222",1,1,1,1,2,2,2,4,2,0,0,0,40,2
"0222",1,1,2,1,2,2,2,0,0,0,0,0,55,2
"0222",1,1,2,2,2,2,1,0,0,0,5,3,39,2
"0222",1,1,2,1,1,2,1,0,0,0,5,4,38,1
"0222",1,1,2,2,1,2,1,0,0,0,2,4,39,2
"0222",1,1,1,2,2,2,2,5,2,0,0,0,33,2
"0222",1,2,1,1,1,2,2,4,2,0,0,0,26,1
"0222",1,1,1,2,2,2,2,5,2,0,0,0,62,2
"0222",1,1,1,2,2,2,2,4,2,0,0,0,71,2
"0222",1,1,2,1,2,2,1,0,0,0,1,4,43,1
"0222",1,1,1,1,1,2,2,4,2,0,0,0,54,1
"0222",1,1,1,2,1,2,1,5,1,0,2,5,44,1
"0222",1,1,2,1,1,2,1,0,0,0,2,3,44,2
"0222",1,1,1,2,2,2,1,2,3,2000,1,2,20,2
"0222",1,2,2,2,1,2,2,0,0,0,0,0,43,1
"0222",1,1,2,1,2,2,1,0,0,0,1,5,45,2
"0222",1,1,1,2,2,2,2,4,2,0,0,0,22,2
"0222",1,1,1,2,1,2,2,3,3,300,0,0,61,1
"0222",1,1,2,2,2,2,1,0,0,0,2,3,20,2
"0222",1,2,2,1,1,2,2,0,0,0,0,0,70,2
"0222",1,1,2,1,1,2,1,0,0,0,5,1,22,1
"0222",1,1,1,1,2,2,1,5,1,0,1,5,40,2
"0222",1,1,1,2,2,2,2,5,2,0,0,0,47,2
"0222",1,1,2,2,1,2,2,0,0,0,0,0,60,1
"0222",1,1,1,1,2,2,2,5,3,600,0,0,61,2
"0222",1,1,1,2,2,2,2,3,2,0,0,0,44,2
"0222",1,1,1,2,2,2,1,2,3,800,2,3,31,2
"0222",1,1,1,2,2,2,2,4,3,5000,0,0,27,1
"0222",1,1,2,2,2,2,1,0,0,0,2,3,54,2
"0222",1,1,1,1,2,2,1,5,3,999999,2,3,34,2
"0222",1,2,2,1,2,2,2,0,0,0,0,0,51,2
"0222",1,1,2,2,2,2,2,0,0,0,0,0,57,2
"0222",1,2,2,2,1,2,2,0,0,0,0,0,45,1
"0222",1,1,2,2,2,2,1,0,0,0,1,3,47,2
"0222",1,1,1,1,1,2,1,3,1,0,1,3,55,1
"0222",1,1,1,2,2,2,1,3,2,0,1,1,45,1
"0222",1,1,2,2,1,2,2,0,0,0,0,0,31,1
"0222",1,2,2,2,2,2,1,0,0,0,2,4,21,2
"0222",1,1,1,2,2,2,2,3,3,350,0,0,57,1
"0222",1,1,2,1,1,2,2,0,0,0,0,0,53,2
"0222",1,1,1,2,1,1,1,4,3,2000,1,4,22,2
"0222",1,1,1,2,2,2,1,4,3,1500,1,4,24,2
"0222",1,1,2,1,2,1,2,0,0,0,0,0,21,1
"0222",1,1,1,2,2,1,1,4,1,0,1,4,19,2
"0222",1,2,1,2,2,2,2,4,2,0,0,0,23,1
"0222",1,1,1,2,2,2,2,4,3,30,0,0,42,2
"0222",1,1,1,2,1,2,1,3,2,0,1,3,40,1
"0222",1,1,1,1,1,2,1,4,3,1200,1,3,67,1
"0222",1,2,2,2,2,2,2,0,0,0,0,0,60,1
"0222",1,1,1,1,1,1,1,5,2,0,5,3,43,2
"0222",1,1,1,1,1,2,2,4,3,200,0,0,32,2
"0222",1,2,2,2,2,2,2,0,0,0,0,0,38,1
"0222",1,1,2,2,2,2,2,0,0,0,0,0,42,1
"0222",1,2,2,2,2,2,1,0,0,0,5,4,66,2
"0222",1,1,1,2,2,2,2,5,2,0,0,0,73,2
"0222",1,1,2,1,2,2,1,0,0,0,2,1,54,2
"0222",1,1,1,1,2,2,2,2,2,0,0,0,23,2
"0222",1,1,1,1,1,2,1,4,2,0,1,4,21,1
"0222",1,1,1,1,2,2,1,4,3,800,1,4,22,1
"0222",1,1,1,2,2,2,2,5,2,0,0,0,86,2
"0222",1,1,1,2,2,2,2,4,3,100,0,0,26,2
"0222",1,1,2,2,1,2,2,0,0,0,0,0,66,1
"0222",1,1,2,1,2,1,2,0,0,0,0,0,34,1
"0222",1,1,2,2,2,1,1,0,0,0,5,1,27,1
"0222",1,1,2,1,1,2,1,0,0,0,5,4,19,2
"0222",1,2,2,2,2,2,1,0,0,0,2,1,60,1
"0222",1,1,2,1,2,2,1,0,0,0,1,3,44,2
"0222",1,1,2,2,2,2,1,0,0,0,5,4,26,1
"0222",1,1,2,2,2,2,1,0,0,0,2,4,30,2
"0222",1,1,1,2,2,2,1,3,3,300,1,1,28,2
"0222",1,1,2,1,1,1,2,0,0,0,0,0,60,2
"0222",1,1,1,2,2,2,1,1,2,0,2,1,53,1
"0222",1,1,2,1,2,2,1,0,0,0,5,4,34,2
"0222",1,1,1,1,1,2,1,2,3,5000,1,4,42,1
"0222",1,1,1,2,2,1,2,4,3,999999,0,0,55,2
"0222",1,1,1,1,1,1,2,3,1,0,0,0,63,2
"0222",1,1,1,2,2,2,1,4,3,1500,5,1,31,2
"0222",1,1,2,2,2,2,1,0,0,0,5,3,36,2
"0222",1,1,2,2,1,2,1,0,0,0,2,4,44,2
"0222",1,1,1,2,2,2,2,4,2,0,0,0,75,2
"0222",1,1,1,1,1,2,1,4,2,0,2,3,35,2
"0222",1,1,1,2,2,2,2,1,1,0,0,0,56,2
"0222",1,1,1,2,2,2,1,6,3,875,2,6,52,2
"0222",1,1,2,2,2,1,2,0,0,0,0,0,33,1
"0222",1,2,2,2,2,2,1,0,0,0,2,3,29,2
"0222",1,2,2,2,2,2,1,0,0,0,2,3,41,2
"0222",1,1,1,2,2,2,1,4,3,1500,3,3,38,2
"0222",1,1,2,1,1,2,2,0,0,0,0,0,28,2
"0222",1,1,1,2,2,2,1,1,1,0,2,1,54,2
"0222",1,1,1,1,2,2,2,4,2,0,0,0,45,2
"0222",1,1,2,1,2,2,1,0,0,0,1,1,56,1
"0222",1,2,1,2,2,2,2,2,1,0,0,0,21,2
"0222",1,2,2,2,2,2,1,0,0,0,2,6,66,2
"0222",1,1,1,1,2,2,1,4,2,0,1,3,53,2
"0222",1,1,1,2,2,2,1,6,2,0,5,6,36,2
"0222",1,2,2,2,2,2,1,0,0,0,2,4,21,1
"0222",1,1,1,2,2,2,1,6,2,0,2,6,32,1
"0222",1,2,1,2,2,2,1,6,2,0,2,6,46,1
"0222",1,1,2,2,2,2,2,0,0,0,0,0,58,2
"0222",1,1,1,2,2,1,2,4,2,0,0,0,70,1
"0222",1,1,1,2,2,2,2,5,3,50,0,0,69,2
"0222",1,2,2,2,2,1,1,0,0,0,1,3,27,1
"0222",1,1,1,2,2,2,1,6,2,0,2,6,38,2
"0222",1,2,2,2,2,2,2,0,0,0,0,0,79,2
"0222",1,1,1,1,1,1,1,3,1,0,1,2,23,1
"0222",1,1,2,1,2,2,2,0,0,0,0,0,60,2
"0222",1,1,1,2,2,1,1,4,1,0,1,4,32,1
"0222",1,1,1,2,2,2,2,1,2,0,0,0,62,2
"0222",1,1,1,1,2,2,2,5,2,0,0,0,66,2
"0222",1,1,1,2,2,2,2,5,2,0,0,0,69,2
"0222",1,1,1,2,2,2,2,4,2,0,0,0,79,1
"0222",1,1,1,1,2,2,2,5,2,0,0,0,59,1
"0222",1,1,2,1,1,2,2,0,0,0,0,0,69,1
"0222",1,1,1,1,2,2,1,4,2,0,1,4,29,2
"0222",1,2,2,2,2,2,1,0,0,0,1,3,49,2
"0222",1,1,1,2,2,2,2,4,2,0,0,0,31,2
"0222",1,1,1,1,2,2,1,3,1,0,2,3,63,2
"0222",2,0,0,0,0,0,0,0,0,0,0,0,32,1
"0222",1,2,1,2,2,2,2,4,2,0,0,0,33,2
"0222",1,1,1,2,2,2,1,4,1,0,2,4,50,2
"0222",1,1,1,2,2,2,1,3,1,0,2,3,43,2
"0222",1,2,2,1,2,2,2,0,0,0,0,0,47,2
"0222",1,1,1,1,2,2,2,5,2,0,0,0,50,2
"0222",1,2,2,1,2,2,1,0,0,0,2,4,41,2
"0222",1,1,1,1,2,2,1,2,2,0,1,2,24,1
"0222",2,0,0,0,0,0,0,0,0,0,0,0,69,1
"0222",1,2,2,2,2,2,2,0,0,0,0,0,40,1
"0222",1,1,1,2,2,2,1,4,2,0,3,4,49,2
"0222",1,1,1,2,2,2,1,3,2,0,3,4,50,2
"0222",1,2,2,1,2,2,1,0,0,0,2,4,53,2
"0222",1,2,2,1,2,2,2,0,0,0,0,0,25,2
"0222",1,1,1,2,1,2,1,3,2,0,2,4,64,1
"0222",1,2,1,2,2,2,2,4,2,0,0,0,72,2
"0222",1,1,1,2,2,2,2,4,3,999999,0,0,61,1
"0222",1,1,1,2,2,2,2,2,3,480,0,0,21,1
"0222",1,1,1,2,2,2,2,4,2,0,0,0,37,1
"0222",1,1,1,2,2,2,2,4,3,800,0,0,70,1
"0222",1,1,1,2,2,2,2,4,2,0,0,0,82,1
"0222",1,1,1,2,2,2,2,1,3,1200,0,0,56,2
"0222",1,1,1,2,2,2,2,5,2,0,0,0,64,2
"0222",1,1,1,2,2,2,1,1,2,0,2,3,28,2
"0222",1,1,1,2,2,2,2,5,2,0,0,0,55,2
"0222",1,2,2,2,2,2,1,0,0,0,2,3,22,1
"0222",1,2,2,2,1,2,1,0,0,0,2,3,37,2
"0222",1,1,2,2,2,2,2,0,0,0,0,0,44,1
"0222",1,1,1,2,2,2,2,2,2,0,0,0,30,1
"0222",1,1,1,1,2,2,2,1,1,0,0,0,41,2
"0222",1,1,1,1,2,2,2,1,1,0,0,0,42,1
"0222",1,1,1,2,2,2,1,3,1,0,1,3,31,2
"0222",1,1,1,2,2,2,2,4,1,0,0,0,46,2
"0222",1,1,1,2,1,2,1,1,3,1000,1,4,40,2
"0222",1,2,1,2,1,2,2,5,3,300,0,0,79,1
"0222",1,2,1,2,2,2,2,5,2,0,0,0,54,2
"0222",2,0,0,0,0,0,0,0,0,0,0,0,79,1
"0222",1,1,1,2,2,2,1,5,2,0,1,4,42,2
"0222",1,1,1,2,2,2,2,1,2,0,0,0,53,1
"0222",1,1,1,2,2,2,2,4,2,0,0,0,57,1
"0222",1,1,1,2,2,2,2,1,1,0,0,0,32,1
"0222",1,1,1,2,2,1,1,4,3,1000,2,1,30,1
"0222",1,1,2,2,1,2,2,0,0,0,0,0,32,1
"0222",1,1,2,2,1,2,2,0,0,0,0,0,48,1
"0222",1,1,2,2,2,2,1,0,0,0,2,4,33,1
"0222",1,1,2,2,1,2,2,0,0,0,0,0,63,1
"0222",1,1,1,1,2,2,2,5,2,0,0,0,73,2
"0222",1,2,2,2,2,2,1,0,0,0,2,3,34,1
"0222",1,1,1,2,2,2,2,4,3,150,0,0,69,2
"0222",1,1,1,2,2,1,1,1,1,0,2,3,26,1
"0222",1,1,1,2,2,2,2,4,3,240,0,0,21,1
"0222",2,0,0,0,0,0,0,0,0,0,0,0,47,2
"0222",1,1,1,2,2,2,1,3,1,0,1,3,24,2
"0222",1,1,1,2,2,2,1,3,3,1000,4,3,63,2
"0222",1,1,1,2,1,2,1,4,2,0,1,4,58,1
"0222",1,1,2,1,2,2,1,0,0,0,1,1,39,2
"0222",1,1,1,2,1,2,1,3,1,0,2,1,33,2
"0222",1,2,1,1,2,2,1,3,1,0,2,3,28,2
"0222",1,1,1,1,2,2,1,4,3,800,2,1,32,2
"0222",1,2,1,2,2,2,1,4,2,0,5,4,45,2
"0222",1,1,1,2,2,1,1,2,3,300,2,3,23,2
"0222",1,1,1,1,1,2,2,3,1,0,0,0,40,2
"0222",1,1,2,1,2,2,2,0,0,0,0,0,55,1
"0222",1,1,1,1,1,2,1,4,1,0,2,4,36,2
"0222",1,2,2,2,1,2,2,0,0,0,0,0,34,1
"0222",1,2,2,1,2,1,1,0,0,0,5,4,23,1
"0222",1,1,1,2,1,2,2,5,2,0,0,0,52,2
"0222",1,1,1,1,1,2,1,4,3,1300,2,2,43,2
"0222",1,2,1,1,1,2,2,4,2,0,0,0,59,1
"0222",1,2,1,2,2,2,1,1,3,2599,5,3,21,1
"0222",1,1,2,2,1,2,2,0,0,0,0,0,77,1
"0222",1,1,1,2,2,2,1,3,2,0,2,3,35,2
"0222",1,1,1,1,2,2,2,1,3,340,0,0,44,2
"0222",1,1,1,2,2,2,2,3,3,100,0,0,38,2
"0222",1,1,2,1,2,2,1,0,0,0,4,1,45,1
"0222",1,1,1,1,2,2,2,3,3,2000,0,0,40,2
"0222",1,1,1,2,2,2,1,3,3,1000,2,4,30,1
"0222",1,1,1,2,2,2,2,1,3,950,0,0,51,2
"0222",1,1,1,2,2,2,2,3,2,0,0,0,34,1
"0222",1,2,2,2,1,2,2,0,0,0,0,0,39,2
"0222",1,1,2,1,2,2,1,0,0,0,2,3,32,2
"0222",1,2,2,1,2,2,1,0,0,0,2,3,28,1
"0222",1,2,1,2,2,2,2,5,3,250,0,0,60,1
"0222",1,1,1,1,2,2,1,2,2,0,5,2,29,1
"0222",1,1,1,2,1,2,2,5,2,0,0,0,63,2
"0222",1,1,1,2,2,2,2,3,3,2000,0,0,46,2
"0222",2,0,0,0,0,0,0,0,0,0,0,0,63,2
"0222",1,1,1,2,2,2,2,4,3,2500,0,0,20,2
"0222",1,1,1,2,2,2,2,4,2,0,0,0,71,1
"0222",1,1,1,1,2,2,1,4,3,7000,1,1,39,1
"0222",1,1,1,1,1,2,2,4,1,0,0,0,32,2
"0222",1,1,1,1,1,2,2,3,3,3000,0,0,84,1
"0222",1,1,2,2,2,2,2,0,0,0,0,0,81,2
"0222",1,1,1,2,2,2,1,4,3,8000,2,3,60,2
"0222",1,1,2,1,1,2,2,0,0,0,0,0,34,2
"0222",1,1,1,1,2,2,2,3,2,0,0,0,34,2
"0222",1,1,1,1,1,2,1,4,2,0,2,4,30,1
"0222",1,1,1,2,1,2,2,3,3,3000,0,0,68,1
"0222",1,1,1,2,1,2,1,2,2,0,2,2,19,2
"0222",1,1,1,2,1,2,2,5,3,400,0,0,65,2
"0222",1,2,2,2,2,2,1,0,0,0,5,4,24,1
"0222",1,2,1,2,2,2,1,4,3,450,2,3,54,1
"0222",1,1,1,1,1,1,1,3,1,0,2,3,22,2
"0222",1,1,1,1,1,1,2,4,3,100,0,0,54,1
"0222",1,2,2,1,2,2,2,0,0,0,0,0,56,1
"0222",1,1,2,1,2,1,1,0,0,0,5,4,29,2
"0222",1,2,2,1,1,2,1,0,0,0,2,1,34,1
"0222",1,2,2,2,1,2,1,0,0,0,2,1,25,1
"0222",1,2,1,2,2,2,1,4,1,0,2,4,31,2
"0222",1,2,1,2,2,2,1,1,3,350,5,3,22,2
"0222",1,1,1,1,1,2,2,4,2,0,0,0,47,2
"0222",1,2,2,2,1,2,2,0,0,0,0,0,55,1
"0222",1,1,2,2,1,2,1,0,0,0,1,1,50,2
"0222",1,1,1,2,2,2,1,4,1,0,1,3,25,2
"0222",1,1,2,2,2,2,2,0,0,0,0,0,43,2
"0222",1,1,1,2,1,2,2,4,2,0,0,0,62,1
"0222",1,1,1,2,2,2,1,3,1,0,2,4,30,2
"0222",1,1,1,2,2,2,1,2,1,0,1,4,18,2
"0222",1,1,2,2,1,2,2,0,0,0,0,0,52,1
"0222",1,1,1,1,1,1,1,4,3,1000,2,4,26,1
"0222",1,1,1,1,2,2,1,4,3,600,2,5,61,2
"0222",1,1,1,1,2,1,1,4,3,800,2,4,40,1
"0222",1,2,2,2,1,2,1,0,0,0,1,1,21,1
"0222",1,2,2,2,2,2,2,0,0,0,0,0,52,1
"0222",1,1,1,2,2,2,1,4,1,0,3,4,19,2
"0222",1,1,1,2,2,2,1,4,1,0,5,4,18,2
"0222",1,1,2,2,2,2,1,0,0,0,2,1,53,1
"0222",1,1,1,2,2,2,1,4,3,400,2,4,25,2
"0222",1,2,2,2,1,2,1,0,0,0,2,4,23,1
"0222",1,2,2,2,2,2,1,0,0,0,2,4,46,2
"0222",1,2,2,2,1,2,2,0,0,0,0,0,40,1
"0222",1,1,2,1,1,2,1,0,0,0,2,3,44,1
"0222",1,1,1,2,2,2,1,4,1,0,2,3,29,2
"0222",1,1,1,2,1,2,1,3,3,150,2,3,43,2
"0222",1,1,1,2,1,2,2,4,2,0,0,0,48,2
"0222",1,2,1,2,2,2,2,3,2,0,0,0,71,2
"0222",1,1,2,1,1,2,2,0,0,0,0,0,45,1
"0222",1,1,1,1,2,2,1,4,3,850,2,4,30,2
"0222",1,1,2,1,1,2,1,0,0,0,5,3,40,1
"0222",1,1,1,2,2,1,2,2,3,1000,0,0,43,2
"0222",1,2,2,2,1,2,2,0,0,0,0,0,43,2
"0222",1,1,2,2,2,2,2,0,0,0,0,0,61,2
"0222",1,1,2,2,1,1,1,0,0,0,1,4,20,1
"0222",1,1,1,1,2,2,1,5,3,500,1,4,43,2
"0222",1,1,1,1,1,2,1,1,2,0,1,1,35,2
"0222",1,1,1,1,1,2,2,2,2,0,0,0,28,1
"0222",1,1,2,2,1,2,1,0,0,0,1,3,44,1
"0222",1,2,2,1,1,2,1,0,0,0,1,3,46,2
"0222",1,1,1,1,1,2,1,1,1,0,1,3,42,1
"0222",1,1,1,2,1,2,2,4,3,350,0,0,46,2
"0222",1,1,1,2,1,2,2,3,2,0,0,0,54,2
"0222",1,1,1,2,2,2,2,5,2,0,0,0,75,2
"0222",1,1,2,2,2,2,1,0,0,0,2,3,23,2
"0222",1,2,2,2,1,2,2,0,0,0,0,0,73,1
"0222",1,1,1,2,1,2,2,4,2,0,0,0,70,2
"0222",1,1,1,1,1,2,1,2,2,0,2,2,29,1
"0222",2,0,0,0,0,0,0,0,0,0,0,0,67,2
"0222",1,1,1,2,2,2,1,2,3,3400,1,2,20,2
"0222",1,1,1,2,2,2,1,4,3,200,5,4,38,2
"0222",1,1,1,1,2,2,1,1,1,0,5,1,57,2
"0222",1,1,1,1,2,2,1,2,1,0,5,2,20,2
"0222",1,1,2,2,1,2,1,0,0,0,5,3,33,2
"0222",1,2,1,2,2,2,1,4,2,0,5,4,46,2
"0222",1,1,1,1,1,1,1,1,3,1500,1,1,51,2
"0222",1,1,1,2,1,2,1,4,2,0,1,4,42,2
"0222",1,1,1,1,2,2,1,1,1,0,5,3,37,1
"0222",1,1,1,2,2,2,2,5,3,500,0,0,53,2
"0222",1,1,1,1,1,1,1,4,3,100,3,3,34,2
"0222",1,1,1,2,1,2,1,4,1,0,2,4,26,1
"0222",1,1,1,2,2,2,2,3,3,300,0,0,62,1
"0222",1,1,1,2,1,2,2,5,2,0,0,0,59,1
"0222",1,1,1,1,1,1,1,2,1,0,1,2,18,2
"0222",1,1,1,1,1,2,1,1,3,1000,2,3,30,2
"0222",1,1,1,1,2,2,1,3,2,0,3,3,58,2
"0222",1,2,2,1,2,2,2,0,0,0,0,0,65,2
"0222",1,2,2,2,1,2,2,0,0,0,0,0,20,2
"0222",1,1,1,1,2,2,2,4,2,0,0,0,33,2
"0222",1,1,2,2,2,2,1,0,0,0,2,3,35,2
"0222",1,1,1,2,2,2,1,2,2,0,2,2,25,2
"0222",1,1,1,2,2,2,2,5,3,600,0,0,56,1
"0222",1,1,1,2,2,2,2,5,2,0,0,0,39,2
"0222",1,1,2,1,2,2,1,0,0,0,3,1,24,2
"0222",1,1,1,2,2,2,1,1,2,0,5,1,48,1
"0222",1,1,1,1,2,2,2,5,3,5200,0,0,56,2
"0222",1,1,1,2,2,2,1,4,2,0,5,1,49,2
"0222",1,2,2,2,1,2,2,0,0,0,0,0,66,1
"0222",1,1,1,1,2,2,1,4,3,500,1,3,59,1
"0222",1,2,2,2,2,2,1,0,0,0,1,3,21,1
"0222",1,2,2,2,2,2,1,0,0,0,2,3,56,1
"0222",1,1,2,2,2,2,1,0,0,0,5,3,58,1
"0222",1,1,2,2,2,2,1,0,0,0,1,3,35,1
"0222",1,1,2,2,2,2,2,0,0,0,0,0,46,1
"0222",1,1,2,2,2,2,1,0,0,0,1,4,37,2
"0222",1,2,2,2,1,2,2,0,0,0,0,0,74,1
"0222",1,1,1,1,2,2,1,3,3,800,2,4,30,2
"0222",1,2,2,2,2,2,1,0,0,0,1,3,46,2
"0222",1,1,1,2,2,2,1,2,1,0,1,2,21,1
"0222",1,1,2,1,2,2,1,0,0,0,2,4,20,2
"0222",1,1,2,2,2,2,1,0,0,0,2,2,49,2
"0222",1,1,1,2,2,2,1,3,3,60,1,1,19,2
"0222",1,1,2,2,2,2,1,0,0,0,5,3,43,1
"0222",1,2,2,2,2,2,1,0,0,0,5,4,41,2
"0222",1,1,2,2,2,2,2,0,0,0,0,0,71,2
"0222",1,2,2,1,1,2,2,0,0,0,0,0,53,2
"0222",1,2,2,2,1,2,2,0,0,0,0,0,36,1
"0222",1,2,2,1,1,2,1,0,0,0,2,4,43,1
"0222",1,2,2,2,1,2,2,0,0,0,0,0,55,2
"0222",1,1,1,1,1,2,2,3,3,500,0,0,36,1
"0222",1,1,2,2,2,2,1,0,0,0,1,1,51,2
"0222",1,2,2,2,2,2,2,0,0,0,0,0,80,2
"0222",1,1,1,1,1,2,2,4,3,100,0,0,69,2
"0222",1,2,2,2,1,2,2,0,0,0,0,0,79,2
"0222",1,1,1,1,1,2,1,4,3,300,1,4,28,1
"0222",1,1,2,2,2,2,2,0,0,0,0,0,65,2
"0222",1,1,2,2,2,2,1,0,0,0,1,1,49,1
"0222",1,1,1,2,1,2,1,4,3,170,5,4,35,2
"0222",1,1,2,2,1,2,2,0,0,0,0,0,66,2
"0222",2,0,0,0,0,0,0,0,0,0,0,0,70,2
"0222",1,1,1,1,2,2,1,1,1,0,2,1,34,2
"0222",1,1,2,1,2,2,1,0,0,0,1,1,40,2
"0222",1,1,2,2,1,2,2,0,0,0,0,0,89,1
"0222",1,1,1,2,2,2,2,3,3,650,0,0,41,2
"0222",1,1,2,1,1,2,1,0,0,0,5,4,51,1
"0222",1,1,1,2,2,2,2,3,3,150,0,0,27,2
"0222",1,1,1,2,2,2,1,2,2,0,2,2,36,2
"0222",2,0,0,0,0,0,0,0,0,0,0,0,73,2
"0222",1,1,2,2,2,2,2,0,0,0,0,0,54,2
"0222",1,1,1,1,2,1,1,4,3,40,1,6,34,2
"0222",1,1,1,2,2,2,1,3,3,2000,2,1,43,1
"0222",1,1,1,2,1,2,1,4,3,150,5,4,62,2
"0222",1,1,1,1,1,2,1,4,3,9999,2,3,69,1
"0222",1,1,1,1,1,2,1,3,3,300,1,4,55,1
"0222",1,1,1,2,2,2,2,5,2,0,0,0,59,2
"0222",1,2,1,2,2,2,2,2,2,0,0,0,33,2
"0222",1,1,1,2,2,2,2,5,3,600,0,0,58,1
"0222",1,2,2,2,2,2,2,0,0,0,0,0,97,2
"0222",1,1,1,2,2,2,1,4,2,0,1,4,49,2
"0222",1,1,2,2,2,2,1,0,0,0,1,4,77,1
"0222",1,2,1,1,2,2,1,3,2,0,3,4,33,1
"0222",1,1,1,2,2,2,1,1,3,1200,2,1,48,2
"0222",1,1,1,2,2,2,1,4,3,900,2,3,25,2
"0222",1,1,1,2,1,2,1,4,3,3500,2,4,40,1
"0222",1,1,1,1,2,2,1,3,3,500,1,4,52,2
"0222",1,1,1,2,2,2,1,3,3,1200,2,1,27,1
"0222",1,1,1,2,1,2,2,4,3,600,0,0,69,2
"0222",1,2,2,1,1,2,1,0,0,0,1,4,48,1
"0222",1,1,2,1,1,2,2,0,0,0,0,0,31,2
"0222",1,1,1,2,2,2,1,2,2,0,1,2,24,1
"0222",1,1,1,1,2,2,1,5,2,0,2,4,29,2
"0222",1,1,1,2,2,2,1,3,2,0,2,3,31,2
"0222",1,1,1,2,1,2,2,5,3,600,0,0,74,2
"0222",1,2,2,2,2,2,2,0,0,0,0,0,63,2
"0222",1,1,2,2,1,2,2,0,0,0,0,0,81,1
"0222",1,1,2,2,2,2,1,0,0,0,3,4,29,1
"0222",1,1,1,1,1,2,2,1,2,0,0,0,53,1
"0222",1,1,1,2,2,1,1,4,1,0,1,4,18,1
"0222",1,1,1,2,1,2,1,4,3,600,3,1,27,2
"0222",1,1,2,2,1,2,2,0,0,0,0,0,46,2
"0222",1,1,2,2,2,2,1,0,0,0,1,4,33,2
"0222",1,2,2,2,1,2,1,0,0,0,2,4,46,1
"0222",1,1,1,2,2,2,1,2,3,480,2,3,22,1
"0222",1,1,1,2,2,2,1,3,3,1500,1,3,62,2
"0222",1,1,1,2,1,2,2,4,2,0,0,0,75,1
"0222",1,1,1,2,2,2,1,4,1,0,1,4,62,2
"0222",1,1,1,2,2,2,2,5,3,400,0,0,89,1
"0222",1,1,2,2,1,2,1,0,0,0,1,3,19,1
"0222",1,1,1,2,2,2,1,2,3,2000,1,2,25,2
"0222",1,1,2,1,1,2,2,0,0,0,0,0,42,2
"0222",1,1,1,1,1,1,1,3,3,2000,1,3,69,2
"0222",2,0,0,0,0,0,0,0,0,0,0,0,90,2
"0222",1,1,1,2,1,2,2,4,2,0,0,0,35,2
"0222",1,1,1,1,2,2,2,4,2,0,0,0,79,1
"0222",1,1,1,2,1,2,1,4,2,0,2,4,44,1
"0222",1,1,2,1,1,2,1,0,0,0,2,4,38,2
"0222",1,1,2,1,1,2,2,0,0,0,0,0,35,1
"0222",1,1,2,2,1,2,1,0,0,0,1,4,28,1
"0222",1,1,1,2,2,2,1,1,2,0,1,1,25,2
"0222",1,1,1,2,2,2,2,5,2,0,0,0,82,2
"0222",1,1,1,2,2,1,1,3,2,0,5,3,43,2
"0222",1,2,1,2,2,1,1,4,1,0,5,4,21,1
"0222",1,1,1,2,2,2,1,4,2,0,5,4,40,2
"0222",1,2,2,2,1,2,1,0,0,0,5,4,58,2
"0222",1,2,2,2,2,1,1,0,0,0,5,3,33,2
"0222",1,1,1,1,2,2,1,4,1,0,5,2,24,2
"0222",1,1,2,2,2,1,1,0,0,0,1,3,40,2
"0222",1,2,2,2,1,2,1,0,0,0,1,3,37,2
"0222",1,2,2,2,2,2,1,0,0,0,2,4,30,2
"0222",1,1,1,2,2,2,1,4,2,0,5,4,35,2
"0222",1,2,2,2,2,2,1,0,0,0,5,3,39,1
"0222",1,2,2,1,1,1,1,0,0,0,5,4,29,2
"0222",1,1,1,2,2,2,1,1,1,0,5,1,55,2
"0222",1,2,2,2,2,2,1,0,0,0,1,4,29,1
"0222",1,1,1,2,1,2,1,4,2,0,5,3,27,1
"0222",1,1,1,1,2,1,1,2,1,0,2,4,49,2
"0222",1,1,1,1,2,1,1,4,3,1000,1,3,26,1
"0222",1,1,1,2,2,2,1,1,1,0,5,3,28,1
"0222",1,1,1,2,2,1,1,4,3,1200,5,4,25,2
"0222",1,1,1,1,2,2,1,4,2,0,5,4,64,2
"0222",1,1,1,2,1,1,1,5,2,0,5,3,40,2
"0222",1,2,1,2,1,2,1,3,2,0,5,4,29,2
"0222",1,2,2,1,2,1,2,0,0,0,0,0,27,1
"0222",1,1,1,2,2,1,1,4,1,0,5,4,46,2
"0222",1,1,1,2,1,1,1,4,3,250,5,3,26,2
"0222",2,0,0,0,0,0,0,0,0,0,0,0,66,1
"0222",1,1,1,1,1,2,1,1,2,0,2,1,42,1
"0222",1,1,1,1,2,2,2,4,3,1000,0,0,68,2
"0222",1,2,1,2,2,2,1,4,2,0,2,1,35,2
"0222",1,1,1,1,2,1,2,4,2,0,0,0,66,2
"0222",1,1,2,2,2,2,1,0,0,0,1,4,46,2
"0222",1,1,1,2,2,2,1,2,1,0,1,2,22,2
"0222",1,1,1,2,2,2,2,4,1,0,0,0,47,2
"0222",1,1,2,1,1,2,2,0,0,0,0,0,65,1
"0222",1,1,1,1,2,2,2,5,3,120,0,0,61,2
"0222",1,1,1,1,2,2,1,1,1,0,2,2,30,1
"0222",1,1,1,1,2,1,1,1,3,900,1,1,44,1
"0222",1,1,1,1,1,2,1,1,1,0,2,1,68,1
"0222",1,1,1,2,1,2,2,4,2,0,0,0,50,1
"0222",1,1,1,1,2,1,1,2,1,0,2,3,30,2
"0222",1,1,1,1,2,2,1,5,2,0,1,4,41,2
"0222",1,1,2,2,2,2,2,0,0,0,0,0,32,1
"0222",1,1,1,1,2,2,2,4,2,0,0,0,37,1
"0222",1,1,1,1,2,1,2,4,3,40,0,0,46,1
"0222",1,1,1,1,2,2,2,5,3,55,0,0,81,2
"0222",1,1,1,2,2,2,2,5,3,200,0,0,70,2
"0222",1,2,2,2,1,1,1,0,0,0,3,1,51,2
"0222",1,1,1,2,1,2,2,1,2,0,0,0,60,1
"0222",1,1,1,2,2,2,2,4,3,700,0,0,65,2
"0222",1,1,1,2,2,2,2,5,2,0,0,0,54,1
"0222",1,2,2,2,2,2,2,0,0,0,0,0,87,2
"0223",1,2,2,2,2,2,2,0,0,0,0,0,29,1
"0223",1,2,2,2,1,2,2,0,0,0,0,0,53,1
"0223",1,2,2,2,2,2,2,0,0,0,0,0,65,2
"0223",1,2,2,2,2,2,2,0,0,0,0,0,44,2
"0223",1,2,2,2,2,2,1,0,0,0,2,1,52,1
"0223",1,2,2,2,2,2,2,0,0,0,0,0,36,2
"0223",1,1,1,2,2,2,2,4,2,0,0,0,74,2
"0223",1,2,2,2,2,2,1,0,0,0,5,4,53,1
"0223",1,1,1,2,2,2,1,2,2,0,2,2,23,2
"0223",1,2,2,2,2,2,2,0,0,0,0,0,57,2
"0223",1,2,2,2,2,2,2,0,0,0,0,0,53,1
"0223",1,2,2,2,2,2,1,0,0,0,2,4,36,1
"0223",1,1,1,2,1,2,1,4,3,500,2,4,40,1
"0223",1,1,1,2,2,2,1,4,2,0,2,3,22,1
"0223",1,1,1,2,2,2,1,4,2,0,2,4,22,1
"0223",1,2,2,2,2,2,2,0,0,0,0,0,39,1
"0223",1,1,1,2,2,2,1,4,2,0,5,4,28,2
"0223",1,1,2,2,1,2,2,0,0,0,0,0,40,2
"0223",1,2,2,2,2,2,2,0,0,0,0,0,58,1
"0223",1,1,1,2,2,2,2,4,2,0,0,0,55,2
"0223",1,1,1,2,2,2,1,4,2,0,2,4,30,2
"0223",1,2,1,2,1,2,2,3,2,0,0,0,38,2
"0223",1,2,2,2,2,2,2,0,0,0,0,0,54,2
"0223",1,2,2,2,1,2,1,0,0,0,5,4,47,1
"0223",1,1,1,2,2,2,1,4,1,0,2,4,39,1
"0223",1,2,2,2,2,2,2,0,0,0,0,0,40,2
"0223",1,2,2,2,2,2,2,0,0,0,0,0,56,1
"0223",1,2,2,2,2,2,1,0,0,0,2,1,27,2
"0223",1,2,2,2,2,2,2,0,0,0,0,0,56,2
"0223",1,2,2,2,2,2,2,0,0,0,0,0,77,2
"0223",1,2,2,2,2,2,1,0,0,0,5,4,30,1
"0223",1,2,2,2,2,2,2,0,0,0,0,0,49,1
"0223",1,2,2,2,2,2,2,0,0,0,0,0,57,1
"0223",1,2,2,2,1,2,2,0,0,0,0,0,60,1
"0223",1,2,2,2,2,2,2,0,0,0,0,0,43,2
"0223",1,2,2,2,2,2,2,0,0,0,0,0,37,2
"0223",1,2,2,2,2,2,2,0,0,0,0,0,58,2
"0223",1,2,2,2,2,2,2,0,0,0,0,0,51,2
"0223",1,2,2,2,2,2,1,0,0,0,2,4,38,2
"0223",1,2,2,2,2,2,2,0,0,0,0,0,50,2
"0223",1,2,2,2,2,2,2,0,0,0,0,0,35,1
"0223",1,1,1,2,2,2,1,4,2,0,5,4,36,1
"0223",1,1,1,2,1,2,1,4,3,210,5,4,55,1
"0223",1,1,1,2,2,2,1,4,2,0,5,4,52,2
"0223",1,2,2,2,2,2,1,0,0,0,2,4,39,2
"0223",1,2,2,2,2,2,1,0,0,0,5,3,24,1
"0223",1,2,2,2,2,2,2,0,0,0,0,0,39,2
"0223",1,1,2,2,1,2,1,0,0,0,1,3,35,1
"0223",1,1,2,2,1,2,2,0,0,0,0,0,59,1
"0223",1,1,2,2,2,2,1,0,0,0,1,1,29,1
"0223",1,1,1,1,2,2,1,2,1,0,2,2,20,2
"0223",1,1,1,2,2,2,1,2,1,0,5,4,26,1
"0223",1,2,2,2,2,2,2,0,0,0,0,0,52,2
"0223",1,2,2,2,2,2,1,0,0,0,2,4,23,2
"0223",1,1,1,1,2,1,1,4,3,500,5,4,22,1
"0223",1,1,2,2,2,2,2,0,0,0,0,0,39,2
"0223",1,2,2,2,2,2,2,0,0,0,0,0,46,1
"0223",1,1,2,2,2,2,2,0,0,0,0,0,49,2
"0223",1,2,2,2,2,2,2,0,0,0,0,0,25,1
"0223",1,1,2,2,2,2,2,0,0,0,0,0,59,2
"0223",1,2,2,2,2,2,2,0,0,0,0,0,24,1
"0223",1,2,2,2,2,2,1,0,0,0,1,3,25,1
"0223",1,1,1,1,2,2,2,3,1,0,0,0,64,2
"0223",1,1,1,2,1,2,1,3,1,0,5,4,40,1
"0223",1,2,2,2,2,2,2,0,0,0,0,0,59,1
"0223",1,1,1,2,2,1,2,2,3,500,0,0,28,2
"0223",1,2,2,2,2,2,2,0,0,0,0,0,32,1
"0223",1,2,2,2,2,2,1,0,0,0,2,3,38,1
"0223",1,1,2,1,2,1,2,0,0,0,0,0,73,1
"0223",1,1,2,1,1,2,2,0,0,0,0,0,46,1
"0223",1,1,1,2,1,2,1,4,3,400,5,4,35,2
"0223",1,1,1,2,2,2,1,2,3,7500,5,3,19,1
"0223",1,1,1,1,2,2,1,4,1,0,2,3,45,2
"0223",1,1,1,2,2,1,2,5,3,120,0,0,22,2
"0223",1,1,2,2,1,1,1,0,0,0,2,3,29,2
"0223",1,2,2,2,2,2,2,0,0,0,0,0,22,2
"0223",1,2,2,2,2,2,1,0,0,0,5,4,26,2
"0223",1,1,2,2,1,2,1,0,0,0,5,3,53,1
"0223",1,1,2,1,1,2,1,0,0,0,2,4,36,2
"0223",1,1,2,1,2,2,2,0,0,0,0,0,64,2
"0223",1,1,2,1,1,1,1,0,0,0,2,4,38,2
"0223",1,2,2,2,2,2,1,0,0,0,1,4,29,1
"0223",1,2,2,1,2,1,1,0,0,0,3,4,30,2
"0223",1,1,2,2,2,2,1,0,0,0,2,3,50,2
"0223",1,1,2,1,2,2,1,0,0,0,1,4,43,2
"0223",1,2,2,2,2,2,2,0,0,0,0,0,47,1
"0223",2,0,0,0,0,0,0,0,0,0,0,0,63,1
"0223",1,1,2,2,2,2,2,0,0,0,0,0,62,1
"0223",1,1,1,1,2,2,1,5,3,500,2,2,22,2
"0223",1,1,1,1,2,2,2,5,2,0,0,0,70,2
"0223",1,1,1,2,2,2,2,5,3,60,0,0,44,2
"0223",1,2,2,2,2,2,2,0,0,0,0,0,82,2
"0223",1,1,1,1,2,2,1,4,3,800,2,1,26,1
"0223",1,2,2,2,2,2,2,0,0,0,0,0,44,1
"0223",1,2,2,2,2,2,1,0,0,0,2,4,44,2
"0223",1,1,2,2,2,2,2,0,0,0,0,0,48,1
"0223",1,1,1,1,2,2,2,3,1,0,0,0,42,1
"0223",1,1,1,2,2,2,2,4,3,200,0,0,37,2
"0223",1,1,1,2,2,2,2,1,1,0,0,0,51,1
"0223",1,2,2,1,2,2,2,0,0,0,0,0,38,1
"0223",1,1,1,2,2,2,1,2,1,0,1,2,22,1
"0223",1,1,1,2,2,2,2,5,2,0,0,0,77,1
"0223",1,2,2,2,2,2,2,0,0,0,0,0,27,1
"0223",1,2,2,2,2,2,2,0,0,0,0,0,26,2
"0223",1,1,1,2,2,2,1,1,3,700,2,1,47,2
"0223",1,2,2,2,2,2,2,0,0,0,0,0,48,2
"0223",1,1,1,2,2,2,2,4,2,0,0,0,22,2
"0223",1,2,2,2,2,2,2,0,0,0,0,0,75,2
"0223",1,1,2,2,2,2,1,0,0,0,2,3,38,1
"0223",2,0,0,0,0,0,0,0,0,0,0,0,82,2
"0223",1,2,2,2,2,2,2,0,0,0,0,0,46,2
"0223",1,1,1,2,2,2,1,1,2,0,2,1,24,2
"0223",1,1,1,1,2,2,2,4,2,0,0,0,31,2
"0223",1,1,1,2,2,2,1,1,1,0,1,1,29,1
"0223",1,1,2,2,2,2,2,0,0,0,0,0,42,1
"0223",1,1,1,2,2,2,1,4,3,1200,2,4,29,1
"0223",1,2,2,2,2,2,2,0,0,0,0,0,62,2
"0223",1,1,1,2,1,2,2,4,2,0,0,0,37,1
"0223",1,1,1,2,2,2,1,2,1,0,2,2,30,1
"0223",1,1,1,2,2,2,2,4,3,1500,0,0,48,2
"0223",1,1,1,2,2,2,2,1,3,500,0,0,63,1
"0223",1,2,2,2,1,2,2,0,0,0,0,0,66,1
"0223",1,2,2,2,2,2,2,0,0,0,0,0,45,2
"0223",1,1,1,2,1,2,1,4,2,0,1,4,28,2
"0223",1,1,1,2,2,2,1,5,2,0,1,3,36,1
"0223",1,2,2,1,1,2,1,0,0,0,5,4,19,2
"0223",1,1,1,2,2,2,1,5,3,200,5,4,62,2
"0223",1,1,1,1,2,2,1,3,1,0,3,3,37,2
"0223",1,1,1,2,2,1,1,4,1,0,3,1,30,2
"0223",1,2,2,2,2,2,1,0,0,0,5,3,30,1
"0223",1,1,1,2,2,2,2,5,2,0,0,0,62,2
"0223",1,1,1,1,2,2,1,4,1,0,5,3,41,2
"0223",1,1,1,1,1,1,1,1,3,7000,1,1,36,1
"0223",1,1,2,2,2,2,1,0,0,0,5,3,67,1
"0223",1,1,2,2,2,2,1,0,0,0,1,1,41,2
"0223",1,1,1,2,2,2,1,4,2,0,2,4,65,2
"0223",1,2,2,2,2,2,1,0,0,0,3,4,32,1
"0223",1,1,2,1,2,2,2,0,0,0,0,0,33,2
"0223",1,1,2,2,2,2,1,0,0,0,1,1,32,2
"0223",1,2,2,2,2,2,1,0,0,0,1,3,49,1
"0223",1,1,1,1,2,2,1,1,2,0,1,4,28,2
"0223",1,1,1,2,1,2,1,1,3,1000,2,3,55,1
"0223",1,1,2,2,1,2,2,0,0,0,0,0,79,2
"0223",1,1,1,2,2,2,1,1,1,0,2,3,41,2
"0223",1,1,1,2,2,2,1,4,2,0,5,3,57,1
"0223",1,1,2,1,2,2,2,0,0,0,0,0,50,1
"0223",1,1,1,2,2,2,2,3,3,300,0,0,32,2
"0223",1,1,1,1,2,1,1,4,2,0,2,4,31,1
"0223",1,1,2,2,1,2,2,0,0,0,0,0,83,1
"0223",1,1,1,1,2,2,2,4,3,3000,0,0,55,1
"0223",1,1,1,2,1,2,1,1,1,0,1,4,31,1
"0223",1,1,1,2,2,2,2,4,2,0,0,0,52,2
"0223",1,2,2,2,1,2,2,0,0,0,0,0,62,2
"0223",1,1,1,2,1,2,1,4,3,800,2,1,32,2
"0223",1,2,2,2,2,2,2,0,0,0,0,0,23,1
"0223",1,1,1,1,1,2,1,4,1,0,2,4,45,1
"0223",1,2,2,2,2,2,2,0,0,0,0,0,62,1
"0223",1,1,1,2,2,2,2,4,2,0,0,0,50,2
"0223",1,2,2,2,2,2,1,0,0,0,1,2,38,2
"0223",1,2,2,2,2,2,2,0,0,0,0,0,41,2
"0223",1,1,1,1,1,2,2,4,3,200,0,0,43,2
"0223",1,1,1,2,2,2,2,5,3,800,0,0,22,2
"0223",1,2,2,2,2,2,1,0,0,0,2,4,40,2
"0223",1,1,2,2,2,2,1,0,0,0,1,2,31,1
"0223",1,1,1,1,1,1,1,1,1,0,2,4,43,2
"0223",1,1,1,2,2,2,2,5,2,0,0,0,70,2
"0223",1,1,1,2,2,2,2,5,3,400,0,0,88,1
"0223",1,1,1,1,2,2,1,4,2,0,1,4,30,1
"0223",1,1,2,1,2,2,1,0,0,0,1,3,20,1
"0223",1,2,2,2,2,2,1,0,0,0,5,3,35,2
"0223",1,2,2,2,2,2,1,0,0,0,5,1,39,1
"0223",1,1,2,1,1,1,2,0,0,0,0,0,42,2
"0223",1,2,2,2,2,1,1,0,0,0,2,4,20,2
"0223",1,1,1,1,1,2,2,4,2,0,0,0,62,1
"0223",1,1,1,2,2,2,2,2,3,120,0,0,48,2
"0223",1,1,2,1,1,2,2,0,0,0,0,0,65,2
"0223",1,1,1,1,1,2,1,1,1,0,1,3,56,1
"0223",1,2,2,2,2,2,2,0,0,0,0,0,63,2
"0223",1,1,1,2,2,2,1,5,3,500,1,5,51,1
"0223",1,1,1,2,2,2,2,4,1,0,0,0,38,2
"0223",1,1,2,1,2,2,1,0,0,0,5,4,65,1
"0223",1,1,1,1,2,2,1,3,3,150,2,3,43,2
"0223",1,1,1,1,1,2,1,3,3,200,5,1,60,1
"0223",1,1,1,2,2,2,2,4,2,0,0,0,71,2
"0223",1,1,2,1,2,2,2,0,0,0,0,0,28,2
"0223",1,1,2,1,2,2,1,0,0,0,1,3,46,2
"0223",1,2,2,2,2,2,2,0,0,0,0,0,22,1
"0223",1,1,1,2,2,2,2,5,2,0,0,0,57,2
"0223",1,2,1,1,2,2,2,5,2,0,0,0,74,1
"0223",1,2,2,2,2,2,2,0,0,0,0,0,30,2
"0223",1,1,1,1,2,2,1,4,3,125,5,4,50,2
"0223",1,1,1,1,2,1,1,4,2,0,2,4,19,2
"0223",1,1,1,2,2,2,2,5,3,10,0,0,75,2
"0223",2,0,0,0,0,0,0,0,0,0,0,0,76,1
"0223",1,1,2,1,2,2,2,0,0,0,0,0,71,2
"0223",1,1,1,2,1,2,1,5,2,0,1,3,30,1
"0223",1,1,1,2,2,2,2,1,1,0,0,0,67,2
"0223",1,1,2,1,1,2,2,0,0,0,0,0,55,1
"0223",1,2,2,2,2,2,2,0,0,0,0,0,67,1
"0223",1,2,2,2,2,2,2,0,0,0,0,0,31,2
"0223",2,0,0,0,0,0,0,0,0,0,0,0,65,2
"0223",1,2,2,2,2,2,2,0,0,0,0,0,78,2
"0223",1,1,2,2,2,2,1,0,0,0,2,4,18,1
"0223",1,1,1,2,2,2,1,4,2,0,2,4,41,2
"0223",1,2,2,2,2,2,2,0,0,0,0,0,53,2
"0223",2,0,0,0,0,0,0,0,0,0,0,0,74,2
"0223",1,1,1,1,2,2,1,1,1,0,2,4,37,2
"0223",1,1,1,1,2,2,1,1,1,0,1,1,36,2
"0223",1,2,2,2,2,2,2,0,0,0,0,0,29,2
"0223",1,2,2,2,2,2,2,0,0,0,0,0,54,1
"0223",1,2,2,2,2,2,2,0,0,0,0,0,20,1
"0223",1,2,2,2,2,2,2,0,0,0,0,0,20,2
"0223",1,2,2,2,2,2,2,0,0,0,0,0,76,2
"0223",1,1,2,2,2,2,1,0,0,0,2,4,40,2
"0223",1,1,1,2,2,2,1,4,2,0,2,3,35,2
"0223",1,2,2,2,2,2,2,0,0,0,0,0,43,1
"0223",2,0,0,0,0,0,0,0,0,0,0,0,43,2
"0223",1,2,2,2,2,2,1,0,0,0,1,4,27,1
"0223",1,1,1,2,2,1,1,1,3,1300,1,4,37,2
"0223",1,1,1,2,2,2,1,1,3,1800,5,3,62,2
"0223",1,2,2,2,2,2,2,0,0,0,0,0,49,2
"0223",1,2,2,2,2,2,2,0,0,0,0,0,65,1
"0223",1,2,2,2,2,2,2,0,0,0,0,0,45,1
"0223",1,1,2,1,2,2,1,0,0,0,1,3,27,2
"0223",1,2,2,2,2,2,2,0,0,0,0,0,69,2
"0223",1,2,2,2,2,2,2,0,0,0,0,0,60,2
"0223",1,1,1,2,1,2,1,4,3,3500,2,4,68,1
"0223",1,2,2,2,2,2,2,0,0,0,0,0,40,1
"0223",1,2,1,2,2,2,2,2,2,0,0,0,20,2
"0223",1,2,2,2,2,2,2,0,0,0,0,0,59,2
"0223",1,2,2,2,2,2,1,0,0,0,1,4,27,2
"0223",2,0,0,0,0,0,0,0,0,0,0,0,57,2
"0223",1,1,2,1,2,2,2,0,0,0,0,0,51,2
"0223",2,0,0,0,0,0,0,0,0,0,0,0,87,1
"0223",1,1,1,2,2,2,2,4,2,0,0,0,59,1
"0223",1,2,2,2,2,2,1,0,0,0,1,4,24,1
"0223",1,2,2,2,2,2,1,0,0,0,5,4,45,1
"0223",1,1,1,2,2,2,1,4,2,0,5,3,40,2
"0223",1,1,1,2,2,2,1,4,3,500,1,3,38,2
"0223",1,1,1,2,1,2,1,3,1,0,3,3,20,1
"0223",1,1,1,1,2,2,1,1,2,0,1,4,37,1
"0223",1,1,1,2,2,2,2,5,3,200,0,0,81,1
"0223",1,1,1,2,2,2,2,1,2,0,0,0,42,1
"0223",1,2,1,2,2,2,1,3,3,100,5,4,29,2
"0223",1,1,1,2,2,2,2,4,2,0,0,0,80,1
"0223",1,1,1,2,2,2,2,3,3,800,0,0,20,2
"0223",1,1,1,2,2,2,2,1,1,0,0,0,46,2
"0223",1,1,2,1,2,1,1,0,0,0,5,1,29,2
"0223",1,1,1,2,2,2,2,5,1,0,0,0,52,1
"0223",1,2,2,2,2,2,2,0,0,0,0,0,73,1
"0223",1,1,1,1,2,2,1,5,3,600,2,5,68,2
"0223",1,2,2,2,2,2,2,0,0,0,0,0,52,1
"0223",1,1,1,2,2,2,2,4,2,0,0,0,77,1
"0223",1,1,1,1,2,2,1,1,1,0,1,3,51,1
"0223",1,1,1,1,2,2,1,1,1,0,5,1,32,1
"0223",1,1,2,2,2,2,2,0,0,0,0,0,78,2
"0223",1,2,2,2,2,2,2,0,0,0,0,0,83,1
"0223",1,1,1,2,2,2,1,3,3,1000,5,3,30,2
"0223",1,1,1,2,2,2,2,5,2,0,0,0,64,2
"0223",1,1,1,1,2,2,1,3,2,0,1,3,33,1
"0223",1,2,1,2,2,2,2,5,2,0,0,0,61,2
"0223",1,1,1,1,2,1,1,3,1,0,1,3,26,1
"0223",1,1,1,2,2,2,2,4,3,900,0,0,57,1
"0223",1,1,1,1,2,2,1,1,3,1200,1,1,57,2
"0223",1,2,1,1,2,2,2,5,3,100,0,0,64,1
"0223",1,1,2,1,1,2,2,0,0,0,0,0,29,1
"0223",1,1,1,1,2,2,1,2,3,300,1,2,21,2
"0223",1,2,2,2,2,2,2,0,0,0,0,0,33,1
"0223",1,1,1,2,2,2,1,3,3,200,1,3,38,1
"0223",1,1,1,2,2,2,2,4,3,300,0,0,47,2
"0223",1,1,1,1,2,2,2,1,3,800,0,0,51,1
"0223",1,1,1,2,2,2,1,1,1,0,2,1,48,2
"0223",1,2,2,2,2,2,2,0,0,0,0,0,66,2
"0223",1,1,1,2,2,2,2,5,2,0,0,0,45,2
"0223",1,2,2,2,2,2,2,0,0,0,0,0,79,2
"0223",1,2,2,2,2,2,2,0,0,0,0,0,18,1
"0223",1,1,1,2,2,2,2,4,1,0,0,0,31,2
"0223",1,1,2,2,2,2,2,0,0,0,0,0,26,2
"0223",1,1,1,2,2,2,2,4,1,0,0,0,42,2
"0223",1,1,1,1,1,1,2,4,2,0,0,0,42,2
"0223",1,2,2,2,2,2,2,0,0,0,0,0,84,2
"0223",1,1,1,2,1,2,2,4,2,0,0,0,70,2
"0223",1,2,2,2,2,2,2,0,0,0,0,0,68,1
"0223",1,1,1,2,2,2,2,2,3,5000,0,0,23,1
"0223",1,1,1,2,2,1,1,4,2,0,1,4,20,1
"0223",1,1,2,2,2,1,1,0,0,0,5,4,32,2
"0223",1,1,1,1,1,2,2,3,3,4000,0,0,52,1
"0223",1,1,1,2,2,2,1,2,2,0,1,4,19,2
"0223",1,2,2,2,2,2,2,0,0,0,0,0,47,2
"0223",1,2,2,2,2,2,2,0,0,0,0,0,64,2
"0223",1,2,2,2,2,2,2,0,0,0,0,0,50,1
"0223",1,1,1,2,2,1,2,4,3,250,0,0,19,2
"0223",1,1,1,2,1,2,1,4,1,0,1,1,45,1
"0223",1,1,1,2,2,2,2,4,3,1500,0,0,60,2
"0223",1,1,1,2,2,2,2,4,3,3000,0,0,76,2
"0223",1,1,1,2,2,2,2,4,3,400,0,0,56,1
"0223",1,2,2,2,2,2,2,0,0,0,0,0,31,1
"0223",1,1,2,1,2,1,1,0,0,0,2,2,23,1
"0223",1,1,1,2,2,2,2,4,2,0,0,0,61,2
"0223",1,1,2,2,1,2,2,0,0,0,0,0,30,2
"0223",1,1,1,2,2,2,2,4,3,20,0,0,66,1
"0223",1,1,1,2,2,2,2,4,2,0,0,0,54,2
"0223",1,1,1,2,2,2,1,2,3,300,1,2,64,1
"0223",1,1,2,1,1,2,2,0,0,0,0,0,53,1
"0223",1,1,2,1,2,2,2,0,0,0,0,0,43,2
"0223",1,1,2,2,1,2,2,0,0,0,0,0,73,1
"0223",1,2,2,2,2,2,2,0,0,0,0,0,41,1
"0223",1,1,2,2,2,2,2,0,0,0,0,0,52,1
"0223",1,1,1,2,2,2,2,2,3,1000,0,0,32,1
"0223",1,1,2,2,2,2,2,0,0,0,0,0,34,1
"0223",1,2,2,2,1,2,2,0,0,0,0,0,33,1
"0223",1,1,1,2,1,2,2,3,2,0,0,0,43,1
"0223",1,2,2,2,1,2,2,0,0,0,0,0,31,1
"0223",1,1,1,2,1,2,2,3,2,0,0,0,31,2
"0223",1,2,2,2,2,2,2,0,0,0,0,0,61,2
"0223",1,2,2,2,2,2,1,0,0,0,1,4,41,1
"0223",1,1,2,2,2,2,1,0,0,0,1,4,37,2
"0223",1,1,2,1,2,2,1,0,0,0,1,4,37,2
"0223",1,2,2,2,2,2,1,0,0,0,1,3,32,2
"0223",1,2,2,2,2,2,2,0,0,0,0,0,74,2
"0223",1,1,1,2,2,2,1,2,3,500,1,2,20,1
"0223",1,2,2,2,2,2,1,0,0,0,1,4,45,2
"0223",1,2,2,2,2,2,2,0,0,0,0,0,27,2
"0223",1,1,1,2,1,2,1,4,3,600,1,3,54,2
"0223",1,1,2,2,1,2,1,0,0,0,1,3,47,2
"0223",1,2,2,1,1,2,2,0,0,0,0,0,35,1
"0223",1,1,2,1,1,2,1,0,0,0,1,3,40,1
"0223",1,1,1,2,1,2,1,1,1,0,1,3,44,1
"0223",1,1,1,2,2,2,2,4,1,0,0,0,53,1
"0223",1,1,1,1,1,2,1,3,3,600,5,3,64,2
"0223",1,1,1,2,1,2,1,4,2,0,1,3,31,1
"0223",1,1,1,2,2,2,2,5,2,0,0,0,69,2
"0223",1,2,2,2,2,2,2,0,0,0,0,0,70,2
"0223",1,2,2,2,2,2,2,0,0,0,0,0,86,2
"0223",1,1,1,2,2,2,1,4,1,0,1,3,37,1
"0223",1,1,1,2,2,2,1,2,1,0,1,4,19,1
"0223",1,1,2,2,1,2,1,0,0,0,1,3,36,1
"0223",1,1,2,1,2,2,1,0,0,0,2,4,25,1
"0223",1,2,2,2,2,2,2,0,0,0,0,0,91,1
"0223",1,1,1,1,1,1,1,4,3,1300,1,4,58,2
"0223",1,1,1,1,2,2,1,2,1,0,1,2,32,1
"0223",1,1,1,2,2,2,2,3,2,0,0,0,58,2
"0223",1,1,1,1,2,2,1,1,2,0,2,1,34,2
"0223",1,1,2,2,2,2,1,0,0,0,1,4,43,2
"0223",1,1,2,1,2,2,1,0,0,0,3,4,34,1
"0223",1,1,2,1,2,2,2,0,0,0,0,0,44,2
"0223",1,1,1,2,2,2,1,2,1,0,2,4,31,2
"0223",1,1,2,1,2,2,1,0,0,0,1,4,34,1
"0223",1,1,2,1,1,2,2,0,0,0,0,0,60,1
"0223",1,1,2,2,2,2,2,0,0,0,0,0,47,1
"0223",1,2,2,2,2,2,1,0,0,0,1,3,37,2
"0223",1,1,1,2,1,2,2,3,3,1200,0,0,73,1
"0223",1,1,2,1,2,2,2,0,0,0,0,0,68,2
"0223",1,2,2,2,2,2,2,0,0,0,0,0,87,2
"0223",1,1,2,1,1,2,2,0,0,0,0,0,52,2
"0223",1,1,1,2,1,2,2,3,2,0,0,0,47,1
"0223",1,2,2,2,1,2,2,0,0,0,0,0,52,1
"0223",1,1,2,2,1,2,1,0,0,0,2,4,49,1
"0223",1,1,1,1,2,2,1,4,2,0,1,3,29,1
"0223",1,2,2,2,2,2,1,0,0,0,1,3,54,2
"0223",1,2,2,1,2,2,1,0,0,0,1,3,24,1
"0223",1,2,2,2,1,2,2,0,0,0,0,0,34,1
"0223",1,1,1,1,2,2,2,3,2,0,0,0,19,2
"0223",1,2,2,2,2,2,2,0,0,0,0,0,83,2
"0223",1,2,1,2,2,2,2,5,2,0,0,0,58,2
"0223",1,1,1,1,1,2,1,3,2,0,3,3,37,1
"0223",1,1,2,2,1,2,2,0,0,0,0,0,33,1
"0223",1,1,2,2,1,2,2,0,0,0,0,0,80,1
"0223",1,1,1,2,2,2,2,2,3,600,0,0,26,1
"0223",1,1,2,2,2,2,2,0,0,0,0,0,67,1
"0223",1,2,2,2,1,2,2,0,0,0,0,0,68,2
"0223",1,2,2,2,2,2,1,0,0,0,2,4,24,2
"0223",1,1,1,2,2,2,1,4,3,100,1,3,58,2
"0223",1,1,1,2,2,2,1,4,2,0,1,3,32,2
"0223",1,1,2,1,2,2,1,0,0,0,1,4,30,1
"0223",1,2,2,2,2,2,1,0,0,0,2,4,54,2
"0223",1,2,2,2,1,2,2,0,0,0,0,0,65,2
"0223",1,2,2,2,2,2,1,0,0,0,1,3,43,1
"0223",1,2,2,2,2,2,2,0,0,0,0,0,25,2
"0223",1,1,1,2,1,2,2,4,1,0,0,0,36,1
"0223",1,1,1,1,1,2,2,4,3,300,0,0,33,2
"0223",1,1,1,2,1,2,2,4,2,0,0,0,65,1
"0223",1,2,2,2,2,2,2,0,0,0,0,0,32,2
"0223",1,1,2,1,2,2,1,0,0,0,2,4,32,2
"0223",1,1,2,1,2,2,2,0,0,0,0,0,42,2
"0223",1,1,1,1,1,2,1,3,2,0,2,4,36,1
"0223",1,1,2,1,2,2,1,0,0,0,3,4,30,2
"0223",1,1,2,1,2,2,1,0,0,0,2,4,56,1
"0223",1,2,2,1,2,2,1,0,0,0,2,3,32,2
"0223",1,1,1,2,1,2,2,2,3,500,0,0,19,2
"0223",1,1,2,2,1,2,2,0,0,0,0,0,68,1
"0223",1,2,2,2,2,2,2,0,0,0,0,0,81,2
"0223",1,1,1,2,1,2,2,2,3,700,0,0,32,2
"0223",1,1,1,2,1,2,2,3,2,0,0,0,40,1
"0223",1,1,1,1,2,2,2,3,2,0,0,0,34,2
"0223",1,2,2,2,2,2,1,0,0,0,1,3,60,1
"0223",1,1,2,2,1,2,1,0,0,0,1,3,25,2
"0223",1,2,2,1,2,2,2,0,0,0,0,0,65,2
"0223",1,2,2,1,2,2,2,0,0,0,0,0,59,2
"0223",1,2,2,2,2,2,1,0,0,0,1,3,56,2
"0223",1,2,2,2,2,2,1,0,0,0,1,3,27,2
"0223",1,1,2,1,2,2,2,0,0,0,0,0,48,1
"0223",1,1,1,2,1,2,2,4,2,0,0,0,62,1
"0223",1,1,2,1,2,2,2,0,0,0,0,0,37,2
"0223",1,1,2,1,2,2,1,0,0,0,3,4,22,2
"0223",1,2,2,2,2,2,2,0,0,0,0,0,24,2
"0223",1,2,2,2,1,2,2,0,0,0,0,0,58,2
"0223",1,1,2,1,2,2,2,0,0,0,0,0,27,2
"0223",1,1,2,2,1,2,2,0,0,0,0,0,42,1
"0223",1,1,1,1,2,2,2,3,2,0,0,0,50,2
"0223",1,1,2,2,1,2,2,0,0,0,0,0,41,1
"0223",1,2,2,2,2,2,2,0,0,0,0,0,51,1
"0223",1,1,2,1,2,2,1,0,0,0,2,3,29,2
"0223",1,1,2,1,2,2,2,0,0,0,0,0,59,2
"0223",1,1,2,1,2,2,1,0,0,0,2,4,30,1
"0223",1,1,2,1,1,2,2,0,0,0,0,0,65,1
"0223",1,2,2,2,2,2,2,0,0,0,0,0,55,2
"0223",1,1,1,1,1,2,1,2,3,800,2,2,19,2
"0223",1,1,1,1,2,2,2,3,2,0,0,0,60,2
"0223",1,1,2,1,1,2,2,0,0,0,0,0,38,1
"0223",1,1,2,1,2,2,2,0,0,0,0,0,52,1
"0223",1,1,1,1,2,2,2,3,2,0,0,0,69,2
"0223",1,1,1,2,1,2,2,3,3,600,0,0,71,1
"0223",2,0,0,0,0,0,0,0,0,0,0,0,75,2
"0223",1,2,2,2,2,2,2,0,0,0,0,0,72,2
"0223",1,1,2,2,1,2,2,0,0,0,0,0,61,1
"0223",1,1,1,2,1,2,2,1,3,600,0,0,67,2
"0223",1,2,2,2,2,2,2,0,0,0,0,0,36,1
"0223",1,1,2,2,2,2,1,0,0,0,2,4,65,2
"0223",1,1,2,1,2,2,1,0,0,0,2,4,56,2
"0223",1,1,2,2,1,2,2,0,0,0,0,0,44,1
"0223",1,1,2,2,1,2,2,0,0,0,0,0,36,1
"0223",1,1,1,1,1,2,2,3,3,2000,0,0,37,1
"0223",1,2,2,2,2,2,2,0,0,0,0,0,61,1
"0223",1,1,2,1,2,2,2,0,0,0,0,0,38,1
"0223",1,1,2,2,1,2,2,0,0,0,0,0,75,1
"0223",1,1,2,2,2,2,1,0,0,0,2,4,28,1
"0223",1,2,2,2,2,2,2,0,0,0,0,0,21,2
"0223",1,2,2,2,1,2,2,0,0,0,0,0,51,2
"0223",1,1,2,2,1,2,1,0,0,0,2,3,29,1
"0223",1,1,2,1,1,2,1,0,0,0,1,4,48,1
"0223",1,1,1,2,1,1,2,4,3,800,0,0,27,1
"0223",1,1,2,1,1,1,1,0,0,0,1,1,26,1
"0223",1,1,2,2,1,2,2,0,0,0,0,0,48,1
"0223",1,2,2,2,2,2,2,0,0,0,0,0,19,2
"0223",1,1,1,2,2,2,2,4,2,0,0,0,66,1
"0223",1,1,2,1,1,2,1,0,0,0,2,1,41,2
"0223",1,1,1,2,2,2,2,4,2,0,0,0,48,2
"0223",1,1,1,2,1,2,2,4,3,600,0,0,38,2
"0223",1,1,1,2,2,2,1,2,2,0,1,3,52,2
"0223",1,1,2,1,1,2,2,0,0,0,0,0,52,1
"0223",1,2,2,2,2,2,1,0,0,0,3,1,52,2
"0223",1,1,2,2,2,2,2,0,0,0,0,0,57,2
"0223",1,2,2,2,2,2,2,0,0,0,0,0,77,1
"0223",1,1,1,2,2,2,1,2,1,0,2,2,21,2
"0223",1,2,2,2,2,2,2,0,0,0,0,0,42,1
"0223",1,1,2,2,1,2,2,0,0,0,0,0,51,1
"0223",1,1,1,1,1,2,2,4,2,0,0,0,57,1
"0223",1,1,1,2,2,2,1,1,1,0,2,1,33,1
"0223",1,2,2,2,2,2,2,0,0,0,0,0,19,1
"0223",1,1,1,2,1,2,1,2,2,0,1,2,20,2
"0223",1,2,2,2,2,2,2,0,0,0,0,0,66,1
"0223",1,1,2,2,1,2,2,0,0,0,0,0,52,1
"0223",1,1,1,2,1,2,2,3,2,0,0,0,67,2
"0223",1,1,2,1,1,2,2,0,0,0,0,0,69,1
"0223",1,1,1,2,2,2,1,2,3,6000,2,2,19,1
"0223",1,1,2,2,1,2,2,0,0,0,0,0,40,1
"0223",1,1,1,2,2,2,1,2,1,0,2,2,28,1
"0223",1,1,2,1,1,2,1,0,0,0,3,4,32,2
"0223",1,1,2,2,1,1,1,0,0,0,3,4,33,2
"0223",1,1,1,2,2,2,1,4,2,0,2,1,50,2
"0223",1,1,1,1,1,2,1,4,3,300,2,1,40,1
"0223",1,2,2,2,2,2,2,0,0,0,0,0,28,1
"0223",1,2,2,1,2,2,1,0,0,0,5,3,23,1
"0223",1,2,2,2,2,2,2,0,0,0,0,0,48,1
"0223",1,1,1,1,1,2,1,1,2,0,2,3,44,1
"0223",1,1,1,1,2,2,1,4,3,200,2,3,49,2
"0223",1,2,2,2,2,2,2,0,0,0,0,0,23,2
"0223",1,1,1,2,1,2,2,1,3,600,0,0,37,1
"0223",1,2,1,2,2,2,2,1,2,0,0,0,54,1
"0223",1,1,1,2,2,2,2,4,2,0,0,0,56,2
"0223",1,2,2,2,2,2,2,0,0,0,0,0,64,1
"0223",1,1,1,2,2,2,2,3,3,900,0,0,21,1
"0223",1,1,2,2,1,2,2,0,0,0,0,0,48,2
"0223",1,2,2,2,2,2,2,0,0,0,0,0,69,1
"0223",1,2,2,1,2,2,2,0,0,0,0,0,42,2
"0223",1,1,1,2,2,2,2,3,2,0,0,0,55,2
"0223",1,1,2,2,1,2,2,0,0,0,0,0,69,1
"0223",2,0,0,0,0,0,0,0,0,0,0,0,65,1
"0223",1,1,1,2,2,2,2,1,3,3000,0,0,25,2
"0223",1,1,2,2,2,1,2,0,0,0,0,0,32,1
"0223",1,1,2,2,2,2,2,0,0,0,0,0,47,2
"0223",1,2,2,1,2,2,2,0,0,0,0,0,57,1
"0223",1,2,2,2,1,2,1,0,0,0,2,3,50,2
"0223",1,1,1,2,1,2,2,4,2,0,0,0,40,1
"0223",1,1,1,2,1,2,2,5,2,0,0,0,43,2
"0223",1,1,1,1,2,2,2,4,2,0,0,0,36,2
"0223",1,2,2,2,2,2,2,0,0,0,0,0,68,2
"0223",1,2,2,2,2,2,2,0,0,0,0,0,35,2
"0223",1,1,2,2,1,2,2,0,0,0,0,0,39,1
"0223",1,1,2,2,2,2,1,0,0,0,1,4,22,2
"0223",1,1,1,2,2,2,1,4,2,0,1,1,32,2
"0223",1,1,1,2,2,2,1,3,2,0,2,3,64,2
"0223",1,1,1,1,2,2,1,4,3,350,2,4,61,2
"0223",1,1,1,2,2,2,1,4,3,300,5,4,56,2
"0223",1,1,1,1,2,2,1,4,3,400,2,4,40,2
"0223",1,1,1,2,2,2,1,4,2,0,2,4,38,1
"0223",1,1,2,2,1,2,1,0,0,0,2,1,43,1
"0223",1,1,2,2,2,2,1,0,0,0,2,4,45,2
"0223",1,1,1,2,2,1,1,4,3,1000,5,3,39,1
"0223",1,1,1,2,2,2,1,4,1,0,1,1,32,1
"0223",1,1,1,2,2,2,2,4,2,0,0,0,57,2
"0223",1,1,1,2,2,2,1,2,1,0,1,2,19,1
"0223",1,1,2,2,2,2,1,0,0,0,2,1,63,1
"0223",1,1,1,1,2,2,1,1,1,0,2,3,59,1
"0223",1,1,2,2,2,2,1,0,0,0,1,3,33,2
"0223",1,1,1,2,1,2,2,1,3,1000,0,0,58,1
"0223",1,1,1,2,2,2,1,1,2,0,2,3,46,1
"0223",1,2,2,2,2,2,1,0,0,0,2,4,33,2
"0223",1,1,1,2,2,2,2,1,3,1000,0,0,44,2
"0223",1,2,2,1,2,2,2,0,0,0,0,0,56,2
"0223",1,1,1,2,2,2,2,4,3,600,0,0,54,1
"0223",1,2,2,1,2,2,2,0,0,0,0,0,22,2
"0223",1,2,2,1,2,2,2,0,0,0,0,0,47,2
"0223",1,1,1,2,2,2,2,4,2,0,0,0,25,1
"0223",1,2,2,2,1,2,2,0,0,0,0,0,43,1
"0223",1,1,1,2,2,2,2,4,3,200,0,0,27,2
"0223",1,2,2,2,2,2,2,0,0,0,0,0,30,1
"0223",1,2,2,2,2,2,2,0,0,0,0,0,33,2
"0223",1,1,1,2,2,2,2,4,3,380,0,0,58,1
"0223",1,1,1,1,2,2,2,4,3,500,0,0,41,2
"0223",1,1,1,2,2,2,2,1,2,0,0,0,39,2
"0223",1,1,1,2,2,2,2,3,3,300,0,0,42,2
"0223",1,1,2,2,1,2,2,0,0,0,0,0,23,2
"0223",1,2,2,2,2,2,2,0,0,0,0,0,71,1
"0223",1,2,2,2,1,2,2,0,0,0,0,0,47,1
"0223",1,2,2,1,2,2,2,0,0,0,0,0,62,2
"0223",1,2,2,1,2,2,2,0,0,0,0,0,43,2
"0223",1,2,2,1,2,2,2,0,0,0,0,0,35,2
"0223",2,0,0,0,0,0,0,0,0,0,0,0,77,2
"0223",1,2,2,2,2,2,2,0,0,0,0,0,63,1
"0223",1,2,2,1,1,2,2,0,0,0,0,0,49,2
"0223",1,1,1,2,2,2,2,4,3,550,0,0,58,2
"0223",1,1,1,1,2,2,1,2,1,0,2,1,23,1
"0223",1,1,1,1,2,2,1,2,1,0,1,2,25,2
"0223",1,1,1,2,1,2,2,3,2,0,0,0,67,1
"0223",1,1,1,2,2,2,2,1,2,0,0,0,60,1
"0223",1,2,1,2,2,2,1,2,3,1200,3,3,19,1
"0223",1,1,1,2,2,2,1,3,1,0,2,3,38,1
"0223",1,1,1,2,2,2,1,5,2,0,2,3,42,2
"0223",1,2,1,2,2,2,2,4,2,0,0,0,66,2
"0223",1,1,1,2,2,2,2,4,2,0,0,0,41,2
"0223",1,1,1,2,1,2,2,1,2,0,0,0,30,1
"0223",1,2,2,2,1,2,2,0,0,0,0,0,72,1
"0223",1,1,1,2,2,2,2,3,3,150,0,0,83,1
"0223",2,0,0,0,0,0,0,0,0,0,0,0,79,2
"0223",2,0,0,0,0,0,0,0,0,0,0,0,52,2
"0223",1,1,2,2,1,2,1,0,0,0,3,3,30,1
"0223",1,1,2,1,2,2,1,0,0,0,2,3,24,1
"0223",1,1,1,2,2,2,1,2,1,0,2,2,19,1
"0223",1,1,1,2,2,2,1,5,3,1200,1,3,63,2
"0223",1,1,1,2,1,2,2,3,3,150,0,0,62,2
"0223",1,1,1,1,2,2,2,4,2,0,0,0,58,2
"0223",1,1,1,1,2,2,2,3,2,0,0,0,35,1
"0223",1,1,1,1,2,2,1,3,2,0,2,3,72,1
"0223",1,1,1,1,1,2,1,3,3,300,2,3,66,2
"0223",1,2,2,2,2,2,2,0,0,0,0,0,74,1
"0223",1,1,1,1,2,2,1,3,1,0,1,4,36,2
"0223",1,1,1,1,1,2,2,4,3,200,0,0,76,1
"0223",1,1,1,2,1,2,1,3,1,0,5,4,35,2
"0223",1,1,2,1,1,1,2,0,0,0,0,0,51,2
"0223",1,2,2,2,2,2,2,0,0,0,0,0,34,1
"0223",1,2,2,2,2,2,2,0,0,0,0,0,78,1
"0223",1,1,1,1,1,2,2,3,1,0,0,0,37,2
"0223",1,1,1,2,2,2,2,3,2,0,0,0,69,2
"0223",1,1,1,2,2,2,2,4,2,0,0,0,64,1
"0223",1,2,2,1,2,2,2,0,0,0,0,0,50,2
"0223",2,0,0,0,0,0,0,0,0,0,0,0,70,2
"0223",1,1,1,2,2,2,1,3,1,0,2,1,69,1
"0223",1,2,2,2,1,2,2,0,0,0,0,0,41,1
"0223",1,1,1,2,2,2,2,5,2,0,0,0,58,2
"0223",1,1,1,2,2,2,1,4,2,0,2,3,25,2
"0223",1,1,1,2,2,2,2,3,2,0,0,0,32,1
"0223",1,1,2,2,1,2,2,0,0,0,0,0,57,2
"0223",1,2,2,2,2,2,1,0,0,0,2,1,29,1
"0223",1,2,1,1,2,2,1,4,2,0,5,4,44,2
"0223",1,1,2,1,2,2,1,0,0,0,1,4,52,2
"0223",1,2,2,2,1,2,2,0,0,0,0,0,37,2
"0223",1,1,1,1,2,2,1,5,2,0,5,4,64,2
"0223",1,1,1,2,2,2,2,4,2,0,0,0,32,2
"0223",1,1,1,2,2,2,2,4,2,0,0,0,72,1
"0223",1,2,2,2,2,2,2,0,0,0,0,0,85,1
"0223",1,1,1,1,1,2,1,4,2,0,1,4,42,1
"0223",1,1,1,2,2,2,2,3,2,0,0,0,31,2
"0223",1,2,2,1,2,2,2,0,0,0,0,0,51,2
"0223",1,1,1,2,2,2,2,3,3,300,0,0,26,2
"0223",1,2,1,2,2,2,2,3,3,300,0,0,27,1
"0223",1,1,1,2,2,2,2,4,3,2000,0,0,29,2
"0223",1,1,1,2,2,2,2,4,3,2000,0,0,73,1
"0223",1,1,1,2,2,2,1,4,2,0,1,3,31,1
"0223",1,2,2,1,2,2,2,0,0,0,0,0,72,2
"0223",1,1,2,2,1,2,1,0,0,0,1,1,34,1
"0223",1,2,2,1,2,2,2,0,0,0,0,0,21,2
"0223",1,2,2,1,2,2,2,0,0,0,0,0,23,2
"0223",1,2,2,1,2,2,2,0,0,0,0,0,32,2
"0223",1,2,1,2,2,2,1,1,1,0,2,1,40,1
"0223",1,1,1,2,2,2,2,3,3,200,0,0,28,2
"0223",1,1,1,2,2,2,2,4,3,1000,0,0,29,1
"0223",1,1,2,1,2,2,2,0,0,0,0,0,80,2
"0223",1,2,2,2,2,2,2,0,0,0,0,0,70,1
"0223",2,0,0,0,0,0,0,0,0,0,0,0,18,2
"0223",1,1,1,2,2,1,2,4,2,0,0,0,23,2
"0223",1,2,2,2,2,2,2,0,0,0,0,0,34,2
"0223",1,1,1,2,2,2,2,4,2,0,0,0,67,1
"0223",1,1,2,2,2,2,1,0,0,0,2,3,22,2
"0223",1,1,1,1,2,2,1,4,3,3000,1,4,42,1
"0223",1,1,1,2,2,2,1,3,2,0,1,4,39,2
"0223",1,2,2,1,2,2,2,0,0,0,0,0,46,2
"0223",1,2,1,2,2,2,2,4,2,0,0,0,40,2
"0223",1,1,1,1,2,2,1,4,2,0,2,3,24,1
"0223",1,1,2,2,2,2,1,0,0,0,5,4,54,2
"0223",1,1,1,2,2,2,2,4,2,0,0,0,23,2
"0223",1,2,2,2,2,2,1,0,0,0,1,3,19,2
"0223",1,1,1,2,2,2,1,3,1,0,1,4,43,2
"0223",1,1,2,1,1,2,1,0,0,0,2,3,25,1
"0223",1,1,1,2,2,2,1,3,3,350,3,1,58,2
"0223",1,1,1,2,2,2,1,2,3,150,2,2,23,1
"0223",1,2,2,2,2,2,1,0,0,0,2,4,44,1
"0223",1,1,1,2,2,2,2,4,2,0,0,0,49,2
"0223",1,1,1,2,2,2,2,4,2,0,0,0,80,2
"0223",1,1,1,2,2,2,2,5,2,0,0,0,47,2
"0223",1,2,1,2,2,2,2,4,2,0,0,0,34,1
"0223",1,1,1,2,2,2,1,4,3,1500,1,2,22,2
"0223",1,1,1,2,2,2,2,4,2,0,0,0,74,1
"0223",1,1,1,2,2,2,1,4,3,4000,2,4,24,1
"0223",1,2,2,2,1,2,2,0,0,0,0,0,49,1
"0223",1,1,1,1,2,2,1,4,2,0,2,3,26,1
"0223",1,1,1,2,2,2,2,4,2,0,0,0,76,2
"0223",1,1,1,2,2,2,2,3,1,0,0,0,71,1
"0223",1,1,1,2,2,2,1,4,3,300,1,4,29,2
"0223",1,1,1,2,2,2,2,4,2,0,0,0,63,2
"0223",1,1,1,2,2,2,1,4,3,750,2,4,23,2
"0223",1,1,1,2,2,1,1,4,1,0,1,3,25,2
"0223",1,1,1,1,2,2,2,3,1,0,0,0,62,1
"0223",1,1,2,2,2,1,1,0,0,0,2,4,26,1
"0223",1,2,2,2,2,2,2,0,0,0,0,0,71,2
"0223",1,2,1,2,2,2,1,1,3,1000,5,3,20,1
"0223",1,2,1,2,2,2,2,4,2,0,0,0,32,2
"0223",1,1,2,2,1,2,2,0,0,0,0,0,62,2
"0223",1,2,1,2,2,2,2,4,2,0,0,0,34,2
"0223",1,1,2,2,2,2,2,0,0,0,0,0,64,2
"0223",1,1,1,2,2,2,2,3,2,0,0,0,50,1
"0223",1,2,1,2,2,2,2,3,2,0,0,0,24,2
"0223",1,1,1,2,2,2,2,4,3,300,0,0,31,2
"0223",1,1,2,1,2,2,2,0,0,0,0,0,42,1
"0223",1,1,1,2,2,2,2,4,2,0,0,0,29,2
"0223",1,1,1,2,2,2,2,4,2,0,0,0,79,1
"0223",1,1,1,2,2,2,1,4,2,0,5,3,20,2
"0223",1,1,1,2,2,2,2,4,3,800,0,0,44,1
"0223",1,2,2,1,2,2,2,0,0,0,0,0,58,2
"0223",1,1,1,2,1,2,2,3,3,800,0,0,59,2
"0223",1,1,1,2,2,2,2,4,2,0,0,0,43,2
"0223",1,2,1,2,2,2,2,5,3,400,0,0,72,2
"0223",1,2,2,1,2,2,1,0,0,0,2,4,27,1
"0223",1,1,1,1,2,2,1,3,3,400,2,3,24,2
"0223",1,2,2,2,2,2,2,0,0,0,0,0,38,2
"0223",1,1,1,1,2,2,2,4,2,0,0,0,40,2
"0223",1,2,1,2,2,2,2,3,2,0,0,0,43,2
"0223",1,2,1,2,2,2,2,3,2,0,0,0,38,2
"0223",1,2,2,2,2,2,2,0,0,0,0,0,37,1
"0223",1,1,1,2,2,2,2,3,3,2000,0,0,26,1
"0223",1,1,1,2,2,2,2,3,3,300,0,0,33,1
"0223",1,1,1,2,2,2,2,1,2,0,0,0,28,2
"0223",1,1,1,2,2,2,2,3,1,0,0,0,37,2
"0223",1,1,1,2,2,2,1,1,3,4000,1,4,59,2
"0223",1,1,1,2,2,2,1,3,3,450,3,3,21,2
"0223",1,1,1,2,2,2,1,1,3,2000,3,1,46,2
"0223",1,1,1,2,2,2,1,4,1,0,3,3,50,1
"0223",1,1,1,2,2,2,2,3,3,350,0,0,49,2
"0223",1,1,1,2,2,2,2,4,3,150,0,0,27,1
"0223",1,1,1,2,2,2,2,4,3,300,0,0,64,2
"0223",1,1,1,2,2,2,1,3,2,0,1,4,63,2
"0223",1,1,1,2,2,2,1,2,2,0,1,2,50,2
"0223",1,1,1,1,2,2,2,5,2,0,0,0,63,2
"0223",1,2,2,2,2,2,1,0,0,0,5,4,38,2
"0223",1,1,1,2,1,2,1,4,3,1500,1,3,48,2
"0223",1,1,1,2,1,2,1,4,3,1000,1,4,45,2
"0223",1,2,2,1,1,2,1,0,0,0,2,1,37,1
"0223",1,1,1,2,2,2,1,2,1,0,1,2,21,2
"0223",1,1,1,2,2,2,1,4,3,500,1,2,26,2
"0223",1,1,1,2,1,2,2,4,3,280,0,0,68,2
"0223",1,1,2,1,2,2,2,0,0,0,0,0,78,2
"0223",1,1,2,1,2,2,2,0,0,0,0,0,72,2
"0223",2,0,0,0,0,0,0,0,0,0,0,0,72,2
"0223",1,2,2,2,2,2,1,0,0,0,2,4,25,1
"0223",1,1,1,2,2,2,1,2,1,0,5,3,24,2
"0223",1,2,2,2,2,2,1,0,0,0,5,4,37,2
"0223",1,2,1,2,2,2,1,3,3,250,1,1,37,1
"0223",1,2,2,1,2,2,2,0,0,0,0,0,53,2
"0223",1,1,1,2,2,2,2,4,3,660,0,0,79,1
"0223",1,1,2,2,2,2,2,0,0,0,0,0,73,1
"0223",1,1,1,2,2,2,1,3,3,1000,3,4,32,2
"0223",1,1,2,1,2,2,2,0,0,0,0,0,61,2
"0223",1,1,1,2,2,2,2,4,3,1500,0,0,51,1
"0223",1,1,1,2,2,2,2,3,1,0,0,0,33,1
"0223",1,1,2,2,1,2,2,0,0,0,0,0,46,1
"0223",1,1,1,2,2,2,2,3,3,1000,0,0,32,1
"0223",1,2,1,2,2,2,2,4,2,0,0,0,61,2
"0223",1,2,1,2,2,2,2,4,2,0,0,0,41,2
"0223",1,2,2,2,2,2,2,0,0,0,0,0,42,2
"0223",1,2,1,2,2,2,2,5,2,0,0,0,66,2
"0223",1,1,1,2,2,2,2,4,2,0,0,0,39,2
"0223",1,1,1,2,2,2,1,4,3,1000,2,3,57,2
"0223",1,1,1,1,2,2,2,4,2,0,0,0,78,2
"0223",1,1,1,2,2,2,2,3,2,0,0,0,58,1
"0223",1,1,1,2,2,2,1,4,2,0,1,3,26,1
"0223",1,1,1,2,2,2,2,4,2,0,0,0,36,1
"0223",1,1,1,2,2,2,2,1,2,0,0,0,38,2
"0223",1,1,1,2,2,2,2,4,2,0,0,0,70,1
"0223",1,1,1,2,2,2,2,4,3,250,0,0,44,2
"0223",1,1,1,1,1,2,1,2,3,1000,2,1,36,1
"0223",1,1,1,1,2,2,1,4,3,1200,1,1,44,2
"0223",1,1,1,2,2,1,1,4,1,0,2,4,27,2
"0223",1,1,1,2,2,2,1,4,3,1000,1,4,26,2
"0223",1,1,1,2,2,2,2,4,1,0,0,0,41,2
"0223",1,1,1,2,2,2,2,3,2,0,0,0,48,2
"0223",1,1,1,2,2,2,2,3,2,0,0,0,21,2
"0223",1,1,1,2,2,1,1,4,2,0,2,4,27,2
"0223",1,1,1,1,2,2,2,4,2,0,0,0,65,1
"0223",1,1,2,2,2,2,1,0,0,0,1,3,46,2
"0223",1,1,1,2,1,2,1,4,2,0,2,3,42,1
"0223",1,2,2,2,2,2,2,0,0,0,0,0,85,2
"0223",1,1,2,2,1,2,2,0,0,0,0,0,29,2
"0223",1,1,1,2,2,2,2,4,2,0,0,0,26,2
"0223",1,1,2,2,2,2,1,0,0,0,2,4,47,1
"0223",1,1,2,2,1,2,2,0,0,0,0,0,38,1
"0223",1,1,2,2,2,2,1,0,0,0,2,4,41,2
"0223",1,1,2,2,2,2,1,0,0,0,1,4,63,2
"0223",1,1,1,2,2,2,1,4,1,0,1,3,38,1
"0223",2,0,0,0,0,0,0,0,0,0,0,0,87,2
"0223",1,1,2,2,1,2,2,0,0,0,0,0,28,1
"0223",1,1,2,1,2,2,2,0,0,0,0,0,38,2
"0223",1,1,1,1,1,2,1,4,2,0,2,4,64,1
"0223",1,1,1,1,2,2,1,5,1,0,5,4,32,2
"0223",1,1,2,2,1,2,2,0,0,0,0,0,65,1
"0223",1,1,1,1,2,2,1,4,3,750,5,2,25,2
"0223",1,1,2,2,1,1,1,0,0,0,2,3,24,1
"0223",1,1,1,2,2,2,1,3,3,1000,5,3,32,2
"0223",1,1,2,1,2,1,2,0,0,0,0,0,32,2
"0223",1,1,1,1,2,2,1,4,2,0,2,4,36,2
"0223",1,1,2,1,2,2,1,0,0,0,2,4,18,1
"0223",1,1,1,1,2,2,1,4,1,0,1,4,31,2
"0223",1,1,1,2,2,2,2,4,2,0,0,0,52,1
"0223",1,1,2,1,2,2,2,0,0,0,0,0,67,2
"0223",1,1,1,2,2,2,1,3,2,0,4,3,51,2
"0223",1,1,2,2,2,2,1,0,0,0,2,3,55,2
"0223",1,1,1,2,1,2,1,4,3,230,2,3,26,1
"0223",1,1,1,1,2,2,2,2,2,0,0,0,24,2
"0223",1,1,2,2,2,2,1,0,0,0,1,4,52,2
"0223",1,1,1,2,2,2,2,4,2,0,0,0,19,1
"0223",1,1,2,1,2,1,2,0,0,0,0,0,35,2
"0223",1,1,1,2,2,2,1,3,3,1000,4,4,44,1
"0223",1,1,2,2,1,2,1,0,0,0,1,3,67,2
"0223",1,1,1,2,1,2,2,1,1,0,0,0,51,1
"0223",1,1,2,1,2,2,2,0,0,0,0,0,45,2
"0223",1,1,1,2,2,1,2,4,3,200,0,0,53,1
"0223",1,1,2,2,2,2,1,0,0,0,5,4,65,2
"0223",1,1,1,2,1,1,1,1,2,0,2,1,25,1
"0223",1,1,2,2,2,2,1,0,0,0,2,4,53,1
"0223",1,1,2,2,2,2,1,0,0,0,4,4,28,1
"0223",1,1,1,1,2,1,2,4,3,240,0,0,44,2
"0223",1,2,2,2,2,2,2,0,0,0,0,0,60,1
"0223",1,1,2,2,2,2,1,0,0,0,1,4,49,1
"0223",1,1,1,1,2,2,1,4,3,500,2,1,48,1
"0223",1,2,2,2,2,2,2,0,0,0,0,0,28,2
"0223",1,1,2,2,1,2,2,0,0,0,0,0,75,2
"0223",1,1,2,2,1,2,1,0,0,0,2,3,64,2
"0223",1,1,1,1,2,2,2,1,2,0,0,0,31,2
"0223",1,1,1,1,2,2,1,4,1,0,1,3,21,1
"0223",1,1,2,2,1,1,1,0,0,0,5,2,34,2
"0223",1,1,1,2,2,2,1,1,2,0,2,1,41,2
"0223",2,0,0,0,0,0,0,0,0,0,0,0,54,2
"0223",1,1,1,2,2,2,2,4,2,0,0,0,31,2
"0223",1,2,2,2,2,2,2,0,0,0,0,0,82,1
"0223",1,1,1,2,2,2,2,4,2,0,0,0,19,2
"0223",1,1,1,2,2,2,2,4,2,0,0,0,69,1
"0223",1,1,1,2,2,2,2,3,2,0,0,0,54,2
"0223",1,1,1,2,2,2,1,3,1,0,2,1,29,2
"0223",1,1,1,2,2,2,1,1,3,720,2,1,72,1
"0223",1,1,1,2,1,2,2,4,1,0,0,0,65,1
"0223",1,1,1,2,2,2,1,1,1,0,1,1,57,1
"0223",2,0,0,0,0,0,0,0,0,0,0,0,64,2
"0223",1,1,1,1,2,2,1,4,3,4000,1,3,36,2
"0223",1,1,1,2,2,2,1,2,3,500,1,2,18,1
"0223",1,1,1,2,1,2,1,4,3,260,2,4,40,1
"0223",1,2,2,2,2,2,2,0,0,0,0,0,72,1
"0223",1,1,2,2,2,2,1,0,0,0,1,3,60,2
"0223",1,1,1,2,2,2,1,2,3,500,2,2,21,1
"0223",1,1,1,2,1,2,1,4,1,0,3,4,63,1
"0223",1,1,1,2,2,2,1,1,2,0,2,1,35,1
"0223",1,1,2,2,2,1,1,0,0,0,2,1,21,1
"0223",1,1,1,2,2,2,1,4,2,0,2,4,48,1
"0223",1,1,1,1,2,1,1,3,1,0,1,3,57,1
"0223",1,1,2,1,2,2,2,0,0,0,0,0,35,2
"0223",2,0,0,0,0,0,0,0,0,0,0,0,86,2
"0223",1,2,2,2,2,2,2,0,0,0,0,0,55,1
"0223",1,1,2,2,2,2,1,0,0,0,2,1,31,1
"0223",1,1,1,2,2,2,2,1,1,0,0,0,44,1
"0223",1,1,1,2,2,2,1,3,3,60,5,4,49,2
"0223",1,1,2,2,2,2,2,0,0,0,0,0,60,1
"0223",1,1,1,1,2,2,1,4,2,0,1,3,38,1
"0223",1,1,1,1,2,2,2,5,2,0,0,0,68,2
"0223",1,1,1,2,2,2,2,4,3,570,0,0,46,2
"0223",1,1,2,2,2,2,1,0,0,0,2,1,61,1
"0223",1,1,1,2,2,2,1,4,3,1200,1,4,40,1
"0223",1,1,1,2,2,2,1,3,2,0,3,3,62,1
"0223",1,1,2,2,2,2,1,0,0,0,1,3,55,2
"0223",1,1,1,2,2,2,2,2,2,0,0,0,56,2
"0223",1,1,1,2,2,2,1,2,2,0,1,3,58,2
"0223",1,1,2,2,2,2,1,0,0,0,5,4,32,2
"0223",1,1,1,1,2,2,2,1,1,0,0,0,42,2
"0223",1,1,1,2,2,2,1,3,3,1200,2,2,22,2
"0223",1,1,1,1,1,2,2,4,3,700,0,0,40,2
"0223",1,1,1,2,2,2,2,2,2,0,0,0,57,1
"0223",1,1,1,2,2,2,2,4,2,0,0,0,34,2
"0223",1,1,1,2,2,2,1,2,2,0,5,2,19,2
"0223",1,1,2,2,2,2,2,0,0,0,0,0,38,2
"0223",1,1,1,2,2,2,2,3,3,350,0,0,55,2
"0223",1,1,1,2,2,2,2,3,3,170,0,0,69,1
"0223",1,1,1,1,1,2,2,1,3,1000,0,0,26,1
"0223",1,2,2,2,1,2,2,0,0,0,0,0,29,1
"0223",1,1,1,2,2,2,2,4,2,0,0,0,62,2
"0223",1,1,1,2,2,2,2,3,2,0,0,0,33,1
"0223",1,1,1,2,2,2,2,4,2,0,0,0,54,1
"0223",1,1,2,1,2,2,2,0,0,0,0,0,24,2
"0223",1,1,1,1,1,1,1,2,2,0,2,3,22,1
"0223",1,1,1,1,2,2,1,3,1,0,2,3,68,1
"0223",1,1,1,2,2,2,1,4,1,0,3,4,40,2
"0223",1,1,2,2,2,2,1,0,0,0,1,4,27,1
"0223",1,1,1,1,1,2,2,3,3,200,0,0,73,2
"0223",1,1,1,2,1,2,1,2,3,580,1,3,20,2
"0223",1,2,1,2,2,2,2,5,3,300,0,0,45,2
"0223",1,1,2,2,2,2,1,0,0,0,1,4,37,1
"0223",1,1,1,2,2,2,2,4,3,700,0,0,21,1
"0223",1,1,1,2,2,2,1,4,2,0,5,3,32,2
"0223",1,1,1,2,2,1,1,4,2,0,5,4,35,1
"0223",1,1,1,1,2,1,1,4,2,0,3,4,27,1
"0223",2,0,0,0,0,0,0,0,0,0,0,0,67,1
"0223",1,1,2,1,1,2,2,0,0,0,0,0,25,1
"0223",1,1,1,2,2,2,2,4,2,0,0,0,63,1
"0223",1,2,1,1,2,2,2,5,2,0,0,0,63,1
"0223",1,1,2,1,2,2,1,0,0,0,2,3,30,1
"0223",1,1,2,2,2,2,1,0,0,0,5,1,52,2
"0223",1,1,1,2,2,2,1,4,3,250,2,4,31,2
"0223",1,1,1,2,2,2,2,4,3,250,0,0,32,1
"0223",1,1,1,2,2,2,1,3,2,0,1,4,66,2
"0223",1,1,1,1,1,2,2,4,1,0,0,0,38,1
"0223",1,1,1,2,2,2,1,3,2,0,1,3,40,2
"0223",1,2,2,2,2,2,2,0,0,0,0,0,38,1
"0223",1,2,1,2,2,2,2,4,2,0,0,0,64,2
"0223",1,1,1,2,2,2,2,4,2,0,0,0,30,2
"0223",1,1,2,1,2,2,2,0,0,0,0,0,41,1
"0223",1,1,1,1,2,2,1,3,1,0,5,3,36,1
"0223",1,2,2,1,2,2,2,0,0,0,0,0,24,2
"0223",1,2,2,2,2,2,2,0,0,0,0,0,73,2
"0223",1,1,1,2,2,2,2,4,2,0,0,0,37,2
"0223",1,2,2,1,2,2,2,0,0,0,0,0,29,2
"0223",1,1,1,1,2,2,1,4,1,0,2,4,23,1
"0223",1,1,1,2,2,2,2,4,2,0,0,0,32,1
"0223",1,1,1,2,2,2,2,5,3,300,0,0,68,2
"0223",1,1,1,1,2,1,1,2,3,1200,5,4,35,1
"0223",1,1,1,2,2,2,2,4,3,500,0,0,70,2
"0223",1,1,1,2,2,2,1,4,3,300,1,3,67,1
"0223",1,1,2,2,2,2,2,0,0,0,0,0,45,2
"0223",1,1,1,2,2,2,1,4,3,1500,1,4,26,1
"0223",1,1,1,2,2,2,2,1,3,5000,0,0,29,1
"0223",1,1,1,1,1,2,2,4,3,800,0,0,49,1
"0223",1,1,1,1,2,2,2,3,3,1700,0,0,38,1
"0223",1,1,2,2,2,2,2,0,0,0,0,0,62,2
"0223",1,1,2,1,2,2,2,0,0,0,0,0,49,2
"0223",1,1,2,1,2,2,2,0,0,0,0,0,66,1
"0223",1,1,2,2,2,2,2,0,0,0,0,0,48,2
"0223",1,1,2,1,2,2,2,0,0,0,0,0,34,2
"0223",1,1,1,1,2,2,2,2,3,2000,0,0,37,2
"0223",1,1,1,1,2,2,1,3,2,0,1,3,59,2
"0223",1,1,1,2,2,2,1,3,3,200,1,3,60,2
"0223",1,1,1,1,2,2,1,4,3,3000,2,1,36,2
"0223",1,1,2,2,2,2,2,0,0,0,0,0,67,2
"0223",1,1,2,2,2,2,2,0,0,0,0,0,55,2
"0223",1,1,1,2,2,2,2,5,2,0,0,0,76,2
"0223",1,1,1,1,1,2,2,3,2,0,0,0,55,1
"0223",1,1,2,2,2,2,1,0,0,0,1,1,41,1
"0223",1,1,1,1,2,2,2,4,2,0,0,0,80,2
"0223",1,2,2,2,2,2,1,0,0,0,1,3,69,1
"0223",1,1,1,1,1,1,2,4,3,60,0,0,68,2
"0223",1,1,1,1,2,2,2,4,3,400,0,0,39,2
"0223",1,1,2,1,1,2,2,0,0,0,0,0,50,1
"0223",1,2,2,2,2,2,1,0,0,0,5,3,33,2
"0223",1,1,2,2,2,2,1,0,0,0,1,4,54,2
"0223",1,1,1,2,1,2,1,4,1,0,2,4,26,1
"0223",1,1,1,2,1,2,2,1,1,0,0,0,47,1
"0223",1,1,2,2,1,2,1,0,0,0,1,5,50,2
"0223",1,1,1,2,2,2,2,4,2,0,0,0,27,1
"0223",2,0,0,0,0,0,0,0,0,0,0,0,50,1
"0223",1,1,1,2,2,2,1,2,2,0,1,3,32,2
"0223",1,1,1,2,2,2,1,4,1,0,5,4,45,2
"0223",1,1,1,1,2,2,2,4,2,0,0,0,64,2
"0223",1,1,2,2,1,2,2,0,0,0,0,0,32,1
"0223",1,1,1,1,2,2,1,5,2,0,2,4,66,2
"0223",1,1,2,1,2,2,2,0,0,0,0,0,60,2
"0223",1,1,1,1,1,2,2,4,1,0,0,0,50,1
"0223",1,1,2,2,2,2,1,0,0,0,5,1,37,1
"0223",1,1,1,1,1,1,1,1,1,0,3,1,38,1
"0223",1,1,2,2,2,2,1,0,0,0,1,1,26,2
"0223",1,2,2,2,1,2,2,0,0,0,0,0,44,1
"0223",1,1,1,2,1,2,1,5,2,0,5,4,44,1
"0223",1,1,2,2,2,2,1,0,0,0,5,2,30,2
"0223",1,1,1,2,1,2,1,4,2,0,5,3,48,2
"0223",1,2,2,2,2,2,1,0,0,0,1,1,49,1
"0223",1,1,1,1,1,1,2,2,1,0,0,0,25,2
"0223",1,1,1,1,1,1,1,4,3,1000,3,4,18,2
"0223",1,1,1,2,2,2,1,1,2,0,1,1,23,1
"0223",1,1,1,2,2,2,1,2,3,1000,2,2,29,2
"0223",1,1,2,2,2,2,1,0,0,0,1,4,25,1
"0223",1,1,1,2,1,2,1,3,2,0,1,4,58,2
"0223",1,1,1,2,2,2,2,4,3,1500,0,0,34,2
"0223",1,1,2,2,2,2,1,0,0,0,1,3,21,1
"0223",1,1,1,1,2,2,1,3,1,0,5,1,31,1
"0223",1,1,1,1,2,2,1,2,3,700,1,2,39,2
"0223",1,2,2,2,2,2,1,0,0,0,5,4,47,2
"0223",1,1,1,2,2,1,2,3,3,300,0,0,22,1
"0223",1,2,2,1,1,2,2,0,0,0,0,0,24,2
"0223",1,1,2,2,1,2,2,0,0,0,0,0,56,1
"0223",1,1,1,2,2,1,1,4,2,0,1,4,28,2
"0223",1,1,1,1,1,2,1,4,3,300,2,4,50,1
"0223",1,1,2,1,1,2,2,0,0,0,0,0,57,1
"0223",1,1,1,1,2,2,1,6,3,450,2,3,33,1
"0223",1,1,1,2,1,2,2,3,3,300,0,0,70,2
"0223",1,1,1,2,2,2,1,4,3,3000,5,3,71,1
"0223",1,1,1,1,2,2,1,4,3,150,2,4,68,2
"0223",1,1,1,2,2,2,1,3,3,300,3,3,34,1
"0223",1,1,2,2,2,2,2,0,0,0,0,0,56,1
"0223",1,1,2,1,2,1,1,0,0,0,5,1,33,2
"0223",1,1,1,2,2,1,1,4,1,0,2,4,40,2
"0223",1,1,1,1,1,1,1,3,1,0,5,4,50,1
"0223",1,2,2,1,2,2,2,0,0,0,0,0,47,1
"0223",1,1,2,1,2,2,1,0,0,0,1,3,32,2
"0223",1,1,1,2,1,2,2,4,2,0,0,0,51,1
"0223",1,1,1,1,1,2,2,5,2,0,0,0,55,2
"0223",1,2,1,2,2,2,2,1,1,0,0,0,35,1
"0223",1,1,2,2,1,1,2,0,0,0,0,0,29,1
"0223",1,1,1,2,2,2,2,5,2,0,0,0,72,2
"0223",1,1,1,2,2,2,2,3,2,0,0,0,44,2
"0223",1,1,1,2,2,2,1,4,2,0,2,4,59,2
"0223",1,1,1,1,1,2,1,1,1,0,1,1,27,2
"0223",1,2,1,2,2,2,2,4,2,0,0,0,54,1
"0223",1,2,2,2,2,2,1,0,0,0,2,4,23,1
"0223",1,1,2,1,2,2,1,0,0,0,2,2,22,2
"0223",1,1,1,2,2,2,2,5,2,0,0,0,56,1
"0223",1,2,2,1,2,2,2,0,0,0,0,0,22,1
"0223",1,1,2,1,2,2,1,0,0,0,5,4,20,2
"0223",1,1,1,2,2,2,1,4,3,300,5,2,41,2
"0223",1,1,1,2,2,2,1,1,1,0,5,1,28,2
"0223",1,1,2,1,2,2,1,0,0,0,2,4,40,2
"0223",1,1,2,1,2,2,2,0,0,0,0,0,56,2
"0223",1,1,2,2,1,2,2,0,0,0,0,0,31,1
"0223",1,1,1,2,2,2,1,4,3,180,5,3,40,2
"0223",1,1,1,2,2,2,1,1,1,0,1,1,39,1
"0223",1,1,1,1,2,2,2,5,2,0,0,0,36,2
"0223",1,1,1,2,1,2,1,3,3,500,5,1,27,1
"0223",1,1,1,1,1,2,2,5,2,0,0,0,63,2
"0223",1,1,1,1,2,2,2,5,3,300,0,0,20,1
"0223",1,2,2,2,2,2,1,0,0,0,5,4,25,2
"0223",1,1,1,1,1,2,1,2,2,0,1,1,48,2
"0223",1,1,2,2,2,2,1,0,0,0,5,3,43,2
"0223",1,1,1,2,1,2,1,3,3,300,2,3,34,1
"0223",1,1,1,2,2,2,2,6,3,50,0,0,69,2
"0223",1,1,1,1,2,2,1,4,2,0,5,4,73,2
"0223",1,1,1,2,2,2,1,1,2,0,2,1,33,1
"0223",1,1,1,2,2,2,2,5,2,0,0,0,63,2
"0223",1,1,1,2,1,2,2,1,2,0,0,0,45,1
"0223",1,1,2,2,1,2,2,0,0,0,0,0,55,1
"0223",1,1,2,1,2,2,1,0,0,0,2,3,58,1
"0223",1,2,2,1,2,1,2,0,0,0,0,0,18,1
"0223",1,1,2,2,2,2,2,0,0,0,0,0,68,2
"0223",1,1,2,2,2,2,1,0,0,0,2,3,53,2
"0223",1,1,2,1,1,2,1,0,0,0,2,3,38,2
"0223",1,1,2,2,2,2,2,0,0,0,0,0,52,2
"0223",1,2,2,2,1,2,2,0,0,0,0,0,46,1
"0223",1,1,1,2,2,2,1,4,3,200,1,4,44,1
"0223",1,1,1,1,2,2,1,1,2,0,1,3,51,2
"0223",1,1,2,2,2,2,1,0,0,0,2,3,48,2
"0223",1,1,1,2,2,2,1,3,2,0,2,3,46,1
"0223",1,1,1,2,2,2,1,3,2,0,2,3,56,1
"0223",1,1,2,1,2,2,1,0,0,0,1,3,50,1
"0223",1,1,2,2,2,2,1,0,0,0,1,4,61,1
"0223",1,1,1,2,2,2,1,4,3,150,1,3,31,2
"0223",1,1,2,2,1,2,2,0,0,0,0,0,49,1
"0223",1,2,1,2,2,2,2,4,2,0,0,0,19,1
"0223",1,1,2,1,1,2,2,0,0,0,0,0,49,2
"0223",1,2,2,1,2,2,1,0,0,0,2,3,48,2
"0223",1,1,1,1,1,2,1,4,2,0,1,3,30,1
"0223",1,1,1,1,2,2,2,5,2,0,0,0,44,2
"0223",1,1,1,2,2,2,1,1,3,250,2,1,55,1
"0223",1,1,1,1,2,2,1,3,1,0,1,4,43,1
"0223",1,2,2,2,2,2,1,0,0,0,1,4,37,2
"0223",1,2,1,2,2,2,2,4,3,150,0,0,28,1
"0223",1,1,1,2,2,2,2,5,3,600,0,0,27,2
"0223",1,1,2,1,2,2,1,0,0,0,1,4,25,1
"0223",1,1,2,1,1,2,2,0,0,0,0,0,41,1
"0223",1,2,1,2,1,2,1,4,2,0,2,3,40,2
"0223",1,2,2,2,2,2,1,0,0,0,1,1,49,2
"0223",1,1,1,1,1,1,1,1,3,500,1,3,40,1
"0223",1,2,2,2,2,2,1,0,0,0,1,3,57,2
"0223",1,1,1,1,2,2,1,4,1,0,5,3,22,1
"0223",1,1,2,1,2,2,1,0,0,0,5,4,28,1
"0223",1,1,2,2,2,2,1,0,0,0,2,4,48,2
"0223",1,2,2,2,1,2,1,0,0,0,5,4,32,1
"0223",1,1,1,1,1,1,1,3,1,0,5,3,40,1
"0223",1,1,1,1,2,1,1,4,1,0,2,4,19,2
"0223",1,1,1,2,2,2,1,4,1,0,5,3,60,1
"0223",1,1,1,2,2,2,2,4,3,390,0,0,25,2
"0223",1,1,1,2,2,2,1,4,3,1200,2,4,34,1
"0223",1,1,1,1,1,2,2,4,3,320,0,0,73,1
"0223",1,1,1,2,2,2,2,3,3,1200,0,0,78,1
"0223",1,1,2,1,2,2,1,0,0,0,1,1,70,1
"0223",1,2,2,2,2,2,1,0,0,0,2,1,36,2
"0223",1,1,1,1,1,2,1,4,2,0,1,3,41,2
"0223",1,1,2,1,2,1,1,0,0,0,5,4,36,1
"0223",1,1,2,1,2,2,1,0,0,0,2,1,35,1
"0223",1,1,1,2,2,2,1,2,3,150,2,1,20,2
"0223",1,1,2,2,1,2,1,0,0,0,2,3,35,2
"0223",1,1,1,1,1,2,2,2,3,6000,0,0,43,1
"0223",1,1,2,1,1,2,1,0,0,0,1,4,30,1
"0223",2,0,0,0,0,0,0,0,0,0,0,0,41,1
"0223",1,2,2,2,1,2,1,0,0,0,1,3,62,2
"0223",1,1,2,2,2,2,1,0,0,0,5,5,50,2
"0223",1,1,1,2,2,2,1,4,3,1300,2,3,30,1
"0223",1,1,1,2,2,2,1,6,2,0,1,3,27,2
"0223",1,2,2,2,2,2,1,0,0,0,2,1,47,1
"0223",1,2,2,2,2,2,1,0,0,0,5,1,35,2
"0223",1,1,1,1,2,2,1,4,3,100,2,3,20,1
"0223",1,2,2,2,2,2,1,0,0,0,2,3,53,2
"0223",1,1,2,2,2,2,1,0,0,0,2,3,57,2
"0223",1,1,2,2,2,2,2,0,0,0,0,0,76,2
"0223",1,1,2,1,2,2,1,0,0,0,1,3,36,2
"0223",1,2,2,2,1,2,2,0,0,0,0,0,33,2
"0223",1,1,1,2,2,2,2,6,1,0,0,0,30,2
"0223",1,1,1,1,2,2,1,1,1,0,1,1,24,2
"0223",1,2,2,1,1,2,1,0,0,0,1,3,65,2
"0223",1,1,1,1,1,2,1,4,3,2000,1,3,44,1
"0223",1,2,1,1,1,2,1,3,3,500,1,3,41,2
"0223",1,1,2,1,2,1,1,0,0,0,2,2,33,1
"0223",1,1,1,1,1,1,1,2,1,0,5,3,37,2
"0223",1,2,2,2,2,1,1,0,0,0,3,4,22,1
"0223",1,1,2,2,2,2,1,0,0,0,1,3,22,2
"0223",1,1,2,2,2,1,1,0,0,0,2,6,47,2
"0223",1,1,1,2,2,2,1,4,3,200,1,1,43,2
"0223",1,1,1,2,2,2,1,4,2,0,1,3,29,1
"0223",1,1,1,2,2,2,1,4,1,0,1,3,29,1
"0223",1,2,2,2,2,2,1,0,0,0,5,6,28,2
"0223",1,1,1,2,2,2,2,5,2,0,0,0,71,1
"0223",1,1,1,2,2,2,2,5,3,60,0,0,70,2
"0223",1,1,1,1,1,2,1,3,1,0,1,3,24,1
"0223",1,1,1,1,2,1,1,4,1,0,1,3,33,1
"0223",1,1,1,2,2,2,1,5,2,0,2,1,63,2
"0223",1,1,2,1,2,2,1,0,0,0,1,5,61,2
"0223",1,1,1,2,1,2,1,4,3,350,2,4,59,2
"0223",1,1,2,2,2,2,1,0,0,0,2,4,32,2
"0223",1,2,1,2,2,2,1,2,1,0,3,4,21,2
"0223",1,1,1,1,1,2,2,5,2,0,0,0,75,2
"0223",1,1,1,1,2,2,2,5,3,1200,0,0,67,2
"0223",1,1,1,2,2,1,2,5,2,0,0,0,70,2
"0223",1,2,2,2,2,2,2,0,0,0,0,0,80,1
"0223",1,2,2,1,2,2,2,0,0,0,0,0,48,2
"0223",1,1,1,2,2,2,1,4,1,0,3,4,41,1
"0223",1,2,2,2,2,2,1,0,0,0,5,4,34,2
"0223",1,1,1,2,2,2,1,2,1,0,2,2,29,2
"0223",1,1,1,1,1,2,1,3,1,0,2,3,64,2
"0223",1,1,1,1,2,2,1,3,1,0,2,4,51,1
"0223",1,1,1,2,2,2,2,4,2,0,0,0,51,2
"0223",1,1,1,2,1,2,2,3,2,0,0,0,82,1
"0223",1,1,2,1,2,2,1,0,0,0,2,4,27,2
"0223",1,1,2,2,2,2,1,0,0,0,2,3,61,2
"0223",1,1,1,2,2,2,1,4,2,0,2,4,50,2
"0223",1,1,1,2,2,2,2,4,2,0,0,0,55,1
"0223",1,2,2,1,2,2,2,0,0,0,0,0,49,1
"0223",1,1,1,2,2,2,1,2,3,350,1,2,54,1
"0223",1,1,1,2,2,2,2,4,2,0,0,0,65,2
"0223",1,1,1,1,2,2,1,2,3,550,3,2,20,2
"0223",1,1,1,1,2,2,2,3,3,700,0,0,54,2
"0223",1,1,1,2,1,2,2,3,3,250,0,0,73,1
"0223",1,1,1,1,2,2,1,4,3,600,1,3,30,1
"0223",1,1,2,1,2,2,1,0,0,0,4,1,34,2
"0223",1,2,1,2,2,2,2,4,3,200,0,0,20,1
"0223",1,1,2,1,2,1,1,0,0,0,3,3,51,2
"0223",1,2,2,2,2,2,1,0,0,0,3,4,50,2
"0223",1,1,1,1,2,2,1,4,3,220,2,4,25,2
"0223",1,1,1,2,2,2,1,3,2,0,2,3,54,2
"0223",1,1,1,1,2,2,1,3,2,0,1,4,24,2
"0223",1,1,2,1,1,2,2,0,0,0,0,0,61,1
"0223",1,1,2,1,2,2,2,0,0,0,0,0,72,1
"0223",1,2,1,2,2,2,2,5,2,0,0,0,65,2
"0223",1,2,2,1,2,2,2,0,0,0,0,0,41,2
"0223",1,2,2,2,2,2,1,0,0,0,2,3,38,2
"0223",1,2,2,1,2,2,2,0,0,0,0,0,67,2
"0223",1,1,1,1,1,1,2,4,3,120,0,0,63,2
"0223",1,1,1,2,2,2,2,1,3,1000,0,0,50,2
"0223",1,1,1,2,2,2,1,2,2,0,1,2,19,1
"0223",1,1,1,2,2,2,2,5,3,999999,0,0,53,1
"0223",1,1,1,1,2,2,1,4,3,350,3,1,46,2
"0223",1,1,1,2,2,1,1,4,3,80,1,4,18,2
"0223",1,1,1,1,1,2,2,3,3,200,0,0,53,2
"0223",1,1,1,2,1,2,2,1,1,0,0,0,33,1
"0223",1,1,2,2,1,2,2,0,0,0,0,0,61,2
"0223",1,2,2,2,1,2,2,0,0,0,0,0,54,1
"0223",1,1,1,1,2,1,1,4,3,400,1,1,31,1
"0223",1,1,1,2,2,2,2,1,1,0,0,0,27,2
"0223",1,1,1,2,2,2,2,1,2,0,0,0,56,2
"0223",1,1,1,2,2,2,1,3,3,800,1,3,30,1
"0223",1,1,1,2,2,2,1,4,3,300,1,3,35,1
"0223",1,1,1,2,2,2,1,3,3,1000,2,1,43,2
"0223",1,1,1,1,2,2,2,4,2,0,0,0,81,1
"0223",1,1,2,2,2,1,2,0,0,0,0,0,28,1
"0223",1,2,2,1,1,2,1,0,0,0,5,6,29,2
"0223",1,1,1,2,2,2,2,4,2,0,0,0,35,2
"0223",1,1,1,2,2,2,1,4,3,150,1,3,34,2
"0223",1,1,1,2,2,2,2,3,2,0,0,0,76,1
"0223",1,2,1,1,2,2,1,4,3,2500,5,4,27,1
"0223",1,2,1,2,1,2,2,4,2,0,0,0,59,1
"0223",1,1,1,2,1,1,1,2,1,0,5,3,34,2
"0223",1,2,2,2,1,2,1,0,0,0,1,3,56,1
"0223",1,1,1,2,2,2,1,4,1,0,2,1,37,2
"0223",1,2,2,1,2,2,1,0,0,0,2,4,27,2
"0223",1,1,1,1,1,2,1,4,2,0,1,4,29,2
"0223",1,1,1,2,2,2,1,5,1,0,5,3,57,2
"0223",1,1,1,1,2,2,1,2,3,300,1,2,22,2
"0223",1,2,2,1,1,2,2,0,0,0,0,0,40,1
"0223",1,2,2,2,1,2,1,0,0,0,2,3,34,2
"0223",1,1,1,2,2,2,1,4,3,1500,1,3,35,1
"0223",1,1,1,2,2,2,1,4,3,1500,2,4,33,2
"0223",1,1,1,2,1,2,1,3,3,500,5,1,31,2
"0223",1,1,1,1,1,1,1,4,2,0,5,4,24,1
"0223",1,1,1,2,1,2,2,4,3,360,0,0,78,1
"0223",1,2,2,2,1,1,2,0,0,0,0,0,22,1
"0223",1,1,2,1,2,2,2,0,0,0,0,0,60,1
"0223",1,2,2,2,2,2,1,0,0,0,2,3,54,2
"0223",1,1,1,2,2,2,2,4,1,0,0,0,34,1
"0223",1,1,1,2,2,2,1,4,3,1500,1,4,45,2
"0223",1,2,1,1,1,1,2,4,2,0,0,0,31,2
"0223",1,1,1,2,2,2,1,3,3,300,1,4,33,2
"0223",1,1,1,2,2,1,1,5,1,0,5,3,45,2
"0223",1,1,1,2,2,2,1,4,3,1000,2,4,41,2
"0223",1,1,1,1,1,2,1,1,3,5000,5,3,27,2
"0223",1,1,1,2,1,2,1,3,1,0,2,3,29,1
"0223",1,2,1,2,2,2,2,5,3,250,0,0,61,1
"0223",1,2,2,1,1,2,1,0,0,0,1,4,33,2
"0223",1,1,1,1,2,2,2,4,3,1500,0,0,47,2
"0223",1,1,1,2,2,2,2,3,2,0,0,0,70,1
"0223",1,1,1,2,2,1,1,4,2,0,1,3,21,2
"0223",1,1,1,1,2,2,2,3,2,0,0,0,68,1
"0223",1,1,1,1,2,2,1,2,3,500,2,2,25,1
"0223",1,1,1,2,2,2,1,3,3,1500,5,4,30,1
"0223",1,1,2,2,2,2,1,0,0,0,2,4,27,1
"0223",1,1,1,2,2,2,1,4,3,1000,2,2,23,1
"0223",1,1,2,2,1,2,1,0,0,0,2,1,49,1
"0223",1,1,2,2,2,2,2,0,0,0,0,0,40,2
"0223",1,1,2,1,2,2,2,0,0,0,0,0,69,2
"0223",1,1,1,2,2,2,2,3,3,1900,0,0,60,1
"0223",1,1,1,2,2,1,1,2,1,0,2,2,20,1
"0223",1,1,1,2,2,2,1,2,3,800,3,2,23,1
"0223",1,2,1,2,2,2,1,2,1,0,5,4,24,2
"0223",1,1,1,1,1,2,1,1,3,1200,2,3,34,1
"0223",1,1,1,2,2,2,2,3,3,1200,0,0,31,2
"0223",1,1,2,1,2,2,1,0,0,0,2,1,22,1
"0223",1,2,2,2,2,2,2,0,0,0,0,0,21,1
"0223",1,1,1,2,2,2,1,4,3,300,2,4,23,1
"0223",1,1,1,1,1,1,1,4,3,900,5,4,20,2
"0223",1,1,1,2,1,2,1,2,1,0,5,2,20,2
"0223",1,1,1,2,1,2,2,3,3,3600,0,0,69,1
"0223",2,0,0,0,0,0,0,0,0,0,0,0,47,2
"0223",1,1,2,2,2,2,1,0,0,0,2,3,19,1
"0223",1,2,2,2,2,2,1,0,0,0,5,4,28,2
"0223",1,1,2,2,1,2,1,0,0,0,5,3,29,2
"0223",1,1,1,2,1,1,1,4,1,0,1,4,23,2
"0223",1,2,2,1,2,2,1,0,0,0,2,1,39,1
"0223",1,2,2,2,2,2,1,0,0,0,1,4,20,2
"0223",1,1,2,1,2,2,1,0,0,0,5,1,28,1
"0223",1,2,2,1,2,2,1,0,0,0,1,1,57,1
"0223",1,1,1,1,2,1,1,4,2,0,1,4,19,2
"0223",1,1,2,2,2,2,2,0,0,0,0,0,46,2
"0223",1,1,2,1,2,2,1,0,0,0,1,1,44,1
"0223",1,2,2,2,2,2,1,0,0,0,2,4,25,2
"0223",1,1,2,2,1,2,2,0,0,0,0,0,89,1
"0223",1,1,1,1,2,2,1,2,1,0,1,2,23,2
"0223",1,1,1,2,2,2,1,2,1,0,1,2,26,2
"0223",1,2,2,1,2,2,2,0,0,0,0,0,56,1
"0223",1,1,1,2,2,2,2,5,2,0,0,0,51,2
"0223",1,2,2,2,2,2,1,0,0,0,5,3,70,1
"0223",1,2,2,2,2,2,1,0,0,0,1,4,19,2
"0223",1,2,1,2,2,2,2,5,2,0,0,0,56,2
"0223",1,1,1,2,2,2,1,2,3,4000,1,2,19,2
"0223",1,1,2,1,2,2,1,0,0,0,2,1,53,1
"0223",1,1,1,1,2,2,1,4,1,0,1,1,30,2
"0223",1,1,1,1,2,2,2,3,2,0,0,0,61,2
"0223",1,1,1,1,2,2,2,4,2,0,0,0,52,2
"0223",1,1,2,1,2,2,2,0,0,0,0,0,54,1
"0223",1,1,1,1,2,1,1,4,2,0,1,2,20,2
"0223",1,2,2,2,2,2,1,0,0,0,2,3,59,1
"0223",1,2,2,2,2,2,1,0,0,0,2,3,27,2
"0223",1,2,2,1,1,2,2,0,0,0,0,0,61,1
"0223",1,1,1,2,2,2,2,3,2,0,0,0,43,2
"0223",1,2,2,2,2,2,1,0,0,0,2,3,36,1
"0223",1,1,1,1,2,2,1,1,3,600,2,1,31,2
"0223",1,1,1,2,2,2,1,1,1,0,2,1,75,1
"0223",1,1,1,2,2,2,1,4,3,1000,2,1,45,2
"0223",1,1,1,1,2,2,1,5,2,0,2,5,44,2
"0223",1,1,1,1,2,1,2,4,2,0,0,0,49,2
"0223",1,2,1,2,2,2,2,4,2,0,0,0,72,2
"0223",1,1,1,2,2,2,2,3,3,750,0,0,48,1
"0223",1,1,1,1,2,2,2,3,3,750,0,0,31,2
"0223",1,1,2,2,1,2,1,0,0,0,2,4,46,1
"0223",1,1,2,2,2,2,1,0,0,0,1,3,23,2
"0223",1,1,2,2,2,2,1,0,0,0,2,3,67,2
"0223",1,2,2,2,1,2,1,0,0,0,3,4,26,2
"0223",1,1,1,2,2,2,2,4,3,100,0,0,46,2
"0223",1,1,1,1,2,2,2,3,3,600,0,0,41,2
"0223",1,2,2,2,1,2,2,0,0,0,0,0,28,1
"0223",1,1,1,2,2,2,1,4,2,0,3,4,20,1
"0223",1,2,1,2,2,2,2,2,3,200,0,0,18,2
"0223",1,2,2,2,2,2,1,0,0,0,2,1,35,1
"0223",1,1,2,1,2,2,1,0,0,0,1,4,62,2
"0223",1,1,1,1,2,2,1,2,1,0,2,4,29,2
"0223",1,1,1,2,1,2,1,5,2,0,2,3,55,1
"0223",1,2,2,2,2,2,1,0,0,0,3,3,43,1
"0223",1,2,2,2,2,2,1,0,0,0,1,3,46,2
"0223",1,1,1,1,2,1,1,4,2,0,3,2,18,1
"0223",1,1,1,2,2,2,1,1,3,500,2,1,36,2
"0223",1,1,1,2,1,1,1,2,3,1500,3,4,29,1
"0223",1,1,1,1,2,2,1,3,3,900,1,3,43,1
"0223",1,1,1,1,1,2,2,4,1,0,0,0,45,1
"0223",1,2,1,1,1,2,1,3,2,0,2,4,47,2
"0223",1,1,2,2,1,1,1,0,0,0,2,4,19,1
"0223",1,2,2,2,2,2,1,0,0,0,2,1,57,2
"0223",1,1,1,2,2,2,1,5,1,0,1,3,46,2
"0223",2,0,0,0,0,0,0,0,0,0,0,0,43,1
"0223",1,2,2,2,2,2,1,0,0,0,3,3,36,1
"0223",1,1,1,2,2,2,2,3,3,300,0,0,39,2
"0223",1,1,1,2,2,2,1,2,1,0,1,4,25,2
"0223",1,1,1,2,1,2,1,2,3,800,1,3,21,2
"0223",1,1,1,1,2,2,1,5,2,0,3,5,58,2
"0223",1,1,1,2,2,2,1,3,3,230,1,3,31,2
"0223",1,1,1,2,2,2,1,4,1,0,1,3,46,2
"0223",1,1,1,1,2,2,1,4,3,1500,1,3,44,1
"0223",1,1,1,1,1,2,1,3,3,350,1,3,67,1
"0223",1,1,1,1,2,2,1,4,3,600,5,4,45,1
"0223",1,1,1,1,1,1,1,4,1,0,1,3,25,2
"0223",1,1,1,2,2,2,2,5,3,500,0,0,70,2
"0223",1,1,1,2,2,2,1,4,3,200,2,3,27,1
"0223",1,1,2,2,1,2,1,0,0,0,1,3,48,1
"0223",1,1,1,2,2,2,1,1,2,0,2,3,54,2
"0223",1,1,2,2,1,2,1,0,0,0,1,1,46,1
"0223",1,1,1,1,2,2,1,5,1,0,5,4,56,2
"0223",1,1,2,2,1,2,1,0,0,0,2,3,46,2
"0223",1,1,1,1,2,2,2,5,3,500,0,0,55,2
"0223",1,1,1,1,1,2,2,5,2,0,0,0,60,1
"0223",1,1,1,1,1,2,2,5,2,0,0,0,63,1
"0223",1,1,1,1,1,2,1,2,2,0,1,3,19,2
"0223",1,1,1,2,2,2,2,4,3,120,0,0,48,2
"0223",1,1,1,1,2,2,1,3,3,1000,2,1,39,2
"0223",1,1,2,2,1,2,2,0,0,0,0,0,73,2
"0223",1,1,1,1,2,2,1,1,1,0,5,3,31,2
"0223",1,1,1,1,2,2,1,3,2,0,2,3,59,2
"0223",1,1,1,1,2,2,1,4,3,300,3,4,24,2
"0223",1,1,1,1,2,2,1,4,2,0,2,4,31,2
"0223",1,1,1,1,2,2,2,5,2,0,0,0,72,2
"0223",1,1,1,2,2,2,2,5,1,0,0,0,57,2
"0223",1,2,2,2,1,2,2,0,0,0,0,0,55,1
"0223",1,1,1,1,2,2,2,5,2,0,0,0,40,2
"0223",1,1,1,1,1,2,1,1,2,0,2,4,25,2
"0223",1,1,2,2,2,2,1,0,0,0,5,3,38,2
"0223",1,2,2,2,2,2,1,0,0,0,1,3,70,1
"0223",1,2,2,2,2,2,1,0,0,0,1,1,48,2
"0223",1,2,2,2,2,2,1,0,0,0,5,1,38,1
"0223",1,2,2,2,2,2,2,0,0,0,0,0,76,1
"0223",1,2,2,2,2,2,1,0,0,0,1,2,31,2
"0223",1,2,2,2,2,2,2,0,0,0,0,0,75,1
"0223",1,2,2,2,2,2,1,0,0,0,3,4,37,2
"0223",1,1,2,2,1,2,1,0,0,0,1,3,50,2
"0223",1,1,2,2,2,2,1,0,0,0,1,3,46,1
"0223",1,1,1,2,2,2,2,5,3,70,0,0,62,2
"0223",1,2,2,2,2,2,1,0,0,0,2,3,23,1
"0223",1,1,1,2,2,2,1,2,1,0,1,4,59,1
"0223",1,2,1,2,1,2,1,2,1,0,2,2,20,2
"0223",1,2,2,2,2,2,1,0,0,0,2,4,42,2
"0223",1,1,2,2,1,2,2,0,0,0,0,0,70,1
"0223",1,1,2,2,2,2,1,0,0,0,2,4,25,2
"0223",1,2,2,2,2,2,2,0,0,0,0,0,80,2
"0223",1,2,2,1,1,1,2,0,0,0,0,0,22,2
"0223",1,1,1,2,2,2,2,5,2,0,0,0,66,2
"0223",1,2,1,2,2,2,2,4,1,0,0,0,59,2
"0223",1,2,1,2,2,2,1,1,1,0,2,1,45,1
"0223",1,1,1,2,2,2,1,2,3,3500,1,4,25,2
"0223",1,2,1,2,2,2,1,3,1,0,5,3,59,2
"0223",1,1,1,1,2,2,1,4,1,0,3,3,40,2
"0223",1,1,2,2,2,2,1,0,0,0,1,3,61,1
"0223",1,2,2,2,2,2,1,0,0,0,2,3,33,1
"0223",1,1,2,2,2,2,2,0,0,0,0,0,70,1
"0223",1,1,1,1,2,2,1,4,2,0,2,1,36,2
"0223",1,2,2,2,2,2,2,0,0,0,0,0,67,2
"0223",1,1,1,1,1,2,1,1,1,0,5,1,36,2
"0223",1,1,2,2,1,2,2,0,0,0,0,0,63,2
"0223",2,0,0,0,0,0,0,0,0,0,0,0,71,2
"0223",1,1,1,1,2,1,2,4,2,0,0,0,37,1
"0223",1,1,1,2,2,2,1,4,2,0,1,3,56,2
"0223",1,1,2,2,2,2,1,0,0,0,5,3,68,1
"0223",1,1,1,1,1,2,2,3,3,800,0,0,66,2
"0223",1,1,2,2,2,2,1,0,0,0,5,3,39,1
"0223",1,1,1,1,2,2,1,2,1,0,1,2,18,1
"0223",1,2,1,2,2,2,2,5,2,0,0,0,44,1
"0223",1,1,1,1,2,1,1,4,3,200,1,3,27,2
"0223",1,1,1,2,2,2,2,4,3,100,0,0,29,2
"0223",1,2,2,2,2,2,1,0,0,0,3,1,42,2
"0223",1,1,1,2,2,2,1,4,1,0,1,4,28,2
"0223",1,1,2,1,2,2,1,0,0,0,2,4,19,2
"0223",1,1,1,1,2,1,1,5,3,850,2,3,39,1
"0223",1,1,1,1,1,2,1,1,1,0,1,3,54,1
"0223",1,1,1,2,1,2,1,3,2,0,2,3,50,1
"0223",1,1,1,1,1,2,1,4,3,3000,2,3,70,1
"0223",1,1,1,1,1,2,1,2,3,1500,2,1,56,1
"0223",1,1,1,2,1,1,1,4,2,0,2,3,63,2
"0223",1,1,1,2,2,2,1,4,3,200,2,4,50,2
"0223",1,2,2,2,2,2,2,0,0,0,0,0,97,2
"0223",1,1,1,2,2,2,2,4,2,0,0,0,34,1
"0223",1,1,1,1,2,2,1,4,2,0,2,3,51,2
"0223",1,1,2,2,1,2,2,0,0,0,0,0,54,1
"0223",1,1,1,1,2,1,1,4,1,0,1,3,39,2
"0223",1,1,1,1,1,2,2,3,3,800,0,0,69,2
"0223",1,1,1,2,2,2,2,3,2,0,0,0,54,1
"0223",1,1,2,2,1,2,2,0,0,0,0,0,81,1
"0223",1,1,1,2,2,2,2,3,2,0,0,0,30,1
"0223",1,1,1,2,2,2,1,2,2,0,2,2,23,1
"0223",1,1,2,2,1,2,2,0,0,0,0,0,64,1
"0223",1,1,1,1,2,2,1,4,2,0,2,4,58,1
"0223",1,1,2,2,1,2,2,0,0,0,0,0,50,2
"0223",1,1,1,2,1,2,2,4,3,1200,0,0,43,2
"0223",1,1,1,2,2,2,2,4,3,700,0,0,47,2
"0223",1,1,1,2,2,2,2,3,2,0,0,0,28,2
"0223",1,1,2,2,1,2,2,0,0,0,0,0,47,2
"0223",1,1,1,2,2,2,2,4,2,0,0,0,47,1
"0223",1,2,1,2,2,2,1,2,2,0,2,4,23,1
"0223",1,1,2,2,2,2,1,0,0,0,2,3,68,2
"0223",1,1,1,2,2,2,1,4,3,150,2,1,27,2
"0223",1,1,1,1,1,2,2,4,3,300,0,0,70,2
"0223",1,1,1,1,2,2,2,5,2,0,0,0,80,1
"0223",2,0,0,0,0,0,0,0,0,0,0,0,91,2
"0223",2,0,0,0,0,0,0,0,0,0,0,0,36,2
"0223",1,1,2,1,2,2,1,0,0,0,2,4,30,2
"0223",1,1,2,2,1,2,2,0,0,0,0,0,57,1
"0223",1,1,2,2,2,1,1,0,0,0,5,3,32,1
"0223",1,1,1,1,1,2,2,4,1,0,0,0,55,2
"0223",1,1,1,1,2,2,1,3,3,2000,1,1,26,2
"0223",1,1,1,2,2,2,2,3,2,0,0,0,52,1
"0223",1,2,1,2,2,2,2,5,2,0,0,0,63,2
"0223",1,1,1,2,2,2,1,4,3,750,1,1,64,2
"0223",1,1,1,1,2,2,1,4,2,0,5,4,27,2
"0223",1,1,1,1,1,1,1,4,2,0,1,4,23,2
"0223",1,1,2,2,2,2,1,0,0,0,1,3,30,2
"0223",1,2,1,2,2,1,1,4,1,0,1,3,32,2
"0223",1,1,1,2,2,2,1,4,1,0,1,4,60,2
"0223",1,1,1,2,2,2,1,4,3,999999,2,2,37,2
"0223",1,1,2,2,1,2,2,0,0,0,0,0,83,2
"0223",1,1,1,2,2,2,2,5,2,0,0,0,65,2
"0223",1,1,1,1,2,2,1,4,1,0,5,4,41,2
"0223",1,1,2,2,1,2,1,0,0,0,1,4,59,2
"0223",1,1,1,2,2,1,1,2,1,0,1,2,25,2
"0223",1,2,2,2,2,2,1,0,0,0,5,3,41,2
"0223",1,1,1,2,1,2,2,3,2,0,0,0,57,2
"0223",1,2,2,2,2,1,1,0,0,0,5,4,30,2
"0223",1,2,2,2,2,1,2,0,0,0,0,0,28,1
"0223",1,1,2,2,1,2,1,0,0,0,2,3,46,1
"0223",1,1,2,1,1,2,1,0,0,0,2,3,28,1
"0223",1,1,1,2,2,2,2,4,3,999999,0,0,69,2
"0223",1,2,2,2,2,2,1,0,0,0,1,3,37,1
"0223",1,1,1,2,2,2,1,4,2,0,5,4,30,2
"0223",1,2,1,2,1,2,2,5,2,0,0,0,72,2
"0223",1,1,1,2,1,2,2,5,2,0,0,0,41,2
"0223",1,2,2,2,2,2,1,0,0,0,5,4,29,1
"0223",1,1,2,1,1,1,1,0,0,0,5,4,28,1
"0223",1,2,2,2,2,2,1,0,0,0,5,3,52,1
"0223",1,2,1,1,2,1,1,2,2,0,1,4,18,2
"0223",1,2,2,2,2,2,2,0,0,0,0,0,18,2
"0223",1,1,1,2,2,2,1,2,2,0,2,3,23,2
"0223",1,1,2,2,2,2,1,0,0,0,2,1,36,2
"0223",1,1,1,1,2,2,2,4,2,0,0,0,69,2
"0223",1,1,1,2,2,2,2,5,3,999999,0,0,77,2
"0223",1,2,2,1,1,1,2,0,0,0,0,0,63,2
"0223",1,1,2,2,1,2,1,0,0,0,5,1,40,2
"0223",1,1,1,2,2,2,1,4,3,80,2,4,47,2
"0223",1,2,2,2,1,2,2,0,0,0,0,0,18,2
"0223",1,2,2,2,2,2,1,0,0,0,5,3,33,1
"0223",1,1,1,1,2,2,1,5,1,0,5,4,42,2
"0223",1,1,1,1,2,1,1,1,2,0,5,1,28,2
"0223",1,2,2,1,2,2,1,0,0,0,5,3,46,2
"0223",1,1,1,2,2,2,1,3,3,400,2,3,43,2
"0223",1,1,1,1,1,1,1,4,1,0,5,3,24,2
"0223",1,2,2,1,2,1,1,0,0,0,1,3,48,1
"0223",1,1,1,1,2,2,2,4,2,0,0,0,82,2
"0223",1,1,1,2,2,2,1,2,1,0,2,2,20,2
"0223",1,2,2,2,1,2,2,0,0,0,0,0,42,1
"0223",1,1,1,1,2,2,2,3,2,0,0,0,35,2
"0223",1,1,1,2,2,2,1,3,2,0,1,3,60,1
"0223",1,1,2,1,2,2,2,0,0,0,0,0,62,2
"0223",1,1,1,2,1,2,2,4,2,0,0,0,58,2
"0223",1,1,1,2,2,2,2,3,3,300,0,0,66,2
"0223",1,2,2,2,2,2,1,0,0,0,5,1,43,1
"0224",1,2,2,2,2,2,2,0,0,0,0,0,52,1
"0224",1,2,2,2,2,2,2,0,0,0,0,0,55,1
"0224",1,2,2,2,2,2,2,0,0,0,0,0,59,1
"0224",1,2,2,2,2,2,2,0,0,0,0,0,30,1
"0224",1,2,2,2,1,2,2,0,0,0,0,0,54,1
"0224",1,2,2,2,2,2,1,0,0,0,5,4,30,1
"0224",1,2,2,2,2,2,2,0,0,0,0,0,66,2
"0224",1,2,2,2,2,2,2,0,0,0,0,0,45,2
"0224",1,2,2,1,1,2,1,0,0,0,5,1,26,1
"0224",1,2,2,2,2,2,1,0,0,0,5,4,41,2
"0224",1,2,2,2,2,2,1,0,0,0,2,2,34,2
"0224",1,2,2,2,2,2,1,0,0,0,2,4,47,1
"0224",1,1,1,2,2,2,1,4,1,0,5,4,54,1
"0224",1,1,1,2,2,2,1,4,1,0,5,4,24,2
"0224",1,2,2,2,2,2,1,0,0,0,5,4,37,1
"0224",1,2,2,2,2,2,2,0,0,0,0,0,58,2
"0224",1,1,1,2,2,2,1,2,1,0,1,2,22,1
"0224",1,1,1,2,2,2,1,4,1,0,2,4,41,1
"0224",1,2,2,2,2,2,2,0,0,0,0,0,23,1
"0224",1,2,2,2,2,2,2,0,0,0,0,0,29,2
"0224",1,2,2,2,2,2,2,0,0,0,0,0,41,2
"0224",1,2,2,2,1,2,2,0,0,0,0,0,40,1
"0224",1,1,1,2,2,2,1,2,1,0,2,2,18,2
"0224",1,1,1,2,2,2,1,4,1,0,5,4,35,1
"0224",1,2,2,2,2,2,2,0,0,0,0,0,55,2
"0224",1,2,2,2,2,2,2,0,0,0,0,0,43,2
"0224",1,2,2,2,2,2,2,0,0,0,0,0,40,2
"0224",1,2,2,2,2,2,2,0,0,0,0,0,26,1
"0224",1,2,2,2,2,2,2,0,0,0,0,0,32,2
"0224",1,2,2,2,2,2,2,0,0,0,0,0,19,2
"0224",1,1,1,2,2,2,2,4,3,120,0,0,64,2
"0224",1,2,2,2,2,2,1,0,0,0,5,4,31,1
"0224",1,2,2,2,1,2,2,0,0,0,0,0,58,1
"0224",1,2,2,2,2,2,2,0,0,0,0,0,49,1
"0224",1,2,2,2,2,2,1,0,0,0,5,2,50,1
"0224",1,2,2,2,2,2,2,0,0,0,0,0,56,1
"0224",1,1,1,2,2,2,1,4,2,0,2,4,28,2
"0224",1,2,2,2,2,2,1,0,0,0,2,4,28,1
"0224",1,2,2,2,1,2,2,0,0,0,0,0,70,1
"0224",1,1,1,2,2,2,2,4,1,0,0,0,56,1
"0224",1,1,1,2,2,2,1,4,1,0,2,4,40,2
"0224",1,1,1,2,2,2,2,4,2,0,0,0,53,2
"0224",1,1,2,1,2,2,1,0,0,0,1,4,48,1
"0224",1,2,2,2,2,2,1,0,0,0,1,4,26,1
"0224",1,1,2,2,1,2,2,0,0,0,0,0,66,1
"0224",1,1,1,1,2,2,1,2,2,0,3,3,21,2
"0224",1,1,2,2,1,2,1,0,0,0,1,4,60,1
"0224",1,1,1,1,2,2,1,1,3,3000,2,1,30,2
"0224",1,1,1,2,2,2,1,4,2,0,2,4,66,1
"0224",1,2,2,2,2,2,1,0,0,0,2,3,62,2
"0224",1,1,1,2,2,2,2,5,2,0,0,0,72,2
"0224",1,2,2,1,2,2,1,0,0,0,2,4,67,2
"0224",1,2,2,2,2,2,2,0,0,0,0,0,36,1
"0224",1,1,1,2,2,2,1,2,3,1000,2,2,25,1
"0224",2,0,0,0,0,0,0,0,0,0,0,0,66,2
"0224",1,2,2,2,2,2,2,0,0,0,0,0,60,2
"0224",1,2,2,2,2,2,2,0,0,0,0,0,52,2
"0224",1,1,1,2,2,2,1,4,1,0,3,3,31,2
"0224",1,1,1,2,2,2,2,1,3,1000,0,0,43,2
"0224",1,1,1,2,2,2,1,4,3,400,2,3,33,2
"0224",1,2,2,2,2,2,2,0,0,0,0,0,31,2
"0224",1,2,2,2,2,2,2,0,0,0,0,0,41,1
"0224",1,2,2,2,2,2,2,0,0,0,0,0,33,1
"0224",1,2,2,2,1,2,2,0,0,0,0,0,60,1
"0224",1,1,1,2,2,1,1,3,3,400,2,4,29,2
"0224",1,2,2,2,2,2,2,0,0,0,0,0,59,2
"0224",1,1,1,1,2,1,1,4,3,1000,1,4,35,1
"0224",1,1,1,2,2,2,1,3,3,300,2,3,61,1
"0224",1,2,2,2,2,2,2,0,0,0,0,0,57,1
"0224",1,2,1,2,2,2,1,2,1,0,5,2,20,1
"0224",1,2,2,2,2,2,2,0,0,0,0,0,78,2
"0224",1,1,1,1,2,2,1,4,3,500,3,4,34,1
"0224",1,1,1,1,2,2,2,3,3,185,0,0,57,1
"0224",1,1,1,1,2,2,1,2,1,0,2,4,22,1
"0224",1,1,1,2,1,1,1,2,3,1500,2,2,21,2
"0224",1,2,2,2,2,2,2,0,0,0,0,0,22,1
"0224",1,2,2,2,2,2,2,0,0,0,0,0,65,2
"0224",1,2,2,1,2,2,1,0,0,0,2,3,39,2
"0224",1,1,2,2,2,1,1,0,0,0,2,4,37,2
"0224",1,2,2,2,1,2,2,0,0,0,0,0,48,1
"0224",1,2,2,2,2,2,2,0,0,0,0,0,44,2
"0224",1,2,2,2,2,2,1,0,0,0,1,4,51,2
"0224",1,1,1,2,2,2,2,3,3,200,0,0,61,2
"0224",1,1,2,1,2,2,2,0,0,0,0,0,43,2
"0224",1,1,1,2,2,2,1,4,2,0,2,4,25,2
"0224",1,1,1,2,2,2,2,3,2,0,0,0,73,2
"0224",2,0,0,0,0,0,0,0,0,0,0,0,64,1
"0224",1,1,1,2,2,2,2,5,2,0,0,0,71,2
"0224",1,1,1,1,2,2,2,5,3,500,0,0,23,2
"0224",1,1,1,2,2,2,1,5,3,3000,2,3,32,2
"0224",1,1,2,2,2,2,2,0,0,0,0,0,45,2
"0224",1,2,2,2,2,2,2,0,0,0,0,0,45,1
"0224",1,1,1,2,2,2,1,5,2,0,1,3,43,1
"0224",1,1,1,1,2,2,2,3,3,150,0,0,69,1
"0224",1,1,2,2,2,2,2,0,0,0,0,0,27,2
"0224",1,1,2,2,2,2,2,0,0,0,0,0,38,1
"0224",1,1,2,2,2,2,1,0,0,0,1,4,25,2
"0224",1,1,2,2,2,2,2,0,0,0,0,0,42,2
"0224",1,2,2,2,2,2,2,0,0,0,0,0,39,1
"0224",2,0,0,0,0,0,0,0,0,0,0,0,83,2
"0224",1,1,1,2,2,2,2,4,2,0,0,0,47,2
"0224",1,1,1,2,2,2,1,1,2,0,2,3,36,1
"0224",1,2,2,2,2,2,2,0,0,0,0,0,56,2
"0224",1,2,1,2,2,2,2,3,3,200,0,0,25,2
"0224",1,1,2,1,2,2,2,0,0,0,0,0,38,2
"0224",1,2,2,2,2,2,2,0,0,0,0,0,68,2
"0224",1,1,2,2,1,2,2,0,0,0,0,0,25,1
"0224",1,1,1,2,2,2,1,3,1,0,3,3,30,1
"0224",1,1,1,2,2,2,1,3,2,0,2,3,38,1
"0224",1,2,2,2,2,2,2,0,0,0,0,0,63,2
"0224",1,2,2,2,2,2,2,0,0,0,0,0,53,2
"0224",1,1,1,2,2,2,1,3,3,100,2,3,49,1
"0224",1,1,1,2,2,2,2,1,2,0,0,0,50,2
"0224",1,1,1,2,2,2,2,5,2,0,0,0,64,2
"0224",1,2,2,2,1,2,2,0,0,0,0,0,67,1
"0224",1,1,1,2,2,2,1,4,1,0,1,4,49,2
"0224",1,1,1,2,1,2,1,4,2,0,2,4,39,1
"0224",1,1,1,2,2,2,1,5,2,0,5,4,64,1
"0224",1,2,2,2,2,2,2,0,0,0,0,0,57,2
"0224",1,1,2,1,1,2,1,0,0,0,2,4,56,1
"0224",1,2,2,2,2,2,1,0,0,0,2,5,37,1
"0224",1,2,2,2,2,2,1,0,0,0,2,3,45,1
"0224",1,1,2,2,2,2,1,0,0,0,1,1,29,1
"0224",1,2,2,1,2,2,1,0,0,0,2,4,22,1
"0224",1,1,1,2,2,2,2,5,2,0,0,0,52,1
"0224",1,1,1,2,2,2,2,5,3,200,0,0,63,2
"0224",1,1,2,1,2,2,1,0,0,0,1,4,38,2
"0224",1,1,1,2,2,2,1,3,1,0,1,4,31,1
"0224",1,1,1,1,2,2,1,2,2,0,1,4,33,2
"0224",1,2,2,2,2,2,1,0,0,0,1,4,33,1
"0224",1,1,2,2,2,2,1,0,0,0,2,1,34,2
"0224",1,1,2,2,2,2,1,0,0,0,1,3,50,1
"0224",1,1,1,2,2,2,2,4,2,0,0,0,42,1
"0224",1,1,1,1,2,2,1,1,2,0,1,4,32,2
"0224",1,2,2,1,2,2,1,0,0,0,1,1,29,1
"0224",1,2,2,2,2,2,2,0,0,0,0,0,74,2
"0224",1,1,1,2,2,2,1,2,3,1000,5,2,32,1
"0224",1,1,1,2,2,2,2,5,2,0,0,0,75,1
"0224",1,1,1,2,1,1,2,4,1,0,0,0,25,2
"0224",1,1,2,2,1,2,2,0,0,0,0,0,51,1
"0224",1,1,1,2,2,2,2,4,3,300,0,0,33,2
"0224",1,1,2,1,1,2,1,0,0,0,1,4,32,1
"0224",1,2,2,2,2,2,2,0,0,0,0,0,58,1
"0224",1,1,1,1,2,2,1,4,2,0,1,1,33,2
"0224",1,1,2,1,2,2,2,0,0,0,0,0,53,2
"0224",1,1,1,2,1,2,1,4,3,600,3,4,33,2
"0224",1,1,1,2,2,2,2,1,1,0,0,0,30,2
"0224",1,1,1,2,2,2,1,1,1,0,2,1,49,2
"0224",1,1,1,1,2,2,2,5,2,0,0,0,69,2
"0224",1,1,1,2,1,2,2,5,2,0,0,0,79,1
"0224",1,1,2,1,2,2,2,0,0,0,0,0,21,1
"0224",1,1,1,1,1,1,1,4,3,100,5,4,52,2
"0224",1,2,2,2,2,2,2,0,0,0,0,0,48,2
"0224",1,1,1,2,1,2,2,4,2,0,0,0,63,1
"0224",1,1,2,2,1,2,2,0,0,0,0,0,46,1
"0224",1,1,1,2,1,2,1,4,2,0,5,3,23,2
"0224",1,1,2,2,2,2,1,0,0,0,3,3,44,2
"0224",1,1,1,1,2,2,2,4,3,1600,0,0,20,2
"0224",1,1,1,2,2,2,2,5,2,0,0,0,78,1
"0224",1,1,1,1,2,2,2,5,3,300,0,0,89,1
"0224",1,2,2,2,2,2,1,0,0,0,5,3,40,1
"0224",1,1,2,1,1,1,1,0,0,0,2,4,43,2
"0224",1,1,2,2,2,2,1,0,0,0,5,3,49,1
"0224",1,1,1,2,2,1,1,4,2,0,2,3,27,1
"0224",1,2,2,2,2,2,2,0,0,0,0,0,53,1
"0224",1,1,2,2,2,2,1,0,0,0,5,4,46,2
"0224",1,2,2,1,2,2,2,0,0,0,0,0,32,2
"0224",1,1,2,1,2,2,2,0,0,0,0,0,41,2
"0224",1,1,1,2,2,2,1,5,2,0,1,3,45,1
"0224",1,1,1,2,2,2,2,5,2,0,0,0,59,2
"0224",1,1,2,2,2,2,1,0,0,0,1,1,31,1
"0224",1,1,1,2,2,2,1,4,3,600,2,3,44,2
"0224",1,1,1,2,1,2,1,1,2,0,2,1,61,1
"0224",1,1,1,2,2,2,1,1,3,15000,1,1,66,1
"0224",1,2,1,1,1,2,2,4,3,180,0,0,41,2
"0224",1,1,1,2,1,2,2,1,2,0,0,0,34,1
"0224",1,1,2,2,2,2,2,0,0,0,0,0,58,1
"0224",1,2,2,1,2,2,2,0,0,0,0,0,23,2
"0224",1,1,1,2,2,2,1,4,2,0,5,3,62,2
"0224",1,1,1,2,1,2,1,4,3,1000,1,4,39,2
"0224",1,1,2,1,1,2,2,0,0,0,0,0,47,2
"0224",1,1,1,2,2,2,1,3,2,0,1,3,29,1
"0224",1,2,2,2,2,2,2,0,0,0,0,0,44,1
"0224",1,1,1,2,2,2,1,5,2,0,2,4,62,1
"0224",1,1,1,1,2,2,2,4,2,0,0,0,29,2
"0224",1,1,2,2,1,2,2,0,0,0,0,0,44,1
"0224",1,2,1,2,2,2,2,6,2,0,0,0,20,2
"0224",1,1,1,2,2,2,1,5,2,0,2,5,33,1
"0224",1,2,2,2,2,2,2,0,0,0,0,0,72,2
"0224",2,0,0,0,0,0,0,0,0,0,0,0,76,2
"0224",1,1,1,2,1,2,1,4,2,0,2,4,20,2
"0224",2,0,0,0,0,0,0,0,0,0,0,0,77,1
"0224",1,2,2,2,2,2,1,0,0,0,2,1,38,1
"0224",1,2,2,2,2,2,1,0,0,0,2,3,24,2
"0224",1,1,1,2,2,2,1,3,2,0,2,1,27,1
"0224",1,2,2,2,2,2,2,0,0,0,0,0,54,2
"0224",1,2,2,2,2,2,2,0,0,0,0,0,79,2
"0224",1,1,2,2,2,2,1,0,0,0,1,4,19,1
"0224",1,1,2,2,1,2,2,0,0,0,0,0,58,1
"0224",2,0,0,0,0,0,0,0,0,0,0,0,50,2
"0224",1,2,2,2,2,2,2,0,0,0,0,0,33,2
"0224",1,1,1,2,1,2,2,1,3,2500,0,0,36,2
"0224",1,2,2,2,2,2,2,0,0,0,0,0,30,2
"0224",1,1,2,2,2,2,1,0,0,0,1,4,38,2
"0224",1,2,2,2,2,2,2,0,0,0,0,0,50,2
"0224",1,1,1,2,1,2,2,4,2,0,0,0,65,1
"0224",1,1,2,2,2,2,1,0,0,0,2,1,63,1
"0224",1,1,2,2,2,2,1,0,0,0,1,4,59,1
"0224",1,2,2,2,2,2,2,0,0,0,0,0,65,1
"0224",1,1,1,1,2,2,2,2,3,3500,0,0,28,1
"0224",1,1,1,1,2,2,2,3,3,800,0,0,49,1
"0224",1,1,2,2,1,2,2,0,0,0,0,0,39,1
"0224",1,2,2,2,2,2,2,0,0,0,0,0,63,1
"0224",1,1,1,2,2,2,2,4,2,0,0,0,32,1
"0224",2,0,0,0,0,0,0,0,0,0,0,0,44,1
"0224",1,1,1,2,2,2,2,3,3,500,0,0,36,2
"0224",1,2,2,2,1,2,2,0,0,0,0,0,46,2
"0224",1,1,1,2,1,2,2,4,3,500,0,0,63,2
"0224",1,2,2,2,2,2,2,0,0,0,0,0,38,2
"0224",1,1,1,2,2,2,2,1,3,2500,0,0,28,1
"0224",1,2,2,2,2,2,2,0,0,0,0,0,50,1
"0224",1,1,2,1,1,2,2,0,0,0,0,0,51,2
"0224",1,1,1,2,2,2,1,2,1,0,1,3,21,2
"0224",1,1,1,2,2,2,2,4,2,0,0,0,60,2
"0224",1,1,1,2,2,2,2,4,2,0,0,0,24,1
"0224",1,2,2,2,2,2,2,0,0,0,0,0,32,1
"0224",1,2,2,2,2,2,2,0,0,0,0,0,75,2
"0224",1,2,2,2,2,2,2,0,0,0,0,0,47,1
"0224",1,2,2,2,2,2,2,0,0,0,0,0,28,2
"0224",1,2,2,2,2,2,2,0,0,0,0,0,66,1
"0224",1,2,2,2,2,2,2,0,0,0,0,0,54,1
"0224",1,1,1,1,1,2,1,4,3,600,1,3,39,2
"0224",1,1,1,2,2,1,1,2,1,0,1,3,21,1
"0224",1,1,1,2,2,2,2,3,1,0,0,0,18,2
"0224",1,2,1,2,2,2,2,4,2,0,0,0,37,2
"0224",1,1,1,2,2,2,1,4,1,0,1,4,35,1
"0224",1,2,2,1,2,1,2,0,0,0,0,0,35,2
"0224",1,1,1,2,2,2,1,1,1,0,2,1,47,2
"0224",1,2,2,2,1,2,2,0,0,0,0,0,30,2
"0224",1,2,2,1,2,1,1,0,0,0,2,4,21,2
"0224",1,1,1,1,2,2,2,5,3,60,0,0,69,2
"0224",1,2,2,2,2,2,2,0,0,0,0,0,74,1
"0224",1,1,1,2,2,2,2,5,2,0,0,0,53,1
"0224",1,2,1,2,2,2,2,5,2,0,0,0,79,2
"0224",1,1,1,2,2,2,1,2,1,0,2,2,19,2
"0224",1,1,1,2,2,2,1,2,3,900,1,2,18,1
"0224",1,1,1,2,2,2,2,3,3,329,0,0,42,2
"0224",1,1,1,2,2,2,1,4,2,0,2,3,33,2
"0224",1,2,2,2,2,2,1,0,0,0,2,3,47,2
"0224",1,2,1,2,2,2,2,5,2,0,0,0,55,2
"0224",2,0,0,0,0,0,0,0,0,0,0,0,64,2
"0224",1,1,1,1,2,2,1,2,1,0,5,4,25,2
"0224",1,1,1,2,2,2,1,1,1,0,5,1,36,2
"0224",1,1,1,1,2,1,1,3,1,0,2,4,24,2
"0224",1,1,2,2,2,2,1,0,0,0,2,3,38,2
"0224",1,2,1,2,2,2,2,5,2,0,0,0,62,2
"0224",1,1,1,2,2,2,2,5,2,0,0,0,65,2
"0224",1,1,1,1,2,2,1,3,1,0,5,3,34,1
"0224",1,2,2,1,2,2,1,0,0,0,5,3,34,2
"0224",1,1,1,2,2,2,1,3,1,0,1,3,26,1
"0224",1,2,2,2,2,2,1,0,0,0,2,4,56,2
"0224",1,2,1,1,2,2,2,5,2,0,0,0,64,2
"0224",1,1,1,1,2,1,1,4,3,5000,1,3,43,1
"0224",2,0,0,0,0,0,0,0,0,0,0,0,65,1
"0224",1,1,2,1,2,2,1,0,0,0,5,4,34,1
"0224",1,2,2,2,2,2,1,0,0,0,5,3,76,2
"0224",1,2,1,2,2,2,1,4,3,500,5,3,39,1
"0224",1,2,1,2,1,2,2,1,2,0,0,0,53,1
"0224",2,0,0,0,0,0,0,0,0,0,0,0,75,2
"0224",1,1,1,2,2,2,2,2,1,0,0,0,21,2
"0224",1,2,2,2,2,2,2,0,0,0,0,0,24,1
"0224",1,1,1,2,2,2,2,3,3,800,0,0,55,2
"0224",1,1,1,2,2,2,2,4,3,200,0,0,23,2
"0224",1,1,1,2,2,2,2,5,1,0,0,0,35,2
"0224",1,2,2,2,2,2,2,0,0,0,0,0,64,1
"0224",1,1,1,2,2,2,2,4,2,0,0,0,52,2
"0224",1,2,2,2,2,2,2,0,0,0,0,0,51,2
"0224",1,1,2,2,1,2,2,0,0,0,0,0,41,1
"0224",1,1,1,2,2,2,2,4,1,0,0,0,34,1
"0224",1,2,2,2,2,2,2,0,0,0,0,0,21,1
"0224",1,1,1,2,2,2,2,2,1,0,0,0,38,2
"0224",1,1,1,2,2,2,2,3,3,2000,0,0,19,1
"0224",1,1,1,2,2,2,2,4,1,0,0,0,22,2
"0224",1,2,1,2,2,2,2,5,1,0,0,0,31,2
"0224",1,1,1,2,2,2,2,3,1,0,0,0,37,2
"0224",1,2,2,2,2,2,2,0,0,0,0,0,24,2
"0224",1,1,1,2,2,2,2,2,1,0,0,0,24,1
"0224",1,2,1,2,2,2,1,3,3,350,2,3,58,1
"0224",1,1,1,2,2,2,2,2,1,0,0,0,21,1
"0224",1,1,1,2,2,2,2,5,3,100,0,0,62,2
"0224",1,2,2,2,2,2,2,0,0,0,0,0,25,1
"0224",1,1,1,2,1,2,2,3,2,0,0,0,53,1
"0224",1,2,2,2,2,2,2,0,0,0,0,0,51,1
"0224",1,2,2,2,2,2,2,0,0,0,0,0,20,2
"0224",1,1,1,2,2,2,2,4,2,0,0,0,65,2
"0224",1,1,2,2,2,2,1,0,0,0,1,1,24,1
"0224",1,1,1,2,2,2,2,4,2,0,0,0,51,2
"0224",1,1,1,2,2,2,2,4,2,0,0,0,62,2
"0224",1,1,1,2,2,2,1,4,2,0,1,4,52,2
"0224",1,1,1,2,2,2,1,3,3,1500,1,4,18,2
"0224",1,1,1,2,2,2,2,5,2,0,0,0,70,2
"0224",1,1,1,2,2,2,2,4,2,0,0,0,64,2
"0224",1,1,1,2,2,2,1,3,3,3000,2,4,38,1
"0224",1,2,2,2,2,2,2,0,0,0,0,0,83,2
"0224",1,1,2,2,1,2,2,0,0,0,0,0,65,1
"0224",1,1,2,1,2,2,1,0,0,0,3,4,41,1
"0224",1,1,2,2,1,2,2,0,0,0,0,0,52,1
"0224",1,1,2,1,2,2,2,0,0,0,0,0,60,2
"0224",1,1,2,1,2,2,1,0,0,0,3,4,30,1
"0224",1,1,2,1,2,2,1,0,0,0,2,4,25,1
"0224",1,2,1,2,1,2,2,2,2,0,0,0,31,2
"0224",1,2,2,2,1,2,2,0,0,0,0,0,37,1
"0224",1,2,2,2,1,2,2,0,0,0,0,0,25,1
"0224",1,2,2,2,2,2,2,0,0,0,0,0,37,1
"0224",1,1,1,2,2,2,1,4,1,0,5,4,65,2
"0224",1,1,2,2,2,2,1,0,0,0,1,3,56,2
"0224",1,1,2,1,2,2,2,0,0,0,0,0,70,2
"0224",1,1,1,2,2,2,1,4,3,950,1,3,57,2
"0224",1,1,2,1,2,2,2,0,0,0,0,0,20,1
"0224",1,1,2,1,2,2,1,0,0,0,2,4,35,1
"0224",1,1,2,2,2,2,1,0,0,0,1,3,48,1
"0224",1,1,1,2,2,2,1,3,3,100,1,3,53,2
"0224",1,2,2,2,2,2,2,0,0,0,0,0,40,1
"0224",1,1,2,2,2,2,2,0,0,0,0,0,64,2
"0224",1,1,1,2,1,2,2,4,2,0,0,0,60,2
"0224",1,1,2,1,2,2,2,0,0,0,0,0,40,2
"0224",1,1,2,1,2,2,1,0,0,0,1,1,53,2
"0224",1,2,2,2,2,2,1,0,0,0,2,4,46,2
"0224",1,1,1,2,2,2,1,3,2,0,1,1,58,2
"0224",1,2,2,1,2,2,2,0,0,0,0,0,50,2
"0224",2,0,0,0,0,0,0,0,0,0,0,0,34,1
"0224",1,1,1,1,2,2,2,2,1,0,0,0,25,2
"0224",1,1,2,2,1,2,2,0,0,0,0,0,62,1
"0224",1,1,1,1,2,2,2,1,1,0,0,0,36,2
"0224",1,1,1,1,2,2,1,3,2,0,3,4,39,1
"0224",1,1,2,2,1,2,2,0,0,0,0,0,58,2
"0224",1,1,2,2,1,2,2,0,0,0,0,0,40,1
"0224",1,2,2,1,1,2,2,0,0,0,0,0,55,2
"0224",1,2,2,1,1,2,2,0,0,0,0,0,28,2
"0224",1,1,1,1,2,2,2,3,2,0,0,0,44,2
"0224",1,1,1,1,1,2,1,3,2,0,2,4,41,1
"0224",1,2,2,2,1,2,2,0,0,0,0,0,45,1
"0224",1,2,2,2,1,2,2,0,0,0,0,0,47,1
"0224",1,2,2,2,1,2,2,0,0,0,0,0,32,1
"0224",1,1,1,2,1,2,2,3,2,0,0,0,46,1
"0224",1,1,2,1,2,2,1,0,0,0,1,4,26,2
"0224",1,1,2,2,2,2,1,0,0,0,1,3,24,1
"0224",1,1,1,2,1,2,2,3,2,0,0,0,75,1
"0224",1,1,1,2,2,2,1,2,3,300,1,2,26,2
"0224",1,2,2,2,1,2,1,0,0,0,2,4,35,1
"0224",1,2,2,2,2,2,1,0,0,0,2,4,33,2
"0224",1,2,2,2,2,2,1,0,0,0,2,4,54,1
"0224",1,2,2,2,1,2,2,0,0,0,0,0,65,1
"0224",1,1,1,1,2,2,1,3,1,0,2,3,39,2
"0224",1,2,2,2,2,2,2,0,0,0,0,0,70,1
"0224",2,0,0,0,0,0,0,0,0,0,0,0,62,2
"0224",1,2,2,2,2,2,2,0,0,0,0,0,61,2
"0224",1,2,2,2,1,2,2,0,0,0,0,0,38,1
"0224",1,2,2,1,2,2,2,0,0,0,0,0,53,2
"0224",1,1,1,1,2,2,1,3,2,0,2,4,26,1
"0224",1,2,2,2,2,2,2,0,0,0,0,0,92,1
"0224",1,1,1,1,2,2,2,4,2,0,0,0,36,2
"0224",1,1,1,2,2,2,2,3,2,0,0,0,29,2
"0224",1,1,1,1,2,2,2,4,2,0,0,0,59,2
"0224",1,1,1,2,2,2,1,4,2,0,1,3,59,2
"0224",1,2,2,1,2,2,2,0,0,0,0,0,31,1
"0224",1,1,1,2,2,2,1,3,1,0,1,4,35,2
"0224",1,1,1,1,2,2,1,2,3,1000,1,4,44,2
"0224",1,1,1,1,2,2,1,3,3,750,2,4,36,2
"0224",1,1,1,1,2,2,2,3,3,450,0,0,29,2
"0224",1,1,2,1,2,2,2,0,0,0,0,0,61,2
"0224",1,1,1,2,2,2,2,5,2,0,0,0,61,1
"0224",1,1,1,2,2,2,2,5,2,0,0,0,77,2
"0224",1,1,1,2,2,2,1,3,2,0,1,4,38,2
"0224",1,1,2,2,1,2,1,0,0,0,2,4,63,1
"0224",1,2,2,2,2,2,2,0,0,0,0,0,76,2
"0224",1,1,1,1,1,2,2,3,3,1200,0,0,74,1
"0224",1,2,2,2,2,2,2,0,0,0,0,0,88,2
"0224",1,1,1,2,1,2,2,3,3,600,0,0,56,1
"0224",1,2,2,2,1,2,2,0,0,0,0,0,53,1
"0224",1,1,1,2,1,2,2,4,2,0,0,0,48,1
"0224",1,2,2,1,2,2,2,0,0,0,0,0,54,2
"0224",1,2,2,2,1,2,2,0,0,0,0,0,79,2
"0224",1,1,2,2,2,2,2,0,0,0,0,0,77,1
"0224",1,1,1,2,2,2,1,4,3,900,1,3,66,2
"0224",1,1,2,1,2,2,1,0,0,0,1,2,38,2
"0224",1,2,2,2,2,2,2,0,0,0,0,0,67,2
"0224",1,1,2,2,1,2,1,0,0,0,2,4,44,1
"0224",1,1,2,1,2,2,1,0,0,0,5,4,30,1
"0224",1,1,1,1,1,2,2,3,1,0,0,0,57,2
"0224",1,1,2,2,1,2,2,0,0,0,0,0,69,2
"0224",1,1,1,2,2,2,1,3,2,0,1,4,33,2
"0224",1,1,1,2,2,1,1,4,2,0,2,3,28,1
"0224",1,1,1,2,2,2,1,3,2,0,1,4,32,2
"0224",1,1,2,2,2,1,2,0,0,0,0,0,35,1
"0224",1,1,1,2,2,2,1,3,2,0,1,4,39,2
"0224",1,2,2,2,2,2,2,0,0,0,0,0,25,2
"0224",1,2,2,2,2,2,2,0,0,0,0,0,31,1
"0224",1,1,2,2,2,2,2,0,0,0,0,0,30,1
"0224",1,2,2,2,2,2,2,0,0,0,0,0,21,2
"0224",1,1,1,1,1,2,2,4,3,2000,0,0,32,2
"0224",1,1,1,2,2,2,2,5,2,0,0,0,67,2
"0224",1,2,2,2,2,2,1,0,0,0,1,4,55,2
"0224",1,1,1,2,2,2,2,4,2,0,0,0,66,2
"0224",1,1,1,2,2,2,1,3,2,0,1,4,44,1
"0224",1,1,2,2,1,2,2,0,0,0,0,0,79,2
"0224",1,2,2,2,2,2,2,0,0,0,0,0,69,2
"0224",1,1,1,2,1,2,2,4,1,0,0,0,33,2
"0224",1,1,2,2,1,2,2,0,0,0,0,0,37,2
"0224",1,1,2,2,1,2,2,0,0,0,0,0,55,1
"0224",1,1,1,2,2,2,1,3,2,0,1,3,43,2
"0224",1,1,1,2,2,2,1,3,3,150,1,4,33,2
"0224",1,2,2,2,2,2,1,0,0,0,1,2,31,2
"0224",1,1,2,1,2,2,1,0,0,0,1,4,37,1
"0224",1,1,2,1,2,2,1,0,0,0,3,4,21,1
"0224",1,1,2,1,1,2,2,0,0,0,0,0,37,1
"0224",1,1,1,1,1,2,2,3,2,0,0,0,38,2
"0224",1,2,2,2,2,2,2,0,0,0,0,0,62,2
"0224",1,1,2,2,2,2,2,0,0,0,0,0,63,1
"0224",2,0,0,0,0,0,0,0,0,0,0,0,56,1
"0224",1,1,1,2,2,2,1,3,2,0,1,3,30,2
"0224",1,1,1,2,2,2,1,3,2,0,1,4,25,2
"0224",1,2,2,2,1,2,2,0,0,0,0,0,33,1
"0224",1,2,1,1,2,2,2,3,2,0,0,0,60,2
"0224",1,2,2,2,1,2,2,0,0,0,0,0,41,1
"0224",1,1,1,1,2,2,2,3,2,0,0,0,35,2
"0224",1,1,1,2,2,2,2,3,3,950,0,0,66,2
"0224",1,1,1,2,1,2,1,3,2,0,1,3,85,2
"0224",1,1,1,2,2,2,1,1,2,0,1,3,60,2
"0224",1,1,1,2,2,2,2,2,3,300,0,0,20,1
"0224",1,1,2,2,1,2,2,0,0,0,0,0,68,1
"0224",1,1,1,2,2,2,1,3,2,0,2,6,54,2
"0224",1,2,2,2,2,2,2,0,0,0,0,0,29,1
"0224",1,2,2,2,1,2,2,0,0,0,0,0,32,2
"0224",1,2,2,2,2,2,2,0,0,0,0,0,18,2
"0224",1,1,1,1,2,2,1,3,2,0,2,4,65,1
"0224",1,1,1,1,2,2,1,3,2,0,1,1,48,1
"0224",1,2,2,2,2,2,1,0,0,0,1,3,25,2
"0224",1,2,2,2,2,2,1,0,0,0,2,3,41,1
"0224",1,2,2,1,1,2,2,0,0,0,0,0,49,1
"0224",1,1,1,1,1,2,2,3,3,600,0,0,26,1
"0224",1,2,2,1,2,2,2,0,0,0,0,0,30,2
"0224",1,2,2,1,2,2,2,0,0,0,0,0,25,2
"0224",1,2,2,2,2,2,2,0,0,0,0,0,70,2
"0224",1,1,2,2,1,2,2,0,0,0,0,0,51,2
"0224",1,2,2,1,2,2,1,0,0,0,2,2,42,2
"0224",1,2,2,2,2,2,2,0,0,0,0,0,43,1
"0224",1,2,2,1,2,2,1,0,0,0,1,4,28,2
"0224",1,2,2,2,2,2,2,0,0,0,0,0,71,2
"0224",1,1,1,2,1,2,2,1,3,2000,0,0,57,1
"0224",1,1,2,2,1,2,1,0,0,0,3,4,25,1
"0224",1,1,2,2,1,2,2,0,0,0,0,0,42,2
"0224",1,2,2,2,2,2,2,0,0,0,0,0,34,1
"0224",1,2,2,2,2,2,2,0,0,0,0,0,60,1
"0224",1,2,2,1,2,2,2,0,0,0,0,0,43,2
"0224",1,2,2,2,1,2,2,0,0,0,0,0,52,2
"0224",1,2,2,2,2,2,2,0,0,0,0,0,84,1
"0224",1,2,2,1,2,2,2,0,0,0,0,0,60,2
"0224",1,1,2,1,1,2,2,0,0,0,0,0,59,1
"0224",1,2,2,1,1,2,2,0,0,0,0,0,51,1
"0224",1,2,2,2,2,2,1,0,0,0,1,4,30,2
"0224",1,1,1,2,1,2,1,3,3,2000,2,3,61,2
"0224",1,1,1,2,2,2,1,2,1,0,1,4,20,2
"0224",1,1,2,2,1,2,2,0,0,0,0,0,72,1
"0224",1,1,2,1,2,2,2,0,0,0,0,0,53,1
"0224",1,1,2,2,1,2,1,0,0,0,3,4,39,1
"0224",1,1,2,2,2,2,1,0,0,0,1,2,46,2
"0224",1,2,2,2,2,2,2,0,0,0,0,0,73,2
"0224",1,1,2,1,2,2,1,0,0,0,2,4,76,2
"0224",1,2,2,2,2,2,1,0,0,0,1,4,35,1
"0224",1,2,2,2,2,2,2,0,0,0,0,0,62,1
"0224",1,2,2,2,2,2,1,0,0,0,2,4,59,1
"0224",1,1,1,2,1,2,1,1,1,0,1,1,45,2
"0224",1,2,2,2,2,2,1,0,0,0,2,3,57,1
"0224",1,2,2,2,2,2,1,0,0,0,1,1,49,1
"0224",1,1,2,2,1,2,1,0,0,0,2,4,42,2
"0224",1,2,2,2,2,2,1,0,0,0,1,1,21,1
"0224",1,2,2,2,2,2,1,0,0,0,1,1,60,2
"0224",1,1,2,2,1,2,1,0,0,0,1,3,30,1
"0224",1,1,1,2,1,2,1,2,3,1800,1,2,19,1
"0224",1,1,2,1,2,2,1,0,0,0,1,1,77,1
"0224",1,1,2,2,1,2,1,0,0,0,2,1,51,1
"0224",1,2,2,2,2,2,1,0,0,0,1,4,28,2
"0224",1,1,2,1,2,2,2,0,0,0,0,0,47,2
"0224",1,1,2,2,1,2,1,0,0,0,2,4,28,1
"0224",1,2,2,1,1,2,1,0,0,0,1,1,27,1
"0224",1,2,2,2,1,2,1,0,0,0,2,1,45,1
"0224",1,1,2,2,1,2,1,0,0,0,1,4,41,2
"0224",2,0,0,0,0,0,0,0,0,0,0,0,39,2
"0224",1,1,2,2,2,2,1,0,0,0,2,4,58,2
"0224",1,1,1,2,2,2,1,2,2,0,1,2,22,2
"0224",1,2,2,2,2,2,2,0,0,0,0,0,78,1
"0224",1,1,1,2,2,1,1,1,3,250,2,2,41,2
"0224",1,1,1,2,2,2,1,3,1,0,1,3,38,1
"0224",1,2,2,2,2,2,1,0,0,0,1,3,43,1
"0224",1,1,1,2,2,2,1,4,3,200,2,4,31,1
"0224",1,1,2,2,1,1,1,0,0,0,1,3,65,2
"0224",1,1,2,1,1,2,1,0,0,0,1,4,47,2
"0224",1,1,1,2,2,2,1,2,1,0,2,2,21,2
"0224",1,1,2,1,1,2,2,0,0,0,0,0,20,1
"0224",1,1,2,1,2,2,2,0,0,0,0,0,67,1
"0224",1,1,1,1,1,2,1,2,2,0,1,3,34,2
"0224",1,2,2,2,2,2,2,0,0,0,0,0,67,1
"0224",1,2,2,2,2,2,2,0,0,0,0,0,26,2
"0224",1,1,2,1,2,2,1,0,0,0,1,4,53,2
"0224",1,1,1,2,2,2,1,1,2,0,2,1,41,1
"0224",1,2,2,2,2,2,1,0,0,0,1,4,36,1
"0224",1,1,1,1,1,2,1,2,1,0,2,4,22,1
"0224",1,2,2,2,2,2,2,0,0,0,0,0,35,2
"0224",1,1,2,2,1,2,1,0,0,0,1,1,32,1
"0224",1,1,1,2,2,2,2,4,3,100,0,0,25,2
"0224",1,1,1,2,2,2,1,4,2,0,2,3,59,2
"0224",1,1,1,2,2,2,1,4,3,400,2,1,38,1
"0224",1,1,1,2,1,2,2,3,2,0,0,0,49,2
"0224",1,1,1,2,2,2,2,1,2,0,0,0,22,1
"0224",1,1,1,2,2,2,2,5,1,0,0,0,59,2
"0224",1,1,2,2,2,2,2,0,0,0,0,0,50,1
"0224",1,2,2,2,1,2,2,0,0,0,0,0,43,2
"0224",1,1,1,1,1,2,2,4,2,0,0,0,33,1
"0224",1,1,1,2,2,2,2,1,1,0,0,0,26,2
"0224",1,1,1,2,2,2,2,5,2,0,0,0,23,1
"0224",1,1,1,2,2,2,2,1,1,0,0,0,26,1
"0224",1,1,2,2,2,2,1,0,0,0,2,3,49,2
"0224",1,1,2,1,2,2,2,0,0,0,0,0,58,1
"0224",1,1,2,1,1,2,2,0,0,0,0,0,35,2
"0224",1,1,1,2,1,2,1,1,1,0,2,1,34,1
"0224",1,2,1,2,2,2,2,4,3,400,0,0,43,2
"0224",1,2,2,2,2,2,2,0,0,0,0,0,37,2
"0224",1,1,1,2,2,2,2,2,1,0,0,0,27,1
"0224",1,1,2,1,2,2,1,0,0,0,2,3,37,2
"0224",1,1,1,2,2,2,2,5,2,0,0,0,50,2
"0224",1,1,1,2,1,2,2,4,2,0,0,0,54,1
"0224",1,1,2,2,2,2,2,0,0,0,0,0,34,1
"0224",1,1,2,2,1,2,2,0,0,0,0,0,83,2
"0224",1,1,1,2,1,2,1,2,1,0,1,2,48,1
"0224",1,1,1,2,1,2,2,1,1,0,0,0,46,1
"0224",1,1,2,2,2,2,2,0,0,0,0,0,71,2
"0224",1,1,1,2,2,2,2,5,2,0,0,0,53,2
"0224",1,2,2,2,2,2,2,0,0,0,0,0,49,2
"0224",1,1,1,1,2,2,1,4,2,0,2,1,36,2
"0224",1,1,1,2,2,2,2,2,1,0,0,0,20,1
"0224",1,1,1,2,1,2,2,5,2,0,0,0,63,2
"0224",1,1,1,1,1,2,2,4,2,0,0,0,62,1
"0224",1,1,1,1,1,2,1,4,1,0,4,1,59,1
"0224",1,2,2,2,2,2,2,0,0,0,0,0,48,1
"0224",1,1,2,2,2,2,1,0,0,0,1,1,47,1
"0224",1,1,2,2,2,2,1,0,0,0,1,4,30,2
"0224",1,2,2,2,2,2,2,0,0,0,0,0,20,1
"0224",1,2,2,2,2,2,2,0,0,0,0,0,77,1
"0224",1,2,2,2,2,2,1,0,0,0,2,4,59,2
"0224",1,1,1,2,2,2,2,5,3,50,0,0,74,1
"0224",1,2,2,2,2,2,2,0,0,0,0,0,42,2
"0224",1,1,1,2,2,2,2,1,3,1500,0,0,45,2
"0224",1,2,2,1,2,2,2,0,0,0,0,0,57,2
"0224",2,0,0,0,0,0,0,0,0,0,0,0,45,2
"0224",1,2,2,2,2,2,2,0,0,0,0,0,34,2
"0224",1,2,2,2,2,2,2,0,0,0,0,0,47,2
"0224",1,1,1,2,2,2,2,4,2,0,0,0,26,1
"0224",1,1,1,2,2,2,2,4,2,0,0,0,48,2
"0224",1,1,1,2,2,2,2,2,3,1200,0,0,27,1
"0224",1,2,2,1,2,2,2,0,0,0,0,0,33,2
"0224",1,1,1,2,2,2,2,4,2,0,0,0,28,2
"0224",1,2,2,2,2,2,2,0,0,0,0,0,68,1
"0224",1,2,2,1,2,2,2,0,0,0,0,0,75,2
"0224",1,2,2,1,2,2,2,0,0,0,0,0,36,2
"0224",1,2,2,1,2,2,2,0,0,0,0,0,24,2
"0224",1,2,2,1,2,2,2,0,0,0,0,0,52,2
"0224",2,0,0,0,0,0,0,0,0,0,0,0,86,2
"0224",1,1,1,2,2,2,2,2,3,500,0,0,20,2
"0224",1,1,1,2,1,2,2,4,3,550,0,0,21,1
"0224",1,2,2,2,1,2,2,0,0,0,0,0,44,1
"0224",1,1,2,2,1,1,2,0,0,0,0,0,40,1
"0224",1,1,1,1,2,2,1,2,2,0,2,2,26,2
"0224",1,1,1,2,2,2,1,3,3,400,1,3,49,2
"0224",1,1,1,1,1,2,1,4,3,400,1,3,66,1
"0224",1,1,1,1,1,2,1,1,3,3500,2,3,51,1
"0224",1,1,2,2,1,2,2,0,0,0,0,0,61,1
"0224",1,1,1,2,2,2,2,3,1,0,0,0,74,2
"0224",1,1,2,1,2,2,1,0,0,0,2,3,51,2
"0224",1,1,1,1,1,2,2,1,3,1500,0,0,54,2
"0224",1,1,1,1,2,2,1,4,3,5000,2,1,39,1
"0224",1,1,2,1,2,2,2,0,0,0,0,0,67,2
"0224",1,1,1,2,2,2,1,5,2,0,1,3,43,2
"0224",1,1,2,2,2,2,1,0,0,0,2,3,42,2
"0224",2,0,0,0,0,0,0,0,0,0,0,0,84,1
"0224",2,0,0,0,0,0,0,0,0,0,0,0,80,2
"0224",1,1,2,1,2,2,2,0,0,0,0,0,73,1
"0224",1,1,1,2,2,2,1,3,3,240,2,1,35,2
"0224",1,2,2,2,2,2,2,0,0,0,0,0,85,1
"0224",1,2,2,1,2,2,1,0,0,0,5,3,67,2
"0224",1,1,1,2,2,2,2,3,3,750,0,0,32,2
"0224",1,1,1,1,1,2,2,1,3,1000,0,0,59,1
"0224",1,1,1,1,2,2,1,3,3,300,2,4,67,1
"0224",1,1,1,2,2,2,1,4,1,0,2,4,36,1
"0224",1,1,1,1,2,2,1,5,1,0,2,3,61,2
"0224",1,1,1,1,1,2,2,4,2,0,0,0,77,1
"0224",1,2,2,1,2,2,1,0,0,0,2,3,37,2
"0224",1,1,1,2,1,2,1,3,1,0,1,1,36,2
"0224",1,1,2,2,2,2,2,0,0,0,0,0,38,2
"0224",1,2,2,2,2,2,1,0,0,0,5,4,28,2
"0224",1,1,1,2,2,2,2,5,3,250,0,0,48,2
"0224",2,0,0,0,0,0,0,0,0,0,0,0,89,2
"0224",1,1,2,1,2,2,2,0,0,0,0,0,36,2
"0224",1,2,2,2,2,2,2,0,0,0,0,0,46,2
"0224",1,1,2,2,2,2,1,0,0,0,2,4,41,2
"0224",1,1,1,1,2,2,1,4,3,2500,1,4,40,2
"0224",1,1,1,2,2,2,1,4,3,219,2,3,30,2
"0224",1,1,1,2,2,2,2,3,2,0,0,0,45,1
"0224",1,1,2,2,2,2,2,0,0,0,0,0,79,1
"0224",1,2,2,2,2,1,1,0,0,0,5,4,35,1
"0224",1,1,2,1,2,2,2,0,0,0,0,0,60,1
"0224",1,1,1,1,1,2,1,1,3,3000,1,3,29,2
"0224",1,1,1,1,1,2,2,3,3,800,0,0,78,2
"0224",1,1,1,1,1,2,1,3,3,6000,1,3,67,1
"0224",1,1,1,1,2,2,2,4,3,250,0,0,76,2
"0224",1,1,1,2,2,2,1,3,2,0,3,3,42,2
"0224",1,1,1,2,2,2,2,3,2,0,0,0,33,1
"0224",2,0,0,0,0,0,0,0,0,0,0,0,27,2
"0224",2,0,0,0,0,0,0,0,0,0,0,0,71,2
"0224",1,2,2,2,2,2,1,0,0,0,3,4,38,2
"0224",1,2,2,1,2,2,2,0,0,0,0,0,51,2
"0224",1,1,1,2,2,2,1,3,2,0,2,3,33,1
"0224",1,1,1,2,2,2,2,1,3,1200,0,0,23,1
"0224",1,1,1,1,1,2,2,3,1,0,0,0,53,1
"0224",1,1,1,1,1,2,1,1,2,0,2,4,34,2
"0224",1,1,1,1,2,2,2,3,3,200,0,0,48,2
"0224",1,1,1,2,2,2,2,3,2,0,0,0,47,1
"0224",1,2,2,1,2,2,2,0,0,0,0,0,38,2
"0224",1,1,2,2,2,2,1,0,0,0,2,3,41,2
"0224",1,1,2,1,1,2,2,0,0,0,0,0,54,1
"0224",1,2,2,2,2,2,2,0,0,0,0,0,71,1
"0224",1,1,1,2,2,2,1,4,2,0,1,3,26,2
"0224",1,1,1,2,2,2,2,3,3,500,0,0,52,1
"0224",1,2,2,2,2,2,2,0,0,0,0,0,38,1
"0224",1,1,1,1,2,2,2,4,1,0,0,0,65,2
"0224",1,2,2,2,2,2,1,0,0,0,5,3,53,2
"0224",1,1,2,1,2,1,2,0,0,0,0,0,43,2
"0224",1,2,2,2,2,2,1,0,0,0,2,3,56,2
"0224",1,1,2,1,2,2,2,0,0,0,0,0,52,2
"0224",1,2,2,2,1,2,2,0,0,0,0,0,73,1
"0224",1,1,1,1,2,2,2,5,2,0,0,0,85,2
"0224",1,2,1,2,2,2,2,1,1,0,0,0,45,2
"0224",1,1,1,2,1,2,1,1,3,800,1,2,54,1
"0224",1,1,1,1,1,2,1,3,2,0,1,3,55,1
"0224",1,2,2,2,2,2,2,0,0,0,0,0,86,1
"0224",1,1,1,2,2,2,1,4,1,0,2,3,44,1
"0224",1,1,1,2,2,2,1,4,2,0,2,1,32,1
"0224",1,2,1,2,2,2,2,4,2,0,0,0,54,1
"0224",1,1,1,2,2,2,1,2,1,0,3,2,50,1
"0224",1,1,2,2,2,2,2,0,0,0,0,0,53,1
"0224",1,1,2,1,2,2,1,0,0,0,3,4,32,2
"0224",1,2,2,2,2,2,2,0,0,0,0,0,42,1
"0224",1,2,2,2,2,2,2,0,0,0,0,0,27,2
"0224",1,1,1,2,2,2,1,4,2,0,2,3,28,1
"0224",1,1,1,2,1,2,1,4,3,600,2,1,30,2
"0224",1,1,1,2,2,2,2,1,2,0,0,0,47,1
"0224",1,1,1,2,2,2,2,3,3,500,0,0,30,2
"0224",1,2,2,2,2,2,2,0,0,0,0,0,76,1
"0224",1,1,1,2,2,2,1,4,3,600,2,4,32,2
"0224",1,1,1,2,1,2,2,5,3,250,0,0,65,2
"0224",1,1,1,1,2,2,2,4,2,0,0,0,27,1
"0224",1,2,2,1,2,2,2,0,0,0,0,0,42,2
"0224",1,1,1,1,2,2,2,5,2,0,0,0,70,2
"0224",1,2,2,2,2,2,1,0,0,0,2,4,24,2
"0224",1,1,2,1,2,2,1,0,0,0,4,1,56,1
"0224",1,1,2,1,2,2,2,0,0,0,0,0,74,2
"0224",1,1,1,2,2,2,2,4,3,600,0,0,52,1
"0224",1,1,1,2,2,2,2,3,2,0,0,0,20,1
"0224",1,1,1,1,2,2,1,3,3,300,2,3,41,1
"0224",1,1,2,2,2,2,1,0,0,0,1,3,55,2
"0224",1,1,1,2,2,2,2,4,1,0,0,0,29,2
"0224",1,1,1,2,2,2,2,4,3,800,0,0,30,1
"0224",1,1,2,1,2,2,2,0,0,0,0,0,81,2
"0224",1,1,2,2,2,2,1,0,0,0,1,3,29,2
"0224",1,1,1,2,2,2,2,4,3,400,0,0,64,1
"0224",1,1,1,2,1,2,1,3,3,1000,3,3,26,1
"0224",1,1,1,1,2,2,1,3,3,800,2,3,24,1
"0224",1,1,2,2,2,2,2,0,0,0,0,0,59,2
"0224",1,1,2,2,2,2,1,0,0,0,1,3,50,2
"0224",1,1,1,1,2,2,2,4,1,0,0,0,35,1
"0224",1,1,1,1,2,2,1,3,3,4000,2,4,23,2
"0224",1,1,1,1,2,2,2,3,2,0,0,0,81,2
"0224",1,1,1,1,2,2,1,5,3,350,2,4,48,2
"0224",1,1,1,1,2,2,1,4,3,5000,1,4,25,1
"0224",1,1,1,1,2,2,2,4,2,0,0,0,75,1
"0224",1,2,2,2,2,2,1,0,0,0,1,3,38,2
"0224",1,2,2,1,2,2,2,0,0,0,0,0,61,2
"0224",1,1,2,2,2,2,2,0,0,0,0,0,40,2
"0224",1,1,1,2,2,2,1,4,3,1200,2,4,29,2
"0224",1,1,1,2,2,2,2,4,3,300,0,0,30,1
"0224",1,1,1,2,2,2,2,3,2,0,0,0,51,2
"0224",1,2,2,2,2,2,2,0,0,0,0,0,87,2
"0224",1,1,1,1,2,2,2,4,2,0,0,0,75,2
"0224",1,1,1,2,1,2,1,1,3,1500,1,1,26,1
"0224",2,0,0,0,0,0,0,0,0,0,0,0,43,1
"0224",1,1,2,1,2,2,2,0,0,0,0,0,63,2
"0224",1,1,1,2,2,2,1,2,2,0,2,2,20,1
"0224",1,2,2,2,2,2,2,0,0,0,0,0,81,1
"0224",1,1,1,2,2,2,1,3,2,0,1,1,48,2
"0224",1,1,1,2,2,2,2,4,2,0,0,0,37,1
"0224",1,2,2,2,2,2,1,0,0,0,1,4,36,2
"0224",2,0,0,0,0,0,0,0,0,0,0,0,65,2
"0224",1,1,2,1,2,2,1,0,0,0,1,4,25,2
"0224",1,2,2,2,2,2,2,0,0,0,0,0,23,2
"0224",1,2,2,2,2,2,1,0,0,0,1,4,37,2
"0224",1,1,1,2,2,2,2,3,2,0,0,0,70,1
"0224",1,1,1,2,2,2,2,5,2,0,0,0,64,1
"0224",1,1,1,2,2,2,1,1,3,250,2,3,32,1
"0224",1,2,2,2,2,2,2,0,0,0,0,0,80,1
"0224",1,1,2,2,2,2,2,0,0,0,0,0,21,2
"0224",1,1,1,1,2,2,2,3,3,2000,0,0,46,2
"0224",2,0,0,0,0,0,0,0,0,0,0,0,73,2
"0224",1,1,1,2,2,2,1,4,3,900,1,3,41,2
"0224",1,2,2,1,1,2,1,0,0,0,1,3,65,1
"0224",1,2,2,1,2,2,1,0,0,0,2,3,36,2
"0224",1,1,1,1,2,2,1,2,1,0,2,2,23,2
"0224",1,1,1,2,2,2,2,5,2,0,0,0,45,2
"0224",1,1,1,1,2,2,2,4,2,0,0,0,60,2
"0224",1,1,1,2,2,2,2,4,2,0,0,0,61,2
"0224",1,2,2,2,2,2,1,0,0,0,1,4,44,2
"0224",1,1,2,2,2,2,2,0,0,0,0,0,47,2
"0224",1,2,2,1,2,2,2,0,0,0,0,0,18,1
"0224",1,1,1,2,2,2,1,2,3,2400,1,3,26,2
"0224",1,1,1,2,2,2,1,3,2,0,1,4,31,1
"0224",1,1,1,1,2,2,1,1,1,0,2,1,23,2
"0224",1,1,1,1,1,2,2,4,2,0,0,0,42,2
"0224",2,0,0,0,0,0,0,0,0,0,0,0,37,2
"0224",1,1,1,2,2,2,1,3,3,1500,1,3,27,1
"0224",1,1,1,2,2,2,1,3,1,0,1,3,34,1
"0224",1,1,1,2,2,2,1,3,2,0,1,3,60,2
"0224",1,1,2,2,2,2,1,0,0,0,2,3,65,1
"0224",1,1,1,2,1,2,1,4,2,0,2,4,26,1
"0224",1,2,2,2,2,2,1,0,0,0,2,4,22,2
"0224",1,1,1,2,2,2,2,3,3,4000,0,0,51,1
"0224",1,2,2,2,2,2,2,0,0,0,0,0,28,1
"0224",1,1,1,2,2,2,2,3,2,0,0,0,64,2
"0224",1,1,1,2,2,2,1,3,2,0,1,3,28,1
"0224",1,1,1,2,2,2,1,3,3,1400,1,4,51,2
"0224",1,2,2,2,2,2,2,0,0,0,0,0,39,2
"0224",1,1,1,1,1,2,1,2,3,700,1,2,47,2
"0224",1,1,1,1,2,2,1,4,2,0,1,4,64,2
"0224",1,2,2,1,2,2,2,0,0,0,0,0,73,2
"0224",1,1,1,2,2,2,1,3,3,1500,1,3,52,1
"0224",1,1,1,2,2,2,1,3,3,500,2,3,34,1
"0224",1,2,2,1,2,2,2,0,0,0,0,0,56,2
"0224",1,1,2,2,2,2,1,0,0,0,2,1,33,1
"0224",1,2,1,2,2,2,2,4,3,700,0,0,29,2
"0224",1,1,1,2,2,2,2,3,2,0,0,0,42,2
"0224",1,1,1,2,2,2,1,4,3,4000,1,3,65,2
"0224",1,1,1,2,2,2,1,3,1,0,1,3,24,1
"0224",1,1,2,1,1,2,2,0,0,0,0,0,78,2
"0224",1,1,1,2,2,2,1,3,3,600,1,3,35,1
"0224",1,1,1,2,2,2,2,4,2,0,0,0,79,2
"0224",1,1,1,2,2,2,1,4,3,400,2,1,54,1
"0224",1,1,1,2,2,2,2,4,3,200,0,0,62,1
"0224",1,1,2,2,2,2,1,0,0,0,2,3,47,2
"0224",1,1,1,1,2,2,1,4,1,0,1,4,28,2
"0224",1,1,1,2,2,2,1,4,3,30,5,3,29,2
"0224",1,1,1,2,2,2,1,3,2,0,5,4,40,1
"0224",1,1,1,2,2,2,2,2,3,200,0,0,18,2
"0224",1,2,2,2,2,2,1,0,0,0,2,3,37,1
"0224",1,1,2,2,1,2,2,0,0,0,0,0,59,1
"0224",1,1,1,2,1,2,1,4,2,0,1,3,27,1
"0224",1,1,1,1,2,2,1,3,3,999999,5,3,60,2
"0224",1,2,2,2,2,2,2,0,0,0,0,0,77,2
"0224",1,1,1,1,1,2,1,3,1,0,2,3,39,1
"0224",1,1,1,2,2,2,2,4,3,150,0,0,73,1
"0224",1,2,2,1,1,2,2,0,0,0,0,0,21,1
"0224",1,1,1,2,2,2,1,1,2,0,2,1,26,2
"0224",1,1,2,2,2,2,1,0,0,0,2,4,27,2
"0224",1,2,2,2,2,2,1,0,0,0,3,4,30,2
"0224",1,1,1,2,2,2,2,4,2,0,0,0,22,2
"0224",1,1,1,1,2,2,2,4,2,0,0,0,47,2
"0224",1,1,2,1,2,2,2,0,0,0,0,0,72,2
"0224",1,1,2,1,2,1,2,0,0,0,0,0,73,2
"0224",1,1,1,2,2,2,2,4,1,0,0,0,56,2
"0224",1,1,1,2,1,2,1,4,3,300,2,4,53,2
"0224",1,2,2,2,2,2,2,0,0,0,0,0,86,2
"0224",1,2,2,2,2,2,1,0,0,0,3,3,28,2
"0224",1,1,2,1,2,2,1,0,0,0,2,3,47,2
"0224",1,1,1,2,2,2,1,3,1,0,2,4,37,1
"0224",1,1,1,2,2,2,2,4,2,0,0,0,44,2
"0224",1,1,2,2,2,2,1,0,0,0,1,4,59,2
"0224",1,2,2,2,2,2,2,0,0,0,0,0,18,1
"0224",1,1,1,1,2,2,1,2,1,0,2,3,21,2
"0224",1,2,2,2,2,2,1,0,0,0,2,3,38,2
"0224",1,1,1,2,2,2,2,6,1,0,0,0,40,2
"0224",1,2,2,2,2,2,1,0,0,0,2,4,25,1
"0224",1,1,1,1,2,2,1,4,3,2000,1,4,26,2
"0224",1,2,2,1,2,2,1,0,0,0,5,3,49,2
"0224",1,1,1,2,2,2,1,2,3,200,1,2,19,1
"0224",1,1,1,2,2,2,1,3,2,0,2,4,27,2
"0224",1,1,2,2,1,2,2,0,0,0,0,0,32,2
"0224",1,1,1,2,2,2,2,4,3,160,0,0,23,1
"0224",1,2,2,2,2,2,1,0,0,0,2,3,44,2
"0224",1,1,1,1,2,2,1,4,1,0,2,4,38,2
"0224",1,2,2,2,1,2,2,0,0,0,0,0,68,2
"0224",1,1,1,1,2,2,1,3,3,1000,5,3,52,2
"0224",1,1,1,2,2,2,2,4,3,1000,0,0,53,1
"0224",1,1,1,2,2,2,2,4,2,0,0,0,25,2
"0224",1,1,1,2,2,1,1,4,1,0,1,3,27,1
"0224",1,2,2,2,2,2,1,0,0,0,1,3,56,2
"0224",1,1,1,1,2,2,2,4,2,0,0,0,69,2
"0224",1,1,1,1,2,1,2,4,3,50,0,0,36,2
"0224",1,2,1,2,1,2,2,4,2,0,0,0,41,1
"0224",1,1,2,2,2,1,2,0,0,0,0,0,72,2
"0224",1,1,1,1,2,2,1,3,3,999999,5,3,79,1
"0224",1,1,1,2,2,2,2,3,2,0,0,0,39,1
"0224",1,1,1,2,2,2,2,5,1,0,0,0,54,2
"0224",1,1,1,2,2,2,1,6,3,999999,5,6,57,2
"0224",1,1,1,2,2,2,2,4,2,0,0,0,42,2
"0224",1,1,1,2,2,2,2,5,2,0,0,0,79,2
"0224",1,1,1,2,1,2,2,4,2,0,0,0,55,1
"0224",1,1,1,2,2,2,2,3,3,1400,0,0,42,2
"0224",1,1,1,1,2,2,2,4,2,0,0,0,49,2
"0224",1,1,2,2,1,2,2,0,0,0,0,0,54,1
"0224",2,0,0,0,0,0,0,0,0,0,0,0,58,2
"0224",1,1,1,2,2,2,2,4,3,200,0,0,30,2
"0224",1,1,2,2,2,2,1,0,0,0,2,3,32,1
"0224",1,2,2,2,2,2,2,0,0,0,0,0,61,1
"0224",1,2,2,2,2,2,2,0,0,0,0,0,75,1
"0224",1,2,2,2,2,2,2,0,0,0,0,0,22,2
"0224",1,1,1,2,2,2,1,2,1,0,5,2,29,1
"0224",1,1,1,2,2,2,1,1,2,0,3,3,41,1
"0224",1,1,1,1,1,2,2,1,3,600,0,0,49,1
"0224",1,2,2,2,2,2,2,0,0,0,0,0,64,2
"0224",1,1,1,2,2,2,1,3,1,0,2,3,32,2
"0224",1,1,2,1,2,2,1,0,0,0,2,3,39,2
"0224",1,1,1,2,2,2,1,1,2,0,2,1,42,2
"0224",1,2,2,2,2,2,2,0,0,0,0,0,83,1
"0224",1,1,1,2,2,2,1,1,3,1000,1,1,41,1
"0224",1,1,1,2,1,2,2,3,1,0,0,0,59,1
"0224",1,1,1,2,2,2,1,4,1,0,1,3,47,1
"0224",1,1,1,2,1,2,2,4,1,0,0,0,66,1
"0224",1,1,1,2,1,2,1,3,1,0,1,1,73,1
"0224",1,1,1,2,2,2,1,1,1,0,1,1,58,1
"0224",1,1,1,2,2,2,1,2,1,0,1,2,19,1
"0224",1,1,1,2,2,2,1,3,1,0,2,4,37,2
"0224",1,2,2,2,2,2,2,0,0,0,0,0,19,1
"0224",1,1,1,2,2,2,1,1,1,0,1,1,42,1
"0224",1,1,2,2,2,2,2,0,0,0,0,0,48,2
"0224",1,1,1,1,2,1,2,3,2,0,0,0,36,1
"0224",1,1,1,2,1,2,2,4,2,0,0,0,18,1
"0224",1,1,1,1,2,1,2,4,3,350,0,0,45,2
"0224",1,1,1,2,2,2,1,1,1,0,1,1,29,2
"0224",1,1,1,2,2,2,1,1,1,0,2,4,58,1
"0224",1,1,1,2,2,2,1,3,1,0,1,1,49,1
"0224",1,1,1,1,2,2,2,4,2,0,0,0,33,2
"0224",1,1,1,2,2,2,1,1,1,0,2,1,25,2
"0224",2,0,0,0,0,0,0,0,0,0,0,0,59,2
"0224",1,1,1,2,2,2,2,3,2,0,0,0,71,1
"0224",1,1,1,2,2,2,1,4,2,0,2,3,58,1
"0224",1,1,2,1,2,2,1,0,0,0,2,4,23,2
"0224",1,1,1,2,2,2,1,1,1,0,1,4,27,1
"0224",1,1,2,2,1,2,1,0,0,0,1,3,47,1
"0224",1,1,1,2,2,2,2,5,2,0,0,0,69,2
"0224",1,1,1,2,1,2,2,1,1,0,0,0,32,1
"0224",1,2,2,2,2,2,2,0,0,0,0,0,35,1
"0224",1,1,2,1,2,2,2,0,0,0,0,0,62,1
"0224",1,1,1,2,2,2,1,4,2,0,1,4,41,1
"0224",1,1,2,2,2,2,2,0,0,0,0,0,84,2
"0224",1,2,2,2,2,2,1,0,0,0,2,1,42,2
"0224",1,1,1,2,2,2,2,1,2,0,0,0,37,2
"0224",1,1,2,2,2,2,1,0,0,0,2,5,55,2
"0224",1,1,2,2,2,2,1,0,0,0,2,4,33,2
"0224",1,1,1,2,2,2,2,4,1,0,0,0,41,2
"0224",1,1,1,2,2,2,1,4,2,0,2,4,23,2
"0224",1,1,1,1,1,2,2,4,3,400,0,0,41,2
"0224",1,1,2,2,2,2,2,0,0,0,0,0,39,2
"0224",1,1,1,2,2,2,2,1,1,0,0,0,33,2
"0224",1,1,1,2,2,2,1,2,3,150,1,5,56,2
"0224",1,1,2,1,1,1,2,0,0,0,0,0,33,2
"0224",1,2,2,2,2,2,2,0,0,0,0,0,69,1
"0224",1,1,1,2,2,2,1,4,2,0,1,1,45,2
"0224",1,2,2,2,2,2,1,0,0,0,3,3,33,1
"0224",2,0,0,0,0,0,0,0,0,0,0,0,72,2
"0224",2,0,0,0,0,0,0,0,0,0,0,0,57,2
"0224",1,1,1,2,1,2,1,2,1,0,2,2,21,2
"0224",1,1,2,2,2,2,2,0,0,0,0,0,46,2
"0224",1,1,2,2,2,2,1,0,0,0,1,3,38,1
"0224",2,0,0,0,0,0,0,0,0,0,0,0,69,1
"0224",1,1,1,1,1,2,1,3,2,0,5,3,36,1
"0224",1,1,2,2,2,2,2,0,0,0,0,0,50,2
"0224",1,1,2,1,1,2,2,0,0,0,0,0,53,1
"0224",1,1,1,1,2,2,1,3,3,150,1,3,44,1
"0224",1,1,1,2,2,2,1,4,2,0,5,4,68,1
"0224",1,1,1,2,2,2,2,4,3,300,0,0,47,2
"0224",1,1,1,1,2,2,1,4,1,0,2,3,20,2
"0224",1,1,2,1,2,2,1,0,0,0,3,1,54,2
"0224",1,1,2,1,2,2,1,0,0,0,2,2,26,1
"0224",1,1,1,2,2,2,2,6,3,2500,0,0,64,1
"0224",1,1,2,1,2,2,2,0,0,0,0,0,64,1
"0224",1,1,2,2,2,2,1,0,0,0,2,3,60,2
"0224",1,2,2,2,1,2,2,0,0,0,0,0,80,2
"0224",1,1,2,1,2,2,2,0,0,0,0,0,44,2
"0224",1,1,1,2,2,2,2,4,2,0,0,0,76,2
"0224",1,1,2,1,2,2,1,0,0,0,1,3,47,2
"0224",1,1,1,2,2,2,2,3,3,300,0,0,24,2
"0224",1,1,1,1,1,2,2,4,3,180,0,0,51,1
"0224",1,1,1,1,1,2,1,4,2,0,2,3,46,2
"0224",1,1,1,2,2,2,2,1,3,500,0,0,31,2
"0224",1,1,1,1,2,2,1,3,1,0,2,3,37,1
"0224",1,1,2,1,1,2,1,0,0,0,1,3,36,1
"0224",1,2,2,1,2,2,1,0,0,0,5,3,25,2
"0224",1,2,2,2,2,2,1,0,0,0,2,4,46,1
"0224",1,2,2,1,2,2,1,0,0,0,5,4,48,1
"0224",1,1,1,1,2,2,1,3,3,3500,2,3,55,1
"0224",1,1,1,1,1,2,1,4,2,0,1,4,28,2
"0224",1,1,1,2,2,2,1,4,3,300,5,3,63,1
"0224",1,1,1,1,1,2,1,4,2,0,2,3,23,2
"0224",1,1,1,2,2,2,2,4,3,500,0,0,67,1
"0224",1,1,2,1,2,1,1,0,0,0,2,2,36,1
"0224",1,1,1,2,2,2,2,4,3,2000,0,0,71,2
"0224",1,1,2,2,1,2,2,0,0,0,0,0,49,1
"0224",1,1,1,2,2,2,1,3,3,800,3,3,38,1
"0224",1,1,1,2,2,2,1,3,3,500,1,3,68,1
"0224",1,1,2,1,2,2,2,0,0,0,0,0,46,2
"0224",1,2,2,2,2,2,1,0,0,0,2,3,54,2
"0224",1,2,2,2,2,2,1,0,0,0,1,4,40,1
"0224",1,2,2,2,2,2,1,0,0,0,2,3,47,1
"0224",1,1,1,1,1,2,1,1,3,1500,1,1,50,1
"0224",1,1,1,2,2,2,1,3,3,900,2,4,63,2
"0224",1,1,1,1,2,2,2,5,3,530,0,0,69,2
"0224",1,1,1,2,2,2,1,3,3,311,2,4,52,2
"0224",1,1,1,2,2,2,1,4,3,2000,1,4,35,2
"0224",1,1,1,2,2,1,2,4,2,0,0,0,24,2
"0224",1,1,2,2,2,2,1,0,0,0,5,3,59,1
"0224",1,2,2,2,2,2,1,0,0,0,5,4,36,1
"0224",1,2,2,2,2,2,1,0,0,0,4,4,34,2
"0224",1,1,1,1,2,2,2,3,3,300,0,0,67,1
"0224",1,1,2,1,2,2,1,0,0,0,3,3,35,2
"0224",1,1,2,1,2,2,1,0,0,0,2,3,50,2
"0224",1,1,1,2,2,1,1,4,1,0,2,3,31,1
"0224",1,1,1,2,1,2,1,4,2,0,2,3,30,1
"0224",1,1,1,2,2,2,1,4,2,0,2,1,38,2
"0224",1,1,1,1,2,1,1,4,3,500,1,4,30,2
"0224",1,2,2,2,2,2,1,0,0,0,2,4,54,2
"0224",1,1,2,2,2,2,1,0,0,0,2,3,56,2
"0224",1,2,2,2,2,2,2,0,0,0,0,0,94,2
"0224",1,1,1,2,1,2,1,3,1,0,2,3,63,2
"0224",1,1,1,1,1,2,1,4,3,500,2,1,56,1
"0224",1,1,1,2,2,2,2,5,3,900,0,0,80,2
"0224",1,2,1,2,2,2,2,5,3,400,0,0,84,1
"0224",1,1,1,1,2,2,2,2,1,0,0,0,54,2
"0224",1,1,1,1,1,2,1,3,2,0,2,4,70,2
"0224",1,1,1,2,2,2,2,5,2,0,0,0,47,2
"0224",1,2,2,2,2,2,1,0,0,0,2,4,23,1
"0224",1,1,2,1,2,2,1,0,0,0,2,4,26,1
"0224",1,1,2,2,2,2,2,0,0,0,0,0,33,2
"0224",1,1,2,1,2,2,1,0,0,0,5,3,50,2
"0224",1,1,1,1,2,1,1,1,1,0,2,1,73,1
"0224",1,1,1,2,2,2,2,4,3,450,0,0,26,1
"0224",1,1,2,2,2,2,1,0,0,0,2,3,52,2
"0224",1,1,2,1,1,2,1,0,0,0,2,3,70,1
"0224",1,2,2,2,2,2,1,0,0,0,5,3,75,2
"0224",1,1,2,1,2,2,1,0,0,0,3,3,39,2
"0224",1,2,2,1,2,2,2,0,0,0,0,0,51,1
"0224",1,1,1,2,1,2,1,4,3,600,2,4,40,2
"0224",1,1,1,2,2,1,2,4,3,1000,0,0,19,2
"0224",1,1,1,2,2,2,2,4,2,0,0,0,37,2
"0224",1,1,2,2,1,2,2,0,0,0,0,0,20,1
"0224",1,1,2,2,1,1,1,0,0,0,5,1,22,2
"0224",1,1,1,2,2,2,1,1,1,0,5,3,66,1
"0224",1,1,1,2,2,2,1,4,3,300,3,4,49,2
"0224",1,1,1,2,2,2,1,4,3,600,2,2,52,2
"0224",1,1,1,2,2,2,1,1,1,0,1,1,27,1
"0224",1,1,2,1,1,2,2,0,0,0,0,0,48,1
"0224",1,1,2,1,2,2,1,0,0,0,2,2,44,1
"0224",1,1,2,2,1,2,2,0,0,0,0,0,45,2
"0224",1,2,2,1,1,2,2,0,0,0,0,0,25,2
"0224",2,0,0,0,0,0,0,0,0,0,0,0,70,2
"0224",1,1,1,2,2,2,2,1,2,0,0,0,33,2
"0224",1,1,1,2,1,2,1,2,3,600,1,4,30,1
"0224",1,1,1,1,1,2,1,3,3,1000,2,3,68,1
"0224",1,1,1,2,1,2,1,4,2,0,2,4,45,2
"0224",1,1,1,1,1,2,1,3,3,1500,1,3,50,1
"0224",1,1,1,2,2,2,1,4,2,0,2,3,67,2
"0224",1,2,1,1,2,2,1,4,2,0,1,4,26,1
"0224",1,1,2,1,2,2,2,0,0,0,0,0,84,1
"0224",1,1,1,2,2,2,1,4,1,0,5,3,45,1
"0224",1,1,1,1,1,2,2,4,3,200,0,0,49,2
"0224",1,1,1,1,2,2,2,2,1,0,0,0,31,2
"0224",1,1,1,2,2,2,2,1,1,0,0,0,60,2
"0224",1,1,1,2,2,2,2,2,2,0,0,0,26,2
"0224",1,1,1,1,2,2,2,4,1,0,0,0,30,2
"0224",1,1,2,1,2,2,2,0,0,0,0,0,25,2
"0224",1,1,1,2,2,2,2,4,1,0,0,0,23,1
"0224",1,1,1,2,2,2,2,4,3,1500,0,0,50,1
"0224",1,1,1,2,2,2,2,4,3,2000,0,0,40,1
"0224",1,1,1,2,2,2,2,3,3,5000,0,0,61,1
"0224",1,1,1,2,2,2,2,4,3,500,0,0,58,1
"0224",1,1,1,2,2,2,2,3,3,300,0,0,69,2
"0224",1,1,1,2,2,2,1,1,3,400,5,3,35,1
"0224",1,1,2,1,2,1,1,0,0,0,5,4,34,2
"0224",1,2,2,2,2,2,2,0,0,0,0,0,27,1
"0224",1,1,2,2,1,2,1,0,0,0,2,4,36,1
"0224",1,2,2,2,2,2,1,0,0,0,1,4,72,2
"0224",1,1,1,2,2,1,1,4,2,0,1,4,28,2
"0224",1,1,2,2,1,2,2,0,0,0,0,0,36,1
"0224",1,2,2,2,1,2,1,0,0,0,2,4,26,2
"0224",1,1,1,1,1,2,1,2,2,0,1,2,68,1
"0224",1,1,2,2,1,2,1,0,0,0,2,4,52,1
"0224",1,1,1,2,1,2,2,4,2,0,0,0,57,1
"0224",1,1,1,1,2,1,1,4,3,800,5,3,19,1
"0224",1,1,1,2,2,1,2,4,3,1500,0,0,25,2
"0224",1,2,2,2,2,2,1,0,0,0,2,3,65,2
"0224",1,1,1,1,2,2,1,3,3,600,1,4,38,2
"0224",1,1,1,1,2,2,1,4,1,0,3,3,36,1
"0224",1,1,1,1,2,2,1,4,2,0,2,4,54,2
"0224",1,1,1,2,2,2,1,4,1,0,5,4,22,2
"0224",1,1,2,1,2,2,2,0,0,0,0,0,26,2
"0224",1,1,2,1,2,2,1,0,0,0,3,3,21,2
"0224",1,1,2,2,2,2,2,0,0,0,0,0,37,2
"0224",1,1,2,2,2,2,1,0,0,0,1,1,46,1
"0224",1,1,1,1,1,2,2,4,2,0,0,0,52,2
"0224",1,1,2,1,2,2,1,0,0,0,3,4,22,1
"0224",1,1,1,2,2,2,1,3,2,0,2,4,34,2
"0224",1,1,1,2,1,2,1,3,2,0,1,4,57,2
"0224",1,2,1,1,2,1,2,3,2,0,0,0,31,2
"0224",1,1,2,1,2,2,1,0,0,0,1,3,60,2
"0224",1,1,2,1,1,2,2,0,0,0,0,0,64,2
"0224",1,1,1,1,2,2,1,5,1,0,1,3,21,1
"0224",1,1,1,2,2,2,1,3,3,300,4,3,35,1
"0224",1,1,1,1,2,2,1,1,2,0,5,1,49,2
"0224",1,1,1,2,2,2,2,3,2,0,0,0,44,2
"0224",1,1,1,2,2,2,1,3,2,0,4,4,74,2
"0224",1,1,2,2,1,2,1,0,0,0,1,4,40,2
"0224",1,1,1,2,1,2,1,1,3,300,2,2,61,1
"0224",1,1,2,1,2,2,1,0,0,0,2,1,24,1
"0224",1,1,1,1,1,1,1,4,3,400,1,4,47,1
"0224",1,2,2,1,2,2,1,0,0,0,2,3,24,2
"0224",1,1,2,2,1,1,2,0,0,0,0,0,75,1
"0224",1,1,2,2,2,2,2,0,0,0,0,0,70,1
"0224",1,1,2,2,2,2,2,0,0,0,0,0,46,1
"0224",1,1,1,1,2,2,2,2,1,0,0,0,24,2
"0224",1,1,1,2,2,2,1,4,3,700,1,3,37,1
"0224",1,1,1,2,2,2,2,5,2,0,0,0,80,2
"0224",1,1,1,2,2,2,1,3,3,500,2,3,65,2
"0224",1,1,1,2,2,2,1,2,3,2500,2,1,22,1
"0224",1,1,2,1,1,2,1,0,0,0,2,4,57,2
"0224",1,1,2,1,2,1,2,0,0,0,0,0,68,1
"0224",1,1,1,1,2,2,1,4,2,0,1,2,20,1
"0224",1,1,1,2,2,2,2,4,2,0,0,0,35,2
"0224",1,1,1,2,2,2,2,3,3,200,0,0,69,2
"0224",1,2,2,2,2,2,1,0,0,0,2,4,43,1
"0224",1,1,1,2,2,2,1,4,2,0,5,3,51,2
"0224",1,1,1,1,2,2,1,4,2,0,5,3,21,1
"0224",1,1,2,1,1,2,2,0,0,0,0,0,67,2
"0224",1,1,1,1,2,2,1,5,3,230,1,2,47,2
"0224",1,1,1,2,2,2,1,4,2,0,3,4,21,2
"0224",1,1,1,1,1,2,2,4,3,220,0,0,58,2
"0224",1,1,2,1,2,1,1,0,0,0,5,4,19,1
"0224",1,1,1,2,2,2,2,4,3,40,0,0,58,2
"0224",1,1,2,2,2,2,1,0,0,0,5,3,49,2
"0224",1,1,2,2,1,2,2,0,0,0,0,0,56,1
"0224",1,1,2,1,2,2,1,0,0,0,2,1,31,1
"0224",1,1,1,2,2,2,2,5,2,0,0,0,32,1
"0224",2,0,0,0,0,0,0,0,0,0,0,0,44,2
"0224",1,1,1,2,2,2,2,4,1,0,0,0,26,1
"0224",1,1,1,2,2,2,2,4,3,500,0,0,44,1
"0224",1,1,2,1,2,2,1,0,0,0,2,3,44,2
"0224",1,2,2,1,2,2,2,0,0,0,0,0,69,1
"0224",1,1,1,2,2,1,1,4,3,700,1,3,33,2
"0224",1,2,1,2,2,2,1,4,3,150,5,4,32,2
"0224",1,1,1,2,2,2,1,3,2,0,2,3,29,2
"0224",1,1,1,2,2,2,2,4,3,1800,0,0,50,2
"0224",1,1,1,2,2,2,1,4,3,700,2,4,20,1
"0224",1,1,2,1,2,2,1,0,0,0,5,3,31,2
"0224",1,2,2,1,1,2,1,0,0,0,5,3,24,1
"0224",1,1,2,1,1,2,2,0,0,0,0,0,65,1
"0224",1,2,1,2,2,1,1,4,3,100,2,3,41,2
"0224",1,1,2,1,1,2,2,0,0,0,0,0,42,1
"0224",1,2,2,1,2,2,1,0,0,0,5,4,50,2
"0224",1,1,1,2,2,2,1,4,3,5000,1,3,23,1
"0224",1,1,2,1,1,1,2,0,0,0,0,0,41,1
"0224",1,1,2,2,2,2,1,0,0,0,5,4,58,2
"0224",1,1,1,2,2,2,1,3,1,0,5,3,34,1
"0224",1,2,2,1,1,2,2,0,0,0,0,0,29,1
"0224",1,1,1,2,2,2,1,4,2,0,5,3,20,2
"0224",1,2,2,2,2,2,1,0,0,0,3,1,51,1
"0224",1,1,1,1,2,1,1,3,1,0,3,3,41,1
"0224",1,1,2,2,2,2,1,0,0,0,2,4,19,2
"0224",1,1,1,2,1,2,1,2,3,2000,2,3,48,2
"0224",1,1,1,2,2,2,2,4,3,800,0,0,26,2
"0224",1,1,1,2,2,2,2,3,3,600,0,0,35,1
"0224",1,1,1,2,2,2,2,4,2,0,0,0,79,1
"0224",1,1,2,2,1,2,2,0,0,0,0,0,74,1
"0224",1,2,2,2,1,2,2,0,0,0,0,0,57,2
"0224",1,1,2,2,2,2,1,0,0,0,1,4,71,1
"0224",1,1,2,2,1,2,1,0,0,0,5,4,31,1
"0224",2,0,0,0,0,0,0,0,0,0,0,0,42,1
"0224",1,2,2,2,2,2,1,0,0,0,1,3,63,2
"0224",1,1,1,2,2,2,1,6,1,0,1,6,28,2
"0224",1,2,2,2,1,2,1,0,0,0,2,3,31,1
"0224",1,1,2,2,2,2,2,0,0,0,0,0,48,1
"0224",1,1,1,1,2,1,1,3,3,150,2,3,21,1
"0224",1,1,1,1,2,2,2,4,2,0,0,0,84,2
"0224",1,1,1,2,2,2,1,3,3,450,2,3,25,2
"0224",1,1,2,1,2,2,1,0,0,0,2,1,32,2
"0224",1,1,1,2,2,2,1,4,2,0,5,1,48,2
"0224",1,2,2,1,2,2,1,0,0,0,3,2,29,2
"0224",1,2,2,2,2,2,1,0,0,0,1,4,42,1
"0224",1,1,1,1,1,1,1,1,2,0,1,3,68,1
"0224",1,2,2,1,2,2,1,0,0,0,1,1,37,2
"0224",1,1,1,1,2,1,1,2,3,500,2,3,24,2
"0224",1,1,1,2,1,2,1,3,2,0,5,4,39,2
"0224",1,1,1,2,2,1,2,4,1,0,0,0,24,2
"0224",1,1,2,2,2,2,1,0,0,0,2,3,38,1
"0224",1,2,2,2,2,1,2,0,0,0,0,0,29,1
"0224",1,1,1,2,2,2,2,5,3,500,0,0,52,2
"0224",1,1,1,2,1,2,2,4,2,0,0,0,39,1
"0224",1,2,2,2,2,2,1,0,0,0,2,1,45,1
"0224",1,1,1,1,1,2,1,1,3,7500,1,2,45,1
"0224",1,1,2,2,1,2,1,0,0,0,2,3,66,2
"0224",1,1,1,2,2,2,1,1,1,0,1,1,25,2
"0224",1,1,2,1,2,1,1,0,0,0,2,4,23,1
"0224",1,1,1,2,2,2,1,3,2,0,5,2,43,2
"0224",1,1,2,2,2,2,1,0,0,0,2,4,48,2
"0224",1,1,2,1,2,2,1,0,0,0,2,1,44,2
"0224",1,2,2,1,2,2,1,0,0,0,3,3,26,2
"0224",1,1,1,1,2,2,1,4,2,0,2,4,30,1
"0224",1,2,1,2,2,2,2,5,2,0,0,0,73,2
"0224",1,1,1,2,2,2,1,4,2,0,1,4,39,1
"0224",1,1,1,1,2,2,1,2,2,0,1,3,22,2
"0224",1,1,1,2,2,2,1,3,1,0,2,3,49,2
"0224",1,1,2,2,2,2,1,0,0,0,1,3,40,2
"0224",1,2,1,2,2,2,2,2,2,0,0,0,19,1
"0224",1,2,2,2,2,2,1,0,0,0,5,4,27,2
"0224",1,1,1,1,2,2,1,4,2,0,5,3,31,1
"0224",1,1,2,2,1,2,1,0,0,0,1,4,42,1
"0224",1,1,2,1,2,2,1,0,0,0,2,4,36,2
"0224",1,1,2,2,2,2,2,0,0,0,0,0,52,1
"0224",1,1,1,2,2,2,2,4,2,0,0,0,39,2
"0224",1,2,2,1,2,2,2,0,0,0,0,0,22,1
"0224",1,1,1,2,2,2,1,4,2,0,5,3,29,2
"0224",1,1,1,2,2,2,2,3,2,0,0,0,83,1
"0224",1,1,1,2,2,2,2,5,2,0,0,0,52,2
"0224",1,1,1,1,1,2,1,4,2,0,2,2,32,1
"0224",1,1,2,1,2,2,2,0,0,0,0,0,35,2
"0224",1,1,1,1,2,2,1,4,2,0,2,3,50,1
"0224",1,1,1,1,2,2,1,4,2,0,2,4,51,2
"0224",1,2,2,2,2,2,1,0,0,0,2,3,56,1
"0224",1,1,1,2,2,2,1,3,2,0,1,3,53,2
"0224",1,1,1,1,1,2,1,4,3,500,1,4,46,1
"0224",1,1,1,2,2,2,2,5,3,300,0,0,51,2
"0224",1,1,1,2,2,1,2,2,3,600,0,0,18,1
"0224",1,2,2,2,2,2,1,0,0,0,2,4,25,2
"0224",1,1,1,2,2,2,2,5,2,0,0,0,55,1
"0224",1,2,1,2,2,2,2,3,2,0,0,0,55,2
"0224",1,1,1,1,2,2,1,2,2,0,1,3,21,2
"0224",1,1,1,2,2,2,2,5,1,0,0,0,49,2
"0224",1,2,1,2,2,2,1,2,2,0,5,4,21,1
"0224",1,1,2,2,2,2,1,0,0,0,1,1,37,1
"0224",1,1,1,1,2,2,1,3,3,2000,2,3,39,1
"0224",1,1,1,2,2,2,1,3,3,3000,2,3,27,2
"0224",1,1,2,2,2,2,1,0,0,0,1,4,70,2
"0224",1,1,2,2,2,2,1,0,0,0,2,3,60,1
"0224",1,1,1,2,2,2,2,5,3,430,0,0,50,2
"0224",1,1,2,2,2,2,1,0,0,0,1,4,24,1
"0224",1,1,1,2,2,2,1,2,2,0,1,2,26,2
"0224",1,1,1,2,2,2,1,3,2,0,5,4,35,1
"0224",1,1,1,2,2,2,2,3,2,0,0,0,55,2
"0224",1,1,2,2,1,2,1,0,0,0,1,3,35,2
"0224",1,1,1,1,1,2,1,4,1,0,2,4,40,2
"0224",1,1,1,2,2,1,2,2,1,0,0,0,53,1
"0224",1,1,1,2,2,2,2,3,2,0,0,0,51,1
"0224",1,1,1,1,2,2,2,2,2,0,0,0,27,1
"0224",1,1,1,2,2,2,1,1,2,0,2,1,51,2
"0224",1,2,1,2,2,2,2,2,2,0,0,0,20,1
"0224",1,1,2,2,2,2,1,0,0,0,1,6,64,2
"0224",1,1,1,2,2,2,2,4,3,900,0,0,64,2
"0224",1,1,1,1,2,2,1,4,2,0,2,3,60,2
"0224",1,1,1,2,2,2,1,3,3,999999,5,3,44,1
"0224",1,1,1,2,2,2,1,3,3,999999,2,3,60,2
"0224",1,1,1,2,2,2,2,4,3,150,0,0,34,1
"0224",1,2,2,2,2,2,2,0,0,0,0,0,82,2
"0224",1,1,2,2,2,2,2,0,0,0,0,0,53,2
"0224",1,1,1,2,2,2,1,2,2,0,2,3,21,2
"0224",1,1,2,2,1,2,2,0,0,0,0,0,29,1
"0224",1,1,2,1,1,2,2,0,0,0,0,0,54,2
"0224",1,1,1,1,2,2,1,4,3,1600,2,3,32,1
"0224",1,1,1,1,2,2,2,4,2,0,0,0,53,2
"0224",1,1,1,1,1,2,1,4,3,400,1,3,37,1
"0224",1,1,1,1,2,1,1,4,3,150,2,4,30,2
"0224",1,2,2,2,2,2,1,0,0,0,2,3,35,2
"0224",1,2,1,2,2,2,1,1,2,0,2,3,36,2
"0224",1,1,1,2,2,2,1,4,3,450,2,3,23,1
"0224",1,1,1,1,1,2,1,4,1,0,2,3,34,1
"0224",1,2,1,2,2,2,1,1,2,0,2,3,44,2
"0224",1,1,1,2,1,2,2,4,2,0,0,0,82,1
"0224",1,1,2,1,1,2,2,0,0,0,0,0,30,2
"0224",1,1,1,2,1,2,1,3,2,0,2,3,36,2
"0224",1,1,1,1,2,2,2,4,2,0,0,0,77,1
"0224",1,2,1,2,2,2,1,4,3,400,2,4,28,1
"0224",1,1,1,2,2,2,1,3,3,400,2,3,49,1
"0224",1,2,2,1,2,2,2,0,0,0,0,0,40,2
"0224",1,2,2,1,2,2,2,0,0,0,0,0,39,2
"0224",1,2,2,1,2,2,2,0,0,0,0,0,20,1
"0224",1,1,1,2,1,2,1,4,2,0,2,4,60,1
"0224",1,2,1,1,2,2,2,5,2,0,0,0,68,1
"0224",1,2,2,2,2,2,1,0,0,0,2,4,18,1
"0224",1,2,2,1,1,2,2,0,0,0,0,0,25,1
"0224",1,2,1,2,2,2,2,5,2,0,0,0,58,2
"0224",1,1,2,1,1,2,2,0,0,0,0,0,28,2
"0224",1,1,1,1,2,2,1,3,2,0,1,4,30,2
"0224",1,1,2,2,1,2,2,0,0,0,0,0,71,2
"0224",1,1,1,1,2,2,1,3,2,0,2,3,30,2
"0224",1,1,1,2,1,2,2,2,2,0,0,0,18,2
"0224",1,1,1,1,2,2,1,3,2,0,2,3,32,2
"0224",1,1,1,2,1,2,2,3,2,0,0,0,36,1
"0224",1,1,2,1,1,2,2,0,0,0,0,0,25,1
"0224",1,1,1,1,2,2,1,4,2,0,2,4,34,2
"0224",1,2,2,2,2,2,1,0,0,0,5,4,60,2
"0224",1,1,1,2,1,2,1,4,2,0,5,3,30,2
"0224",1,1,1,2,2,2,1,4,3,400,1,1,46,2
"0224",1,1,2,2,2,2,2,0,0,0,0,0,35,1
"0224",1,2,1,1,2,2,2,4,2,0,0,0,71,2
"0224",1,2,2,1,1,1,1,0,0,0,5,3,22,2
"0224",1,1,1,2,2,2,2,2,2,0,0,0,46,2
"0224",1,2,2,2,2,2,1,0,0,0,2,3,34,2
"0224",1,1,2,1,2,2,2,0,0,0,0,0,59,1
"0224",1,1,1,1,1,2,2,4,2,0,0,0,69,1
"0224",1,1,1,2,2,2,1,4,3,700,2,2,26,1
"0224",1,1,1,2,2,2,1,3,3,750,2,4,31,1
"0224",1,1,1,2,2,2,2,4,2,0,0,0,27,1
"0224",1,1,2,1,1,1,1,0,0,0,2,3,33,1
"0224",1,1,1,2,2,2,1,4,3,300,2,3,30,2
"0224",1,1,2,2,1,2,2,0,0,0,0,0,70,2
"0224",1,2,2,2,1,2,2,0,0,0,0,0,24,2
"0224",1,1,1,2,2,2,2,4,3,150,0,0,61,1
"0224",1,1,1,2,2,2,1,3,3,200,2,4,24,1
"0224",1,1,1,1,2,2,1,2,1,0,2,2,21,1
"0224",1,1,1,1,1,2,1,3,2,0,2,3,44,2
"0224",1,1,1,2,2,2,1,3,2,0,1,4,31,2
"0224",1,1,1,2,2,2,1,4,2,0,2,3,22,2
"0224",1,2,2,2,2,2,2,0,0,0,0,0,46,1
"0224",1,1,1,2,2,2,2,3,2,0,0,0,32,2
"0224",1,1,1,1,1,2,1,1,2,0,2,3,35,1
"0224",1,1,1,2,2,2,1,3,3,200,2,1,25,2
"0224",1,1,1,1,2,2,1,1,2,0,1,1,45,1
"0224",1,1,1,1,1,2,1,3,3,200,1,4,24,2
"0224",1,1,1,2,2,2,2,3,2,0,0,0,61,2
"0224",1,1,1,2,2,2,2,5,2,0,0,0,51,1
"0224",1,2,1,2,2,2,2,4,2,0,0,0,45,2
"0224",1,1,1,2,2,2,1,3,2,0,1,3,21,2
"0224",1,1,1,2,2,2,2,4,2,0,0,0,45,2
"0224",1,2,1,2,2,1,1,1,2,0,1,1,21,2
"0224",1,1,2,1,1,2,1,0,0,0,1,1,40,1
"0224",1,2,2,2,2,2,1,0,0,0,1,4,39,2
"0224",1,1,2,2,1,2,1,0,0,0,2,1,45,1
"0224",1,1,1,1,2,2,1,4,1,0,2,2,21,2
"0224",1,1,1,2,2,2,2,2,1,0,0,0,20,2
"0224",1,2,2,2,2,2,1,0,0,0,2,3,71,1
"0224",1,2,2,2,2,2,1,0,0,0,2,4,57,2
"0224",1,2,2,1,2,2,1,0,0,0,1,4,45,2
"0224",1,1,1,2,2,2,1,4,3,250,2,4,26,2
"0224",1,1,1,1,1,1,1,3,1,0,1,1,44,1
"0224",1,1,2,1,1,2,2,0,0,0,0,0,47,1
"0224",1,1,2,1,2,2,1,0,0,0,1,1,59,2
"0224",1,1,1,1,2,2,1,4,2,0,2,4,65,2
"0224",1,1,1,1,1,2,2,4,2,0,0,0,61,2
"0224",1,1,1,1,2,2,2,5,2,0,0,0,63,2
"0224",1,1,1,2,2,1,1,4,3,500,1,4,67,2
"0224",1,2,2,2,1,2,1,0,0,0,2,4,50,1
"0224",2,0,0,0,0,0,0,0,0,0,0,0,25,1
"0224",1,2,2,2,1,2,2,0,0,0,0,0,51,2
"0224",1,1,1,2,2,1,2,1,1,0,0,0,21,1
"0224",1,1,1,2,2,2,1,4,2,0,2,3,62,2
"0224",1,1,1,2,1,2,1,4,3,1300,2,1,31,2
"0224",1,1,1,2,1,2,2,4,2,0,0,0,82,2
"0224",1,1,1,2,2,2,2,3,2,0,0,0,53,2
"0224",1,1,2,2,2,2,1,0,0,0,3,3,28,2
"0224",1,1,2,2,1,2,2,0,0,0,0,0,67,2
"0224",1,1,1,2,2,2,1,1,3,500,2,1,76,1
"0224",1,1,1,2,2,2,1,1,1,0,2,1,32,2
"0224",1,1,2,2,2,2,1,0,0,0,2,3,46,2
"0224",1,1,2,2,2,2,1,0,0,0,3,4,28,1
"0224",1,1,1,2,1,1,1,4,1,0,1,4,25,1
"0224",1,1,1,2,2,2,2,4,2,0,0,0,33,2
"0224",1,1,1,2,1,2,1,4,3,120,1,3,60,2
"0224",1,2,2,2,1,2,1,0,0,0,2,3,29,1
"0224",1,1,1,2,2,2,2,6,2,0,0,0,47,2
"0224",1,1,2,1,1,2,1,0,0,0,2,6,42,2
"0224",1,1,2,2,1,2,2,0,0,0,0,0,77,2
"0224",1,2,1,2,2,2,2,4,3,200,0,0,19,2
"0224",1,1,1,2,2,1,1,4,3,1400,2,4,30,2
"0224",1,1,2,1,2,2,1,0,0,0,2,3,46,1
"0224",1,2,2,2,1,2,2,0,0,0,0,0,66,2
"0224",1,2,2,2,2,2,1,0,0,0,2,1,54,1
"0224",1,1,1,1,1,2,1,1,1,0,3,1,30,2
"0224",1,1,1,1,2,2,1,1,1,0,1,1,56,2
"0224",1,1,1,2,1,2,1,3,1,0,2,3,56,1
"0224",1,1,1,1,2,2,2,3,2,0,0,0,71,2
"0224",1,1,2,2,1,2,1,0,0,0,1,3,63,1
"0224",1,1,2,2,1,2,1,0,0,0,2,3,44,1
"0224",1,1,2,2,2,2,1,0,0,0,1,4,47,2
"0224",1,1,1,1,1,2,1,2,2,0,2,2,19,1
"0224",1,1,1,2,1,2,1,4,1,0,5,3,43,2
"0224",1,1,1,2,2,2,1,3,3,400,2,3,32,2
"0224",1,1,1,1,1,2,1,4,3,2200,1,3,45,1
"0224",1,1,1,2,1,2,2,3,2,0,0,0,68,1
"0224",1,1,1,1,2,1,1,4,1,0,2,4,26,2
"0224",1,1,1,2,1,2,1,3,3,1000,5,3,46,1
"0224",1,1,1,2,1,2,2,5,3,400,0,0,61,1
"0224",1,1,1,2,2,2,2,3,3,150,0,0,34,1
"0224",1,2,1,2,2,2,2,5,3,500,0,0,61,2
"0224",1,1,1,2,2,2,1,5,3,50,1,2,27,2
"0224",1,1,1,2,2,2,1,3,3,500,1,3,39,1
"0224",1,1,1,2,2,2,2,1,3,150,0,0,69,1
"0224",1,1,1,2,2,2,2,5,2,0,0,0,57,2
"0224",1,1,1,2,2,2,2,5,3,500,0,0,47,2
"0224",1,1,1,1,2,2,1,1,1,0,5,3,40,2
"0224",1,1,1,2,2,2,1,2,1,0,5,3,49,2
"0224",1,1,1,2,2,2,1,2,1,0,5,2,20,1
"0224",1,1,1,2,2,1,2,5,1,0,0,0,65,2
"0224",1,1,1,1,2,2,1,2,1,0,5,2,22,2
"0224",1,1,1,2,2,1,1,1,1,0,2,1,41,2
"0224",1,1,1,1,2,1,1,3,3,200,4,1,42,1
"0224",1,1,1,2,1,2,2,4,3,400,0,0,83,1
"0224",1,1,1,2,2,2,2,5,3,150,0,0,54,2
"0224",1,1,1,2,2,2,1,4,1,0,1,3,32,2
"0224",1,1,1,2,2,2,2,5,1,0,0,0,58,2
"0224",1,1,1,2,2,2,2,5,2,0,0,0,73,2
"0224",1,1,1,2,2,1,1,4,1,0,3,4,25,2
"0224",1,1,1,2,2,1,2,4,2,0,0,0,48,2
"0224",1,1,1,2,1,2,1,1,1,0,2,1,37,1
"0224",1,1,1,2,2,1,2,5,2,0,0,0,44,2
"0224",1,2,2,2,2,2,1,0,0,0,5,3,46,1
"0224",1,1,1,2,2,2,2,3,1,0,0,0,36,2
"0224",1,1,2,2,2,2,1,0,0,0,1,3,39,2
"0224",1,1,1,2,2,2,2,4,2,0,0,0,77,1
"0224",1,1,1,2,2,2,2,2,2,0,0,0,30,1
"0224",1,2,2,2,2,2,1,0,0,0,5,3,49,2
"0224",1,1,1,2,2,2,1,4,2,0,5,4,35,2
"0224",1,1,2,1,2,2,1,0,0,0,5,1,44,1
"0224",1,1,1,2,2,2,2,6,2,0,0,0,35,2
"0224",1,2,1,1,2,1,1,4,1,0,1,3,21,1
"0224",1,2,2,2,2,2,1,0,0,0,5,3,36,2
"0224",1,2,2,2,2,2,1,0,0,0,1,3,21,2
"0224",1,2,2,2,2,2,1,0,0,0,2,3,24,1
"0224",1,1,1,2,2,2,1,6,2,0,2,3,20,1
"0224",1,2,2,2,2,2,1,0,0,0,3,1,44,1
"0224",1,1,2,2,2,2,1,0,0,0,2,4,38,2
"0224",1,1,1,1,2,2,1,3,3,1700,5,3,47,2
"0224",1,1,2,2,2,2,1,0,0,0,2,3,53,2
"0224",1,2,2,2,2,2,1,0,0,0,1,2,21,2
"0224",1,2,2,2,2,2,1,0,0,0,5,4,40,2
"0224",1,1,1,1,2,2,1,5,2,0,5,3,55,2
"0224",2,0,0,0,0,0,0,0,0,0,0,0,87,1
"0224",1,1,1,2,2,2,1,2,3,3000,2,2,40,2
"0224",1,1,2,2,2,2,1,0,0,0,5,3,60,2
"0224",1,2,2,2,1,2,1,0,0,0,1,3,62,1
"0224",1,2,2,2,2,2,1,0,0,0,2,4,34,1
"0224",1,1,1,2,2,1,2,5,2,0,0,0,33,2
"0224",1,1,1,2,2,2,1,4,3,1000,2,2,33,2
"0224",1,1,2,2,2,2,2,0,0,0,0,0,71,1
"0224",1,1,1,2,1,2,1,2,3,3000,2,2,19,1
"0224",1,1,1,2,2,2,1,4,1,0,1,4,40,2
"0224",1,2,2,2,1,2,2,0,0,0,0,0,56,2
"0224",1,1,2,2,2,1,1,0,0,0,1,1,23,2
"0224",1,1,2,2,2,2,2,0,0,0,0,0,57,2
"0224",1,1,1,2,1,2,2,4,2,0,0,0,67,2
"0224",1,1,1,2,2,1,1,2,1,0,5,3,18,1
"0224",1,1,1,2,2,2,1,2,2,0,2,2,19,1
"0224",1,2,2,2,2,2,1,0,0,0,1,4,69,1
"0224",1,2,2,1,2,2,1,0,0,0,2,4,30,2
"0224",1,1,1,2,2,2,2,4,3,500,0,0,54,2
"0224",1,1,1,2,2,2,2,1,3,200,0,0,45,1
"0224",1,1,2,1,2,2,1,0,0,0,1,4,28,2
"0224",1,2,2,2,2,2,1,0,0,0,2,4,44,2
"0224",1,1,2,2,2,2,1,0,0,0,1,4,55,1
"0224",1,1,1,2,2,2,1,1,1,0,2,3,24,2
"0224",1,1,2,2,2,2,1,0,0,0,2,4,20,2
"0224",1,1,2,2,2,2,1,0,0,0,1,2,42,2
"0224",1,1,2,2,2,1,2,0,0,0,0,0,21,2
"0224",1,1,1,1,1,2,1,1,1,0,1,1,55,1
"0224",1,1,1,2,1,2,2,3,3,280,0,0,51,1
"0224",1,1,2,2,2,2,1,0,0,0,2,3,44,1
"0224",1,2,2,2,2,2,1,0,0,0,1,3,21,1
"0224",1,1,2,2,2,2,2,0,0,0,0,0,68,1
"0224",1,2,2,1,2,2,2,0,0,0,0,0,29,2
"0224",1,1,1,1,2,2,2,4,3,999999,0,0,37,1
"0224",1,1,2,2,1,2,2,0,0,0,0,0,62,2
"0224",1,1,2,1,1,2,2,0,0,0,0,0,60,1
"0224",1,1,1,2,2,2,1,4,3,1100,1,4,37,1
"0224",1,1,2,2,1,2,2,0,0,0,0,0,33,1
"0224",1,1,1,2,2,2,2,4,3,300,0,0,60,2
"0224",1,1,1,2,1,2,2,3,2,0,0,0,63,2
"0224",1,1,1,2,1,2,2,4,2,0,0,0,51,2
"0224",1,1,1,2,2,2,1,1,3,1500,1,1,23,1
"0224",1,2,2,2,1,2,2,0,0,0,0,0,50,2
"0224",1,1,1,2,2,2,1,4,2,0,2,4,38,2
"0224",1,1,1,2,2,2,2,4,1,0,0,0,48,2
"0224",1,1,2,1,2,2,2,0,0,0,0,0,51,2
"0224",1,1,2,2,1,2,2,0,0,0,0,0,80,1
"0224",1,1,1,2,2,2,1,4,2,0,2,4,48,2
"0224",1,1,1,2,2,2,2,3,3,1000,0,0,44,2
"0224",1,1,2,1,1,2,2,0,0,0,0,0,77,2
"0224",1,1,1,2,2,2,1,2,2,0,2,2,18,2
"0224",1,1,2,2,1,2,2,0,0,0,0,0,57,2
"0224",1,1,1,2,2,2,2,3,2,0,0,0,41,1
"0224",1,1,1,2,2,2,2,5,2,0,0,0,61,2
"0224",1,1,1,2,2,2,2,4,2,0,0,0,24,2
"0224",1,1,1,2,2,2,1,2,3,1000,1,2,22,2
"0224",1,1,1,2,2,2,2,3,2,0,0,0,52,1
"0224",1,1,2,1,2,2,1,0,0,0,1,4,45,2
"0224",2,0,0,0,0,0,0,0,0,0,0,0,88,2
"0224",1,1,2,2,1,2,2,0,0,0,0,0,28,2
"0224",1,1,1,2,2,2,2,4,2,0,0,0,69,2
"0224",1,1,1,2,2,2,2,3,2,0,0,0,42,1
"0224",1,1,2,2,1,2,2,0,0,0,0,0,60,1
"0224",1,1,1,2,2,2,2,4,3,1500,0,0,27,2
"0224",1,1,2,2,1,2,2,0,0,0,0,0,31,2
"0224",1,2,2,1,2,1,1,0,0,0,5,4,23,2
"0224",1,1,1,1,2,2,1,2,1,0,5,3,35,1
"0224",1,1,1,2,2,2,2,1,3,600,0,0,44,2
"0224",1,1,1,2,2,2,1,4,1,0,1,4,31,2
"0224",1,1,1,2,2,2,1,4,2,0,2,3,28,2
"0224",1,2,1,1,2,2,1,6,3,40,5,4,24,2
"0224",1,1,1,2,1,2,1,4,2,0,5,3,40,1
"0224",1,1,1,2,1,2,1,4,1,0,5,4,61,2
"0224",1,1,1,2,2,2,2,5,2,0,0,0,66,2
"0224",1,1,2,1,2,2,2,0,0,0,0,0,63,1
"0224",1,1,2,2,1,2,1,0,0,0,1,4,67,2
"0224",1,2,2,2,1,2,2,0,0,0,0,0,35,1
"0224",1,2,2,2,1,2,2,0,0,0,0,0,50,1
"0224",1,1,1,2,2,2,1,5,2,0,5,4,72,2
"0224",1,1,2,2,2,2,1,0,0,0,1,3,64,1
"0224",1,1,1,2,1,2,1,5,2,0,1,3,58,2
"0224",1,2,2,1,2,1,1,0,0,0,5,4,64,2
"0224",1,2,1,2,1,2,1,3,1,0,1,4,42,1
"0224",1,2,2,1,2,2,1,0,0,0,5,2,22,1
"0224",1,1,2,2,1,2,1,0,0,0,5,3,70,1
"0224",1,2,2,1,2,1,1,0,0,0,5,4,29,1
"0224",1,2,2,2,2,2,1,0,0,0,1,3,38,1
"0224",1,2,1,2,1,1,1,1,1,0,1,4,19,2
"0224",1,2,2,2,2,2,1,0,0,0,2,2,19,2
"0224",1,1,1,2,2,2,1,2,2,0,1,6,67,1
"0224",1,1,1,2,2,2,1,4,3,400,2,3,31,1
"0224",1,1,1,2,2,2,1,4,3,600,1,4,40,2
"0224",1,1,2,2,2,2,1,0,0,0,1,3,64,2
"0224",1,1,1,2,2,2,2,5,3,5000,0,0,78,2
"0224",1,1,1,1,2,2,1,4,3,3000,2,3,33,2
"0224",1,2,2,1,2,2,2,0,0,0,0,0,31,2
"0224",1,1,1,1,2,1,2,3,2,0,0,0,47,1
"0224",1,2,2,2,2,2,1,0,0,0,1,4,19,2
"0224",1,1,1,2,2,2,2,6,3,90,0,0,48,2
"0224",1,1,2,2,2,2,2,0,0,0,0,0,74,1
"0224",1,1,1,1,2,2,1,4,2,0,5,2,21,1
"0224",1,1,1,2,2,2,2,4,2,0,0,0,33,1
"0224",1,1,1,2,2,2,1,4,3,3000,4,2,23,2
"0224",1,1,1,2,2,2,1,3,3,600,2,3,44,2
"0224",1,1,2,2,2,2,1,0,0,0,5,3,47,2
"0224",1,2,1,1,2,1,1,6,1,0,3,6,25,2
"0224",1,2,2,2,1,2,1,0,0,0,5,4,41,1
"0224",1,1,2,2,2,2,2,0,0,0,0,0,63,2
"0224",1,1,2,1,2,2,1,0,0,0,2,4,53,1
"0224",1,1,1,2,1,1,2,4,3,150,0,0,37,1
"0224",1,1,1,2,2,2,2,4,3,250,0,0,76,2
"0224",1,1,1,2,2,2,1,6,3,350,1,4,61,1
"0224",1,1,1,2,2,2,1,3,2,0,2,4,59,2
"0224",1,1,1,2,2,2,1,2,3,400,1,1,36,2
"0224",1,1,1,2,2,2,1,3,1,0,5,4,21,2
